dayN,hourN,gtilt_Wm2,eta_th,pvt_dc_kWh,pvt_ac_kWh,pv_only_dc_kWh,pv_only_ac_kWh,th_kWh,totalFlow_kg_hr,Tin_C,Tout_C,pv_panel_C,pvt_panel_C,pv_factor,pvt_factor,ac_delivery_factor,daytime_temp_sample
1,12,874.77,0.25,3.42,2.82,3.13,2.58,4.46,1440.00,22.72,25.38,51.70,30.53,0.8932,0.9779,0.8256,1
1,13,901.04,0.25,3.52,2.91,3.21,2.65,4.57,1440.00,22.72,25.45,52.47,30.78,0.8901,0.9769,0.8256,1
1,14,852.19,0.25,3.34,2.75,3.06,2.52,4.32,1440.00,22.72,25.30,50.88,30.35,0.8965,0.9786,0.8256,1
1,15,790.89,0.25,3.10,2.56,2.86,2.36,4.02,1440.00,22.72,25.12,48.91,29.81,0.9044,0.9808,0.8256,1
1,16,565.00,0.26,2.23,1.85,2.11,1.74,2.95,1440.00,22.72,24.48,41.80,27.79,0.9328,0.9888,0.8256,1
1,17,466.56,0.27,1.85,1.53,1.76,1.46,2.47,1440.00,22.72,24.20,38.66,26.91,0.9454,0.9924,0.8256,1
1,18,315.54,0.28,1.26,1.04,1.22,1.01,1.75,1440.00,22.72,23.77,33.88,25.56,0.9645,0.9978,0.8256,0
1,19,131.34,0.33,0.53,0.44,0.52,0.43,0.88,1440.00,22.72,23.25,28.07,23.90,0.9877,1.0044,0.8256,0
1,20,28.23,0.30,0.11,0.09,0.11,0.09,0.17,1440.00,22.72,22.82,23.74,22.95,1.0050,1.0082,0.8256,0
1,21,0.09,1.00,0.00,0.00,0.00,0.00,0.00,1440.00,22.72,22.72,22.93,22.92,1.0083,1.0083,0.8256,0
1,22,0.00,0.00,0.00,0.00,0.00,0.00,0.00,,22.72,,22.07,22.07,1.0117,1.0117,0.8256,0
1,23,0.00,0.00,0.00,0.00,0.00,0.00,0.00,,22.72,,21.90,21.90,1.0124,1.0124,0.8256,0
1,24,0.00,0.00,0.00,0.00,0.00,0.00,0.00,,22.72,,21.59,21.59,1.0136,1.0136,0.8256,0
2,1,0.00,0.00,0.00,0.00,0.00,0.00,0.00,,22.74,,21.55,21.55,1.0138,1.0138,0.8256,0
2,2,0.00,0.00,0.00,0.00,0.00,0.00,0.00,,22.74,,21.40,21.40,1.0144,1.0144,0.8256,0
2,3,0.00,0.00,0.00,0.00,0.00,0.00,0.00,,22.74,,21.04,21.04,1.0158,1.0158,0.8256,0
2,4,0.00,0.00,0.00,0.00,0.00,0.00,0.00,,22.74,,20.96,20.96,1.0162,1.0162,0.8256,0
2,5,0.00,0.00,0.00,0.00,0.00,0.00,0.00,,22.74,,20.79,20.79,1.0168,1.0168,0.8256,0
2,6,0.00,0.00,0.00,0.00,0.00,0.00,0.00,,22.74,,20.58,20.58,1.0177,1.0177,0.8256,0
2,7,31.56,0.00,0.13,0.11,0.13,0.11,0.00,,22.74,,21.55,21.55,1.0138,1.0138,0.8256,0
2,8,74.25,0.00,0.30,0.25,0.30,0.25,0.00,1440.00,22.74,22.74,23.28,23.27,1.0069,1.0069,0.8256,0
2,9,285.72,0.19,1.14,0.94,1.12,0.92,1.11,1440.00,22.74,23.40,29.95,24.70,0.9802,1.0012,0.8256,0
2,10,446.31,0.25,1.78,1.47,1.71,1.41,2.20,1440.00,22.74,24.06,36.21,25.75,0.9552,0.9970,0.8256,0
2,11,629.23,0.26,2.50,2.06,2.34,1.93,3.27,1440.00,22.74,24.69,42.23,26.71,0.9311,0.9931,0.8256,1
2,12,754.61,0.26,2.98,2.46,2.76,2.28,3.97,1440.00,22.74,25.11,46.71,27.87,0.9132,0.9885,0.8256,1
2,13,834.82,0.26,3.28,2.71,3.01,2.48,4.33,1440.00,22.74,25.33,49.84,29.26,0.9006,0.9830,0.8256,1
2,14,931.67,0.25,3.64,3.00,3.31,2.73,4.67,1440.00,22.74,25.53,53.06,30.90,0.8877,0.9764,0.8256,1
2,15,856.90,0.25,3.35,2.77,3.07,2.54,4.28,1440.00,22.74,25.30,50.88,30.57,0.8965,0.9777,0.8256,1
2,16,755.98,0.25,2.97,2.45,2.75,2.27,3.83,1440.00,22.74,25.03,47.78,29.60,0.9089,0.9816,0.8256,1
2,17,460.61,0.26,1.83,1.51,1.74,1.44,2.38,1440.00,22.74,24.16,38.28,27.00,0.9469,0.9920,0.8256,1
2,18,327.64,0.24,1.31,1.08,1.27,1.05,1.60,1440.00,22.74,23.70,33.42,25.80,0.9663,0.9968,0.8256,0
2,19,146.67,0.25,0.59,0.49,0.58,0.48,0.72,1440.00,22.74,23.17,27.51,24.10,0.9899,1.0036,0.8256,0
2,20,31.72,0.21,0.13,0.11,0.13,0.11,0.13,1440.00,22.74,22.82,23.66,23.03,1.0054,1.0079,0.8256,0
2,21,0.24,1.00,0.00,0.00,0.00,0.00,0.00,1440.00,22.74,22.74,22.84,22.81,1.0087,1.0087,0.8256,0
2,22,0.00,0.00,0.00,0.00,0.00,0.00,0.00,,22.74,,22.31,22.31,1.0108,1.0108,0.8256,0
2,23,0.00,0.00,0.00,0.00,0.00,0.00,0.00,,22.74,,22.12,22.12,1.0115,1.0115,0.8256,0
2,24,0.00,0.00,0.00,0.00,0.00,0.00,0.00,,22.74,,21.78,21.78,1.0129,1.0129,0.8256,0
3,1,0.00,0.00,0.00,0.00,0.00,0.00,0.00,,22.76,,21.87,21.87,1.0125,1.0125,0.8256,0
3,2,0.00,0.00,0.00,0.00,0.00,0.00,0.00,,22.76,,21.69,21.69,1.0132,1.0132,0.8256,0
3,3,0.00,0.00,0.00,0.00,0.00,0.00,0.00,,22.76,,20.98,20.98,1.0161,1.0161,0.8256,0
3,4,0.00,0.00,0.00,0.00,0.00,0.00,0.00,,22.76,,21.04,21.04,1.0158,1.0158,0.8256,0
3,5,0.00,0.00,0.00,0.00,0.00,0.00,0.00,,22.76,,20.22,20.22,1.0191,1.0191,0.8256,0
3,6,0.00,0.00,0.00,0.00,0.00,0.00,0.00,,22.76,,20.14,20.14,1.0194,1.0194,0.8256,0
3,7,30.14,0.00,0.12,0.10,0.12,0.10,0.00,,22.76,,21.63,21.63,1.0135,1.0135,0.8256,0
3,8,83.99,0.00,0.34,0.28,0.34,0.28,0.00,,22.76,,23.19,23.19,1.0072,1.0072,0.8256,0
3,9,284.43,0.12,1.13,0.94,1.12,0.92,0.68,1440.00,22.76,23.17,29.31,26.06,0.9828,0.9958,0.8256,0
3,10,410.13,0.17,1.62,1.34,1.58,1.30,1.42,1440.00,22.76,23.61,34.36,27.62,0.9626,0.9895,0.8256,0
3,11,468.45,0.18,1.85,1.53,1.79,1.48,1.70,1440.00,22.76,23.77,36.29,28.24,0.9548,0.9871,0.8256,1
3,12,570.84,0.18,2.24,1.85,2.15,1.78,2.09,1440.00,22.76,24.00,39.22,29.31,0.9431,0.9827,0.8256,1
3,13,780.16,0.19,3.04,2.51,2.86,2.36,3.00,1440.00,22.76,24.55,45.88,31.63,0.9165,0.9735,0.8256,1
3,14,730.34,0.20,2.85,2.36,2.69,2.22,2.86,1440.00,22.76,24.47,44.41,30.83,0.9223,0.9767,0.8256,1
3,15,759.21,0.20,2.96,2.45,2.79,2.30,3.02,1440.00,22.76,24.57,45.40,31.03,0.9184,0.9759,0.8256,1
3,16,642.25,0.20,2.52,2.08,2.40,1.98,2.52,1440.00,22.76,24.26,41.85,29.89,0.9326,0.9804,0.8256,1
3,17,535.82,0.18,2.11,1.74,2.03,1.68,1.97,1440.00,22.76,23.94,38.31,28.94,0.9467,0.9842,0.8256,1
3,18,281.37,0.16,1.12,0.93,1.10,0.91,0.87,1440.00,22.76,23.28,30.10,25.96,0.9796,0.9962,0.8256,0
3,19,147.59,0.11,0.59,0.49,0.59,0.49,0.33,1440.00,22.76,22.96,25.88,24.31,0.9965,1.0028,0.8256,0
3,20,32.13,0.00,0.13,0.11,0.13,0.11,0.00,,22.76,,22.03,22.03,1.0119,1.0119,0.8256,0
3,21,0.19,0.00,0.00,0.00,0.00,0.00,0.00,,22.76,,21.06,21.06,1.0158,1.0158,0.8256,0
3,22,0.00,0.00,0.00,0.00,0.00,0.00,0.00,,22.76,,20.79,20.79,1.0168,1.0168,0.8256,0
3,23,0.00,0.00,0.00,0.00,0.00,0.00,0.00,,22.76,,20.63,20.63,1.0175,1.0175,0.8256,0
3,24,0.00,0.00,0.00,0.00,0.00,0.00,0.00,,22.76,,20.43,20.43,1.0183,1.0183,0.8256,0
4,1,0.00,0.00,0.00,0.00,0.00,0.00,0.00,,22.78,,20.40,20.40,1.0184,1.0184,0.8256,0
4,2,0.00,0.00,0.00,0.00,0.00,0.00,0.00,,22.78,,20.31,20.31,1.0188,1.0188,0.8256,0
4,3,0.00,0.00,0.00,0.00,0.00,0.00,0.00,,22.78,,20.08,20.08,1.0197,1.0197,0.8256,0
4,4,0.00,0.00,0.00,0.00,0.00,0.00,0.00,,22.78,,20.04,20.04,1.0198,1.0198,0.8256,0
4,5,0.00,0.00,0.00,0.00,0.00,0.00,0.00,,22.78,,19.96,19.96,1.0202,1.0202,0.8256,0
4,6,0.00,0.00,0.00,0.00,0.00,0.00,0.00,,22.78,,19.77,19.77,1.0209,1.0209,0.8256,0
4,7,25.03,0.00,0.10,0.08,0.10,0.08,0.00,,22.78,,20.47,20.47,1.0181,1.0181,0.8256,0
4,8,84.23,0.00,0.34,0.28,0.34,0.28,0.00,,22.78,,22.43,22.43,1.0103,1.0103,0.8256,0
4,9,280.92,0.12,1.12,0.93,1.11,0.91,0.69,1440.00,22.78,23.19,28.59,25.33,0.9856,0.9987,0.8256,0
4,10,367.54,0.17,1.47,1.21,1.43,1.18,1.27,1440.00,22.78,23.53,31.62,25.60,0.9735,0.9976,0.8256,0
4,11,373.66,0.18,1.49,1.23,1.45,1.20,1.33,1440.00,22.78,23.57,31.93,25.59,0.9723,0.9976,0.8256,1
4,12,344.17,0.18,1.37,1.13,1.34,1.11,1.23,1440.00,22.78,23.51,31.18,25.35,0.9753,0.9986,0.8256,1
4,13,447.73,0.20,1.78,1.47,1.72,1.42,1.82,1440.00,22.78,23.86,34.82,26.20,0.9607,0.9952,0.8256,1
4,14,435.28,0.21,1.73,1.43,1.67,1.38,1.81,1440.00,22.78,23.86,34.75,26.15,0.9610,0.9954,0.8256,1
4,15,470.70,0.22,1.87,1.54,1.80,1.48,2.08,1440.00,22.78,24.02,36.42,26.53,0.9543,0.9939,0.8256,1
4,16,535.54,0.22,2.12,1.75,2.03,1.67,2.37,1440.00,22.78,24.19,38.50,27.24,0.9460,0.9910,0.8256,1
4,17,501.18,0.22,1.99,1.64,1.90,1.57,2.23,1440.00,22.78,24.11,37.72,27.14,0.9491,0.9914,0.8256,1
4,18,322.34,0.21,1.29,1.06,1.25,1.03,1.37,1440.00,22.78,23.59,32.03,25.53,0.9719,0.9979,0.8256,0
4,19,192.61,0.19,0.77,0.64,0.76,0.63,0.75,1440.00,22.78,23.22,27.92,24.36,0.9883,1.0026,0.8256,0
4,20,34.16,0.00,0.14,0.11,0.14,0.11,0.00,,22.78,,22.77,22.77,1.0089,1.0089,0.8256,0
4,21,0.28,0.00,0.00,0.00,0.00,0.00,0.00,,22.78,,21.69,21.69,1.0132,1.0132,0.8256,0
4,22,0.00,0.00,0.00,0.00,0.00,0.00,0.00,,22.78,,20.25,20.25,1.0190,1.0190,0.8256,0
4,23,0.00,0.00,0.00,0.00,0.00,0.00,0.00,,22.78,,19.97,19.97,1.0201,1.0201,0.8256,0
4,24,0.00,0.00,0.00,0.00,0.00,0.00,0.00,,22.78,,19.37,19.37,1.0225,1.0225,0.8256,0
5,1,0.00,0.00,0.00,0.00,0.00,0.00,0.00,,22.79,,19.47,19.47,1.0221,1.0221,0.8256,0
5,2,0.00,0.00,0.00,0.00,0.00,0.00,0.00,,22.79,,19.41,19.41,1.0224,1.0224,0.8256,0
5,3,0.00,0.00,0.00,0.00,0.00,0.00,0.00,,22.79,,19.02,19.02,1.0239,1.0239,0.8256,0
5,4,0.00,0.00,0.00,0.00,0.00,0.00,0.00,,22.79,,18.74,18.74,1.0250,1.0250,0.8256,0
5,5,0.00,0.00,0.00,0.00,0.00,0.00,0.00,,22.79,,18.31,18.31,1.0268,1.0268,0.8256,0
5,6,0.00,0.00,0.00,0.00,0.00,0.00,0.00,,22.79,,17.94,17.94,1.0282,1.0282,0.8256,0
5,7,28.96,0.00,0.12,0.10,0.12,0.10,0.00,,22.79,,18.91,18.91,1.0244,1.0244,0.8256,0
5,8,67.67,0.00,0.27,0.23,0.27,0.23,0.00,,22.79,,21.01,21.01,1.0159,1.0159,0.8256,0
5,9,343.40,0.16,1.37,1.14,1.35,1.11,1.08,1440.00,22.79,23.44,29.89,24.78,0.9804,1.0009,0.8256,0
5,10,584.96,0.22,2.33,1.92,2.21,1.82,2.60,1440.00,22.79,24.34,38.91,26.57,0.9444,0.9937,0.8256,0
5,11,788.27,0.24,3.12,2.57,2.89,2.38,3.81,1440.00,22.79,25.07,46.00,27.93,0.9160,0.9883,0.8256,1
5,12,938.16,0.25,3.69,3.05,3.35,2.77,4.74,1440.00,22.79,25.62,51.71,29.21,0.8932,0.9831,0.8256,1
5,13,1019.38,0.25,3.99,3.29,3.59,2.96,5.19,1440.00,22.79,25.89,55.09,30.42,0.8797,0.9783,0.8256,1
5,14,1020.77,0.25,3.98,3.29,3.59,2.96,5.04,1440.00,22.79,25.80,55.30,31.36,0.8788,0.9746,0.8256,1
5,15,892.63,0.24,3.48,2.88,3.19,2.63,4.32,1440.00,22.79,25.37,51.56,31.04,0.8937,0.9758,0.8256,1
5,16,781.60,0.24,3.06,2.52,2.84,2.34,3.70,1440.00,22.79,25.00,48.14,30.56,0.9074,0.9778,0.8256,1
5,17,547.32,0.23,2.16,1.78,2.05,1.69,2.57,1440.00,22.79,24.33,40.63,28.43,0.9375,0.9863,0.8256,1
5,18,341.97,0.22,1.36,1.12,1.32,1.09,1.53,1440.00,22.79,23.71,33.60,26.34,0.9656,0.9947,0.8256,0
5,19,187.83,0.23,0.75,0.62,0.74,0.61,0.86,1440.00,22.79,23.30,28.78,24.72,0.9849,1.0011,0.8256,0
5,20,34.22,0.20,0.14,0.11,0.14,0.11,0.14,1440.00,22.79,22.87,23.80,23.14,1.0048,1.0074,0.8256,0
5,21,0.28,1.00,0.00,0.00,0.00,0.00,0.01,1440.00,22.79,22.79,22.88,22.85,1.0085,1.0086,0.8256,0
5,22,0.00,0.00,0.00,0.00,0.00,0.00,0.00,,22.79,,22.04,22.04,1.0118,1.0118,0.8256,0
5,23,0.00,0.00,0.00,0.00,0.00,0.00,0.00,,22.79,,21.88,21.88,1.0125,1.0125,0.8256,0
5,24,0.00,0.00,0.00,0.00,0.00,0.00,0.00,,22.79,,21.32,21.32,1.0147,1.0147,0.8256,0
6,1,0.00,0.00,0.00,0.00,0.00,0.00,0.00,,22.81,,21.21,21.21,1.0152,1.0152,0.8256,0
6,2,0.00,0.00,0.00,0.00,0.00,0.00,0.00,,22.81,,21.08,21.08,1.0157,1.0157,0.8256,0
6,3,0.00,0.00,0.00,0.00,0.00,0.00,0.00,,22.81,,21.00,21.00,1.0160,1.0160,0.8256,0
6,4,0.00,0.00,0.00,0.00,0.00,0.00,0.00,,22.81,,21.44,21.44,1.0142,1.0142,0.8256,0
6,5,0.00,0.00,0.00,0.00,0.00,0.00,0.00,,22.81,,21.26,21.26,1.0150,1.0150,0.8256,0
6,6,0.00,0.00,0.00,0.00,0.00,0.00,0.00,,22.81,,20.87,20.87,1.0165,1.0165,0.8256,0
6,7,27.40,0.00,0.11,0.09,0.11,0.09,0.00,,22.81,,21.61,21.61,1.0136,1.0136,0.8256,0
6,8,61.52,0.00,0.25,0.20,0.25,0.20,0.00,,22.81,,22.97,22.97,1.0081,1.0081,0.8256,0
6,9,341.34,0.20,1.36,1.13,1.33,1.10,1.36,1440.00,22.81,23.62,31.70,25.25,0.9732,0.9990,0.8256,0
6,10,559.62,0.26,2.22,1.84,2.10,1.74,2.88,1440.00,22.81,24.53,40.19,26.52,0.9392,0.9939,0.8256,0
6,11,781.70,0.27,3.09,2.55,2.84,2.35,4.15,1440.00,22.81,25.29,47.75,28.03,0.9090,0.9879,0.8256,1
6,12,925.47,0.27,3.64,3.00,3.28,2.71,5.07,1440.00,22.81,25.84,53.47,29.39,0.8861,0.9825,0.8256,1
6,13,1014.74,0.27,3.96,3.27,3.54,2.92,5.48,1440.00,22.81,26.08,56.88,30.84,0.8725,0.9767,0.8256,1
6,14,1001.46,0.27,3.90,3.22,3.50,2.89,5.35,1440.00,22.81,26.00,56.79,31.36,0.8729,0.9745,0.8256,1
6,15,932.32,0.27,3.64,3.00,3.27,2.70,5.09,1440.00,22.81,25.85,55.46,31.27,0.8782,0.9749,0.8256,1
6,16,809.17,0.27,3.16,2.61,2.89,2.39,4.42,1440.00,22.81,25.45,51.85,30.85,0.8926,0.9766,0.8256,1
6,17,597.21,0.29,2.35,1.94,2.19,1.81,3.43,1440.00,22.81,24.86,45.46,29.15,0.9181,0.9834,0.8256,1
6,18,412.43,0.31,1.63,1.35,1.55,1.28,2.57,1440.00,22.81,24.34,39.55,27.34,0.9418,0.9906,0.8256,0
6,19,193.31,0.43,0.77,0.64,0.75,0.62,1.65,1440.00,22.81,23.79,32.79,24.94,0.9688,1.0002,0.8256,0
6,20,33.22,1.00,0.13,0.11,0.13,0.11,0.66,1440.00,22.81,23.20,27.68,24.52,0.9893,1.0019,0.8256,0
6,21,0.28,1.00,0.00,0.00,0.00,0.00,0.01,1440.00,22.81,22.81,26.84,26.81,0.9926,0.9928,0.8256,0
6,22,0.00,0.00,0.00,0.00,0.00,0.00,0.00,,22.81,,25.72,25.72,0.9971,0.9971,0.8256,0
6,23,0.00,0.00,0.00,0.00,0.00,0.00,0.00,,22.81,,25.50,25.50,0.9980,0.9980,0.8256,0
6,24,0.00,0.00,0.00,0.00,0.00,0.00,0.00,,22.81,,24.92,24.92,1.0003,1.0003,0.8256,0
7,1,0.00,0.00,0.00,0.00,0.00,0.00,0.00,,22.82,,24.72,24.72,1.0011,1.0011,0.8256,0
7,2,0.00,0.00,0.00,0.00,0.00,0.00,0.00,,22.82,,24.34,24.34,1.0026,1.0026,0.8256,0
7,3,0.00,0.00,0.00,0.00,0.00,0.00,0.00,,22.82,,23.60,23.60,1.0056,1.0056,0.8256,0
7,4,0.00,0.00,0.00,0.00,0.00,0.00,0.00,,22.82,,23.34,23.34,1.0066,1.0066,0.8256,0
7,5,0.00,0.00,0.00,0.00,0.00,0.00,0.00,,22.82,,23.13,23.13,1.0075,1.0075,0.8256,0
7,6,0.00,0.00,0.00,0.00,0.00,0.00,0.00,,22.82,,22.88,22.88,1.0085,1.0085,0.8256,0
7,7,26.12,0.25,0.11,0.09,0.11,0.09,0.13,1440.00,22.82,22.90,23.65,23.02,1.0054,1.0079,0.8256,0
7,8,59.25,0.38,0.24,0.20,0.24,0.20,0.46,1440.00,22.82,23.09,25.42,23.26,0.9983,1.0070,0.8256,0
7,9,338.36,0.30,1.35,1.12,1.30,1.07,2.00,1440.00,22.82,24.02,34.91,25.40,0.9603,0.9984,0.8256,0
7,10,579.50,0.35,2.30,1.90,2.12,1.75,4.05,1440.00,22.82,25.24,46.54,27.31,0.9138,0.9908,0.8256,0
7,11,785.00,0.35,3.09,2.55,2.77,2.28,5.45,1440.00,22.82,26.07,54.77,28.90,0.8809,0.9844,0.8256,1
7,12,933.39,0.36,3.67,3.03,3.19,2.64,6.67,1440.00,22.82,26.80,61.19,29.50,0.8552,0.9820,0.8256,1
7,13,958.15,0.37,3.77,3.11,3.25,2.68,7.14,1440.00,22.82,27.09,62.89,28.97,0.8484,0.9841,0.8256,1
7,14,825.04,0.39,3.25,2.68,2.84,2.35,6.46,1440.00,22.82,26.68,59.49,28.82,0.8620,0.9847,0.8256,1
7,15,675.64,0.39,2.66,2.20,2.39,1.97,5.30,1440.00,22.82,25.98,53.74,28.59,0.8850,0.9856,0.8256,1
7,16,475.20,0.43,1.88,1.55,1.74,1.43,4.07,1440.00,22.82,25.25,46.68,27.36,0.9133,0.9906,0.8256,1
7,17,531.86,0.39,2.10,1.73,1.93,1.59,4.18,1440.00,22.82,25.32,48.09,28.24,0.9076,0.9870,0.8256,1
7,18,358.09,0.46,1.42,1.18,1.33,1.10,3.31,1440.00,22.82,24.80,42.11,26.40,0.9316,0.9944,0.8256,0
7,19,182.58,0.62,0.73,0.60,0.70,0.58,2.26,1440.00,22.82,24.17,35.04,24.30,0.9599,1.0028,0.8256,0
7,20,35.74,1.00,0.14,0.12,0.14,0.12,0.71,1440.00,22.82,23.25,28.88,25.48,0.9845,0.9981,0.8256,0
7,21,0.24,1.00,0.00,0.00,0.00,0.00,0.00,1440.00,22.82,22.82,25.99,25.96,0.9961,0.9961,0.8256,0
7,22,0.00,0.00,0.00,0.00,0.00,0.00,0.00,,22.82,,23.02,23.02,1.0079,1.0079,0.8256,0
7,23,0.00,0.00,0.00,0.00,0.00,0.00,0.00,,22.82,,22.97,22.97,1.0081,1.0081,0.8256,0
7,24,0.00,0.00,0.00,0.00,0.00,0.00,0.00,,22.82,,22.87,22.87,1.0085,1.0085,0.8256,0
8,1,0.00,0.00,0.00,0.00,0.00,0.00,0.00,,22.83,,22.77,22.77,1.0089,1.0089,0.8256,0
8,2,0.00,0.00,0.00,0.00,0.00,0.00,0.00,,22.83,,22.59,22.59,1.0096,1.0096,0.8256,0
8,3,0.00,0.00,0.00,0.00,0.00,0.00,0.00,,22.83,,22.41,22.41,1.0104,1.0104,0.8256,0
8,4,0.00,0.00,0.00,0.00,0.00,0.00,0.00,,22.83,,22.48,22.48,1.0101,1.0101,0.8256,0
8,5,0.00,0.00,0.00,0.00,0.00,0.00,0.00,,22.83,,22.40,22.40,1.0104,1.0104,0.8256,0
8,6,0.00,0.00,0.00,0.00,0.00,0.00,0.00,,22.83,,22.47,22.47,1.0101,1.0101,0.8256,0
8,7,36.39,0.06,0.15,0.12,0.15,0.12,0.04,1440.00,22.83,22.85,23.29,23.09,1.0069,1.0076,0.8256,0
8,8,112.58,0.23,0.45,0.37,0.45,0.37,0.52,1440.00,22.83,23.14,26.12,23.64,0.9955,1.0055,0.8256,0
8,9,248.59,0.26,1.00,0.82,0.97,0.80,1.28,1440.00,22.83,23.60,30.49,24.40,0.9780,1.0024,0.8256,0
8,10,330.00,0.32,1.32,1.09,1.27,1.05,2.12,1440.00,22.83,24.10,34.84,24.76,0.9606,1.0010,0.8256,0
8,11,443.38,0.32,1.77,1.46,1.67,1.38,2.82,1440.00,22.83,24.52,39.09,25.68,0.9437,0.9973,0.8256,1
8,12,592.98,0.32,2.36,1.94,2.19,1.80,3.78,1440.00,22.83,25.09,44.68,26.73,0.9213,0.9931,0.8256,1
8,13,827.68,0.31,3.27,2.70,2.95,2.43,5.06,1440.00,22.83,25.85,52.30,28.27,0.8908,0.9869,0.8256,1
8,14,907.35,0.29,3.56,2.94,3.20,2.64,5.35,1440.00,22.83,26.02,54.91,29.53,0.8803,0.9819,0.8256,1
8,15,713.76,0.30,2.81,2.32,2.58,2.13,4.35,1440.00,22.83,25.43,49.33,28.67,0.9027,0.9853,0.8256,1
8,16,337.84,0.36,1.35,1.11,1.28,1.06,2.46,1440.00,22.83,24.30,37.64,25.97,0.9495,0.9961,0.8256,1
8,17,328.10,0.34,1.31,1.08,1.25,1.03,2.24,1440.00,22.83,24.17,36.70,26.06,0.9532,0.9958,0.8256,1
8,18,275.02,0.33,1.10,0.91,1.06,0.88,1.79,1440.00,22.83,23.90,34.06,25.55,0.9637,0.9978,0.8256,0
8,19,123.74,0.46,0.50,0.41,0.49,0.40,1.14,1440.00,22.83,23.51,29.36,23.94,0.9826,1.0042,0.8256,0
8,20,34.78,1.00,0.14,0.12,0.14,0.11,0.70,1440.00,22.83,23.25,26.74,23.43,0.9931,1.0063,0.8256,0
8,21,0.19,1.00,0.00,0.00,0.00,0.00,0.00,1440.00,22.83,22.83,25.46,25.44,0.9982,0.9982,0.8256,0
8,22,0.00,0.00,0.00,0.00,0.00,0.00,0.00,,22.83,,24.53,24.53,1.0019,1.0019,0.8256,0
8,23,0.00,0.00,0.00,0.00,0.00,0.00,0.00,,22.83,,24.03,24.03,1.0039,1.0039,0.8256,0
8,24,0.00,0.00,0.00,0.00,0.00,0.00,0.00,,22.83,,23.65,23.65,1.0054,1.0054,0.8256,0
9,1,0.00,0.00,0.00,0.00,0.00,0.00,0.00,,22.84,,23.47,23.47,1.0061,1.0061,0.8256,0
9,2,0.00,0.00,0.00,0.00,0.00,0.00,0.00,,22.84,,23.26,23.26,1.0070,1.0070,0.8256,0
9,3,0.00,0.00,0.00,0.00,0.00,0.00,0.00,,22.84,,23.02,23.02,1.0079,1.0079,0.8256,0
9,4,0.00,0.00,0.00,0.00,0.00,0.00,0.00,,22.84,,22.89,22.89,1.0084,1.0084,0.8256,0
9,5,0.00,0.00,0.00,0.00,0.00,0.00,0.00,,22.84,,22.77,22.77,1.0089,1.0089,0.8256,0
9,6,0.00,0.00,0.00,0.00,0.00,0.00,0.00,,22.84,,22.56,22.56,1.0098,1.0098,0.8256,0
9,7,19.02,0.14,0.08,0.06,0.08,0.06,0.05,1440.00,22.84,22.87,23.23,22.98,1.0071,1.0081,0.8256,0
9,8,80.97,0.26,0.33,0.27,0.32,0.27,0.42,1440.00,22.84,23.09,25.30,23.32,0.9988,1.0067,0.8256,0
9,9,235.13,0.25,0.94,0.78,0.92,0.76,1.18,1440.00,22.84,23.54,30.01,24.42,0.9800,1.0023,0.8256,0
9,10,425.46,0.24,1.69,1.40,1.62,1.34,2.02,1440.00,22.84,24.05,36.31,26.73,0.9548,0.9931,0.8256,0
9,11,479.23,0.25,1.90,1.57,1.81,1.50,2.41,1440.00,22.84,24.28,38.66,27.22,0.9454,0.9911,0.8256,1
9,12,437.04,0.27,1.73,1.43,1.66,1.37,2.33,1440.00,22.84,24.23,38.17,27.11,0.9473,0.9916,0.8256,1
9,13,460.57,0.28,1.83,1.51,1.73,1.43,2.60,1440.00,22.84,24.39,39.58,27.24,0.9417,0.9910,0.8256,1
9,14,460.21,0.30,1.82,1.51,1.73,1.43,2.78,1440.00,22.84,24.50,40.53,27.34,0.9379,0.9906,0.8256,1
9,15,465.34,0.32,1.84,1.52,1.74,1.44,2.94,1440.00,22.84,24.60,41.38,27.41,0.9345,0.9903,0.8256,1
9,16,548.94,0.31,2.17,1.79,2.03,1.67,3.41,1440.00,22.84,24.88,44.10,27.91,0.9236,0.9883,0.8256,1
9,17,471.85,0.35,1.87,1.55,1.75,1.45,3.27,1440.00,22.84,24.80,42.58,27.03,0.9297,0.9919,0.8256,1
9,18,298.75,0.43,1.19,0.99,1.13,0.94,2.59,1440.00,22.84,24.39,37.65,25.36,0.9494,0.9985,0.8256,0
9,19,85.75,0.53,0.35,0.28,0.34,0.28,0.90,1440.00,22.84,23.38,27.81,23.51,0.9888,1.0059,0.8256,0
9,20,15.10,1.00,0.06,0.05,0.06,0.05,0.30,1440.00,22.84,23.02,24.60,23.17,1.0016,1.0073,0.8256,0
9,21,0.05,1.00,0.00,0.00,0.00,0.00,0.00,1440.00,22.84,22.84,24.01,24.01,1.0040,1.0040,0.8256,0
9,22,0.00,0.00,0.00,0.00,0.00,0.00,0.00,,22.84,,23.11,23.11,1.0076,1.0076,0.8256,0
9,23,0.00,0.00,0.00,0.00,0.00,0.00,0.00,,22.84,,22.41,22.41,1.0104,1.0104,0.8256,0
9,24,0.00,0.00,0.00,0.00,0.00,0.00,0.00,,22.84,,21.72,21.72,1.0131,1.0131,0.8256,0
10,1,0.00,0.00,0.00,0.00,0.00,0.00,0.00,,22.85,,21.31,21.31,1.0148,1.0148,0.8256,0
10,2,0.00,0.00,0.00,0.00,0.00,0.00,0.00,,22.85,,21.04,21.04,1.0158,1.0158,0.8256,0
10,3,0.00,0.00,0.00,0.00,0.00,0.00,0.00,,22.85,,20.72,20.72,1.0171,1.0171,0.8256,0
10,4,0.00,0.00,0.00,0.00,0.00,0.00,0.00,,22.85,,20.75,20.75,1.0170,1.0170,0.8256,0
10,5,0.00,0.00,0.00,0.00,0.00,0.00,0.00,,22.85,,20.59,20.59,1.0176,1.0176,0.8256,0
10,6,0.00,0.00,0.00,0.00,0.00,0.00,0.00,,22.85,,20.50,20.50,1.0180,1.0180,0.8256,0
10,7,19.59,0.00,0.08,0.07,0.08,0.07,0.00,,22.85,,20.98,20.98,1.0161,1.0161,0.8256,0
10,8,66.49,0.00,0.27,0.22,0.27,0.22,0.00,,22.85,,22.41,22.41,1.0104,1.0104,0.8256,0
10,9,163.85,0.05,0.66,0.54,0.65,0.54,0.17,1440.00,22.85,22.95,25.38,24.56,0.9985,1.0017,0.8256,0
10,10,264.63,0.15,1.06,0.87,1.04,0.86,0.81,1440.00,22.85,23.33,29.08,25.25,0.9837,0.9990,0.8256,0
10,11,453.05,0.19,1.80,1.48,1.74,1.44,1.69,1440.00,22.85,23.86,34.98,26.96,0.9601,0.9922,0.8256,1
10,12,537.61,0.20,2.13,1.76,2.04,1.68,2.16,1440.00,22.85,24.14,37.98,27.71,0.9481,0.9892,0.8256,1
10,13,535.04,0.21,2.12,1.75,2.03,1.67,2.21,1440.00,22.85,24.17,38.12,27.62,0.9475,0.9895,0.8256,1
10,14,551.42,0.21,2.18,1.80,2.08,1.72,2.34,1440.00,22.85,24.25,38.89,27.77,0.9444,0.9889,0.8256,1
10,15,612.55,0.22,2.42,2.00,2.29,1.89,2.67,1440.00,22.85,24.44,41.08,28.41,0.9357,0.9864,0.8256,1
10,16,577.83,0.22,2.28,1.88,2.17,1.79,2.53,1440.00,22.85,24.36,40.13,28.13,0.9395,0.9875,0.8256,1
10,17,368.09,0.21,1.47,1.21,1.42,1.17,1.57,1440.00,22.85,23.79,33.65,26.17,0.9654,0.9953,0.8256,1
10,18,291.66,0.20,1.16,0.96,1.14,0.94,1.15,1440.00,22.85,23.54,30.85,25.39,0.9766,0.9984,0.8256,0
10,19,148.97,0.16,0.60,0.49,0.59,0.49,0.49,1440.00,22.85,23.14,26.40,24.09,0.9944,1.0036,0.8256,0
10,20,37.63,0.00,0.15,0.13,0.15,0.13,0.00,,22.85,,22.68,22.68,1.0093,1.0093,0.8256,0
10,21,0.24,0.00,0.00,0.00,0.00,0.00,0.00,,22.85,,21.48,21.48,1.0141,1.0141,0.8256,0
10,22,0.00,0.00,0.00,0.00,0.00,0.00,0.00,,22.85,,21.15,21.15,1.0154,1.0154,0.8256,0
10,23,0.00,0.00,0.00,0.00,0.00,0.00,0.00,,22.85,,21.07,21.07,1.0157,1.0157,0.8256,0
10,24,0.00,0.00,0.00,0.00,0.00,0.00,0.00,,22.85,,20.93,20.93,1.0163,1.0163,0.8256,0
11,1,0.00,0.00,0.00,0.00,0.00,0.00,0.00,,22.86,,20.81,20.81,1.0168,1.0168,0.8256,0
11,2,0.00,0.00,0.00,0.00,0.00,0.00,0.00,,22.86,,20.95,20.95,1.0162,1.0162,0.8256,0
11,3,0.00,0.00,0.00,0.00,0.00,0.00,0.00,,22.86,,20.74,20.74,1.0170,1.0170,0.8256,0
11,4,0.00,0.00,0.00,0.00,0.00,0.00,0.00,,22.86,,20.57,20.57,1.0177,1.0177,0.8256,0
11,5,0.00,0.00,0.00,0.00,0.00,0.00,0.00,,22.86,,20.11,20.11,1.0196,1.0196,0.8256,0
11,6,0.00,0.00,0.00,0.00,0.00,0.00,0.00,,22.86,,20.11,20.11,1.0196,1.0196,0.8256,0
11,7,24.89,0.00,0.10,0.08,0.10,0.08,0.00,,22.86,,21.04,21.04,1.0158,1.0158,0.8256,0
11,8,71.83,0.00,0.29,0.24,0.29,0.24,0.00,,22.86,,22.89,22.89,1.0084,1.0084,0.8256,0
11,9,264.83,0.19,1.06,0.88,1.04,0.86,1.02,1440.00,22.86,23.46,29.09,24.25,0.9837,1.0030,0.8256,0
11,10,421.40,0.22,1.68,1.39,1.62,1.34,1.87,1440.00,22.86,23.97,34.34,25.45,0.9626,0.9982,0.8256,0
11,11,326.46,0.23,1.31,1.08,1.27,1.05,1.51,1440.00,22.86,23.76,31.78,24.62,0.9729,1.0015,0.8256,1
11,12,375.40,0.24,1.50,1.24,1.45,1.20,1.78,1440.00,22.86,23.92,33.85,25.39,0.9646,0.9985,0.8256,1
11,13,424.03,0.25,1.69,1.39,1.62,1.34,2.09,1440.00,22.86,24.10,35.92,26.01,0.9563,0.9960,0.8256,1
11,14,413.76,0.24,1.65,1.36,1.59,1.31,1.95,1440.00,22.86,24.02,35.50,26.22,0.9580,0.9951,0.8256,1
11,15,571.53,0.23,2.26,1.87,2.15,1.77,2.64,1440.00,22.86,24.43,40.41,27.89,0.9384,0.9884,0.8256,1
11,16,577.19,0.22,2.28,1.88,2.17,1.79,2.59,1440.00,22.86,24.41,40.48,28.16,0.9381,0.9874,0.8256,1
11,17,473.60,0.23,1.88,1.55,1.80,1.49,2.15,1440.00,22.86,24.14,37.49,27.26,0.9500,0.9910,0.8256,1
11,18,349.07,0.23,1.39,1.15,1.35,1.11,1.58,1440.00,22.86,23.80,33.62,26.14,0.9655,0.9954,0.8256,0
11,19,152.44,0.23,0.61,0.50,0.60,0.50,0.70,1440.00,22.86,23.27,27.58,24.28,0.9897,1.0029,0.8256,0
11,20,30.84,0.20,0.12,0.10,0.12,0.10,0.13,1440.00,22.86,22.93,23.72,23.13,1.0051,1.0075,0.8256,0
11,21,0.24,1.00,0.00,0.00,0.00,0.00,0.00,1440.00,22.86,22.86,22.92,22.89,1.0083,1.0084,0.8256,0
11,22,0.00,0.00,0.00,0.00,0.00,0.00,0.00,,22.86,,22.27,22.27,1.0109,1.0109,0.8256,0
11,23,0.00,0.00,0.00,0.00,0.00,0.00,0.00,,22.86,,22.44,22.44,1.0102,1.0102,0.8256,0
11,24,0.00,0.00,0.00,0.00,0.00,0.00,0.00,,22.86,,22.33,22.33,1.0107,1.0107,0.8256,0
12,1,0.00,0.00,0.00,0.00,0.00,0.00,0.00,,22.86,,22.41,22.41,1.0104,1.0104,0.8256,0
12,2,0.00,0.00,0.00,0.00,0.00,0.00,0.00,,22.86,,22.32,22.32,1.0107,1.0107,0.8256,0
12,3,0.00,0.00,0.00,0.00,0.00,0.00,0.00,,22.86,,22.12,22.12,1.0115,1.0115,0.8256,0
12,4,0.00,0.00,0.00,0.00,0.00,0.00,0.00,,22.86,,22.14,22.14,1.0114,1.0114,0.8256,0
12,5,0.00,0.00,0.00,0.00,0.00,0.00,0.00,,22.86,,22.01,22.01,1.0120,1.0120,0.8256,0
12,6,0.00,0.00,0.00,0.00,0.00,0.00,0.00,,22.86,,22.02,22.02,1.0119,1.0119,0.8256,0
12,7,0.00,0.00,0.00,0.00,0.00,0.00,0.00,,22.86,,22.14,22.14,1.0114,1.0114,0.8256,0
12,8,94.03,0.20,0.38,0.31,0.38,0.31,0.37,1440.00,22.86,23.08,25.29,23.52,0.9988,1.0059,0.8256,0
12,9,239.87,0.23,0.96,0.79,0.94,0.78,1.12,1440.00,22.86,23.53,29.87,24.54,0.9805,1.0018,0.8256,0
12,10,321.97,0.25,1.29,1.06,1.25,1.03,1.59,1440.00,22.86,23.81,32.90,25.34,0.9684,0.9986,0.8256,0
12,11,337.59,0.27,1.35,1.11,1.30,1.08,1.81,1440.00,22.86,23.94,33.86,25.26,0.9646,0.9990,0.8256,1
12,12,370.11,0.29,1.48,1.22,1.42,1.17,2.13,1440.00,22.86,24.13,35.66,25.55,0.9574,0.9978,0.8256,1
12,13,454.90,0.29,1.81,1.49,1.72,1.42,2.66,1440.00,22.86,24.45,39.10,26.46,0.9436,0.9942,0.8256,1
12,14,730.34,0.27,2.87,2.37,2.66,2.19,3.93,1440.00,22.86,25.21,47.77,29.10,0.9089,0.9836,0.8256,1
12,15,778.88,0.27,3.05,2.52,2.81,2.32,4.15,1440.00,22.86,25.34,49.89,30.19,0.9004,0.9793,0.8256,1
12,16,729.33,0.26,2.86,2.36,2.64,2.18,3.86,1440.00,22.86,25.17,48.39,30.07,0.9064,0.9797,0.8256,1
12,17,525.15,0.28,2.07,1.71,1.96,1.62,2.92,1440.00,22.86,24.61,42.03,28.16,0.9319,0.9874,0.8256,1
12,18,329.73,0.31,1.31,1.08,1.26,1.04,2.02,1440.00,22.86,24.07,35.81,26.24,0.9567,0.9950,0.8256,0
12,19,154.53,0.39,0.62,0.51,0.61,0.50,1.21,1440.00,22.86,23.59,30.23,24.47,0.9791,1.0021,0.8256,0
12,20,35.78,0.87,0.14,0.12,0.14,0.12,0.62,1440.00,22.86,23.23,26.21,23.24,0.9952,1.0070,0.8256,0
12,21,0.24,1.00,0.00,0.00,0.00,0.00,0.00,1440.00,22.86,22.86,25.32,25.29,0.9987,0.9988,0.8256,0
12,22,0.00,0.00,0.00,0.00,0.00,0.00,0.00,,22.86,,24.98,24.98,1.0001,1.0001,0.8256,0
12,23,0.00,0.00,0.00,0.00,0.00,0.00,0.00,,22.86,,25.04,25.04,0.9998,0.9998,0.8256,0
12,24,0.00,0.00,0.00,0.00,0.00,0.00,0.00,,22.86,,24.80,24.80,1.0008,1.0008,0.8256,0
13,1,0.00,0.00,0.00,0.00,0.00,0.00,0.00,,22.87,,24.86,24.86,1.0006,1.0006,0.8256,0
13,2,0.00,0.00,0.00,0.00,0.00,0.00,0.00,,22.87,,24.72,24.72,1.0011,1.0011,0.8256,0
13,3,0.00,0.00,0.00,0.00,0.00,0.00,0.00,,22.87,,24.55,24.55,1.0018,1.0018,0.8256,0
13,4,0.00,0.00,0.00,0.00,0.00,0.00,0.00,,22.87,,24.67,24.67,1.0013,1.0013,0.8256,0
13,5,0.00,0.00,0.00,0.00,0.00,0.00,0.00,,22.87,,24.90,24.90,1.0004,1.0004,0.8256,0
13,6,0.00,0.00,0.00,0.00,0.00,0.00,0.00,,22.87,,25.28,25.28,0.9989,0.9989,0.8256,0
13,7,0.00,0.00,0.00,0.00,0.00,0.00,0.00,,22.87,,25.77,25.77,0.9969,0.9969,0.8256,0
13,8,64.50,0.77,0.26,0.21,0.25,0.21,0.99,1440.00,22.87,23.46,28.00,23.30,0.9880,1.0068,0.8256,0
13,9,99.27,0.57,0.40,0.33,0.39,0.32,1.13,1440.00,22.87,23.54,28.90,23.52,0.9844,1.0059,0.8256,0
13,10,201.00,0.37,0.81,0.67,0.78,0.65,1.49,1440.00,22.87,23.75,31.38,24.32,0.9745,1.0027,0.8256,0
13,11,412.12,0.33,1.64,1.36,1.56,1.29,2.71,1440.00,22.87,24.49,38.70,25.82,0.9452,0.9967,0.8256,1
13,12,709.26,0.31,2.80,2.31,2.56,2.12,4.36,1440.00,22.87,25.47,49.12,28.44,0.9035,0.9862,0.8256,1
13,13,739.62,0.31,2.91,2.40,2.65,2.18,4.64,1440.00,22.87,25.64,51.44,29.43,0.8942,0.9823,0.8256,1
13,14,784.38,0.31,3.07,2.53,2.78,2.29,4.88,1440.00,22.87,25.78,53.73,30.53,0.8851,0.9779,0.8256,1
13,15,730.13,0.31,2.86,2.36,2.61,2.15,4.55,1440.00,22.87,25.59,52.01,30.39,0.8920,0.9784,0.8256,1
13,16,689.18,0.30,2.70,2.23,2.49,2.05,4.12,1440.00,22.87,25.33,49.63,30.04,0.9015,0.9798,0.8256,1
13,17,374.39,0.36,1.49,1.23,1.41,1.16,2.68,1440.00,22.87,24.47,39.45,26.70,0.9422,0.9932,0.8256,1
13,18,224.33,0.41,0.90,0.74,0.87,0.71,1.85,1440.00,22.87,23.97,33.75,24.96,0.9650,1.0001,0.8256,0
13,19,129.40,0.49,0.52,0.43,0.51,0.42,1.26,1440.00,22.87,23.62,30.01,24.03,0.9799,1.0039,0.8256,0
13,20,34.53,0.92,0.14,0.11,0.14,0.11,0.64,1440.00,22.87,23.25,26.22,23.20,0.9951,1.0072,0.8256,0
13,21,0.19,1.00,0.00,0.00,0.00,0.00,0.00,1440.00,22.87,22.87,25.06,25.04,0.9998,0.9998,0.8256,0
13,22,0.00,0.00,0.00,0.00,0.00,0.00,0.00,,22.87,,21.37,21.37,1.0145,1.0145,0.8256,0
13,23,0.00,0.00,0.00,0.00,0.00,0.00,0.00,,22.87,,20.77,20.77,1.0169,1.0169,0.8256,0
13,24,0.00,0.00,0.00,0.00,0.00,0.00,0.00,,22.87,,20.23,20.23,1.0191,1.0191,0.8256,0
14,1,0.00,0.00,0.00,0.00,0.00,0.00,0.00,,22.87,,20.17,20.17,1.0193,1.0193,0.8256,0
14,2,0.00,0.00,0.00,0.00,0.00,0.00,0.00,,22.87,,20.08,20.08,1.0197,1.0197,0.8256,0
14,3,0.00,0.00,0.00,0.00,0.00,0.00,0.00,,22.87,,19.72,19.72,1.0211,1.0211,0.8256,0
14,4,0.00,0.00,0.00,0.00,0.00,0.00,0.00,,22.87,,19.80,19.80,1.0208,1.0208,0.8256,0
14,5,0.00,0.00,0.00,0.00,0.00,0.00,0.00,,22.87,,19.79,19.79,1.0208,1.0208,0.8256,0
14,6,0.00,0.00,0.00,0.00,0.00,0.00,0.00,,22.87,,18.62,18.62,1.0255,1.0255,0.8256,0
14,7,0.00,0.00,0.00,0.00,0.00,0.00,0.00,,22.87,,18.27,18.27,1.0269,1.0269,0.8256,0
14,8,76.28,0.00,0.31,0.26,0.31,0.26,0.00,,22.87,,20.00,20.00,1.0200,1.0200,0.8256,0
14,9,305.21,0.00,1.22,1.00,1.22,1.00,0.00,,22.87,,25.88,25.88,0.9965,0.9965,0.8256,0
14,10,504.82,0.08,1.99,1.64,1.95,1.61,0.84,1440.00,22.87,23.37,33.15,29.18,0.9674,0.9833,0.8256,0
14,11,641.85,0.12,2.51,2.07,2.43,2.01,1.55,1440.00,22.87,23.79,38.14,30.78,0.9474,0.9769,0.8256,1
14,12,565.30,0.12,2.21,1.83,2.15,1.78,1.37,1440.00,22.87,23.69,36.88,30.38,0.9525,0.9785,0.8256,1
14,13,624.52,0.13,2.43,2.01,2.35,1.94,1.62,1440.00,22.87,23.83,39.58,31.90,0.9417,0.9724,0.8256,1
14,14,580.13,0.13,2.26,1.87,2.19,1.81,1.51,1440.00,22.87,23.77,38.57,31.39,0.9457,0.9745,0.8256,1
14,15,621.32,0.14,2.42,1.99,2.33,1.92,1.79,1440.00,22.87,23.94,40.50,31.99,0.9380,0.9720,0.8256,1
14,16,538.10,0.14,2.10,1.73,2.04,1.68,1.48,1440.00,22.87,23.75,38.02,31.00,0.9479,0.9760,0.8256,1
14,17,363.36,0.11,1.43,1.18,1.41,1.17,0.79,1440.00,22.87,23.34,31.94,28.20,0.9722,0.9872,0.8256,1
14,18,332.76,0.07,1.32,1.09,1.30,1.08,0.49,1440.00,22.87,23.16,30.03,27.68,0.9799,0.9893,0.8256,0
14,19,137.44,0.00,0.55,0.46,0.55,0.46,0.00,,22.87,,23.59,23.59,1.0057,1.0057,0.8256,0
14,20,28.08,0.00,0.11,0.09,0.11,0.09,0.00,,22.87,,19.93,19.93,1.0203,1.0203,0.8256,0
14,21,0.14,0.00,0.00,0.00,0.00,0.00,0.00,,22.87,,18.92,18.92,1.0243,1.0243,0.8256,0
14,22,0.00,0.00,0.00,0.00,0.00,0.00,0.00,,22.87,,18.61,18.61,1.0256,1.0256,0.8256,0
14,23,0.00,0.00,0.00,0.00,0.00,0.00,0.00,,22.87,,18.53,18.53,1.0259,1.0259,0.8256,0
14,24,0.00,0.00,0.00,0.00,0.00,0.00,0.00,,22.87,,18.02,18.02,1.0279,1.0279,0.8256,0
15,1,0.00,0.00,0.00,0.00,0.00,0.00,0.00,,22.87,,17.86,17.86,1.0286,1.0286,0.8256,0
15,2,0.00,0.00,0.00,0.00,0.00,0.00,0.00,,22.87,,17.59,17.59,1.0296,1.0296,0.8256,0
15,3,0.00,0.00,0.00,0.00,0.00,0.00,0.00,,22.87,,17.43,17.43,1.0303,1.0303,0.8256,0
15,4,0.00,0.00,0.00,0.00,0.00,0.00,0.00,,22.87,,17.74,17.74,1.0290,1.0290,0.8256,0
15,5,0.00,0.00,0.00,0.00,0.00,0.00,0.00,,22.87,,17.82,17.82,1.0287,1.0287,0.8256,0
15,6,0.00,0.00,0.00,0.00,0.00,0.00,0.00,,22.87,,17.38,17.38,1.0305,1.0305,0.8256,0
15,7,0.00,0.00,0.00,0.00,0.00,0.00,0.00,,22.87,,17.15,17.15,1.0314,1.0314,0.8256,0
15,8,59.15,0.00,0.24,0.20,0.24,0.20,0.00,,22.87,,19.27,19.27,1.0229,1.0229,0.8256,0
15,9,284.97,0.00,1.13,0.94,1.13,0.94,0.03,1440.00,22.87,22.89,26.42,26.29,0.9943,0.9948,0.8256,0
15,10,461.19,0.12,1.82,1.50,1.78,1.47,1.09,1440.00,22.87,23.52,33.27,28.12,0.9669,0.9875,0.8256,0
15,11,530.27,0.14,2.09,1.72,2.03,1.67,1.49,1440.00,22.87,23.76,35.91,28.82,0.9564,0.9847,0.8256,1
15,12,740.82,0.17,2.89,2.39,2.75,2.27,2.52,1440.00,22.87,24.37,43.13,31.18,0.9275,0.9753,0.8256,1
15,13,706.75,0.18,2.76,2.28,2.62,2.17,2.55,1440.00,22.87,24.40,42.96,30.83,0.9282,0.9767,0.8256,1
15,14,680.62,0.19,2.66,2.20,2.53,2.09,2.65,1440.00,22.87,24.46,43.00,30.40,0.9280,0.9784,0.8256,1
15,15,676.25,0.21,2.65,2.18,2.50,2.07,2.82,1440.00,22.87,24.55,43.83,30.45,0.9247,0.9782,0.8256,1
15,16,667.11,0.20,2.61,2.15,2.47,2.04,2.71,1440.00,22.87,24.49,43.76,30.89,0.9250,0.9765,0.8256,1
15,17,553.66,0.21,2.17,1.80,2.08,1.72,2.28,1440.00,22.87,24.23,40.33,29.52,0.9387,0.9819,0.8256,1
15,18,338.29,0.19,1.34,1.11,1.31,1.08,1.27,1440.00,22.87,23.63,33.10,27.06,0.9676,0.9918,0.8256,0
15,19,149.99,0.13,0.60,0.50,0.60,0.49,0.38,1440.00,22.87,23.10,26.61,24.81,0.9936,1.0008,0.8256,0
15,20,34.24,0.00,0.14,0.11,0.14,0.11,0.00,,22.87,,22.45,22.45,1.0102,1.0102,0.8256,0
15,21,0.14,0.00,0.00,0.00,0.00,0.00,0.00,,22.87,,21.27,21.27,1.0149,1.0149,0.8256,0
15,22,0.00,0.00,0.00,0.00,0.00,0.00,0.00,,22.87,,21.06,21.06,1.0158,1.0158,0.8256,0
15,23,0.00,0.00,0.00,0.00,0.00,0.00,0.00,,22.87,,20.89,20.89,1.0164,1.0164,0.8256,0
15,24,0.00,0.00,0.00,0.00,0.00,0.00,0.00,,22.87,,20.48,20.48,1.0181,1.0181,0.8256,0
16,1,0.00,0.00,0.00,0.00,0.00,0.00,0.00,,22.87,,20.19,20.19,1.0192,1.0192,0.8256,0
16,2,0.00,0.00,0.00,0.00,0.00,0.00,0.00,,22.87,,20.08,20.08,1.0197,1.0197,0.8256,0
16,3,0.00,0.00,0.00,0.00,0.00,0.00,0.00,,22.87,,19.79,19.79,1.0208,1.0208,0.8256,0
16,4,0.00,0.00,0.00,0.00,0.00,0.00,0.00,,22.87,,19.62,19.62,1.0215,1.0215,0.8256,0
16,5,0.00,0.00,0.00,0.00,0.00,0.00,0.00,,22.87,,19.28,19.28,1.0229,1.0229,0.8256,0
16,6,0.00,0.00,0.00,0.00,0.00,0.00,0.00,,22.87,,18.98,18.98,1.0241,1.0241,0.8256,0
16,7,0.00,0.00,0.00,0.00,0.00,0.00,0.00,,22.87,,18.91,18.91,1.0244,1.0244,0.8256,0
16,8,81.58,0.00,0.33,0.27,0.33,0.27,0.00,,22.87,,21.44,21.44,1.0142,1.0142,0.8256,0
16,9,236.42,0.01,0.94,0.78,0.94,0.78,0.05,1440.00,22.87,22.90,26.26,26.01,0.9950,0.9960,0.8256,0
16,10,408.12,0.11,1.61,1.33,1.59,1.31,0.90,1440.00,22.87,23.41,32.19,27.93,0.9712,0.9883,0.8256,0
16,11,580.07,0.14,2.27,1.88,2.20,1.82,1.65,1440.00,22.87,23.85,37.85,30.02,0.9486,0.9799,0.8256,1
16,12,649.61,0.14,2.53,2.09,2.44,2.02,1.86,1440.00,22.87,23.98,39.97,31.16,0.9401,0.9754,0.8256,1
16,13,640.33,0.14,2.50,2.06,2.41,1.99,1.82,1440.00,22.87,23.96,39.92,31.28,0.9403,0.9749,0.8256,1
16,14,727.83,0.15,2.82,2.33,2.70,2.23,2.17,1440.00,22.87,24.16,42.94,32.66,0.9282,0.9694,0.8256,1
16,15,674.95,0.15,2.62,2.17,2.52,2.08,2.03,1440.00,22.87,24.08,41.66,32.02,0.9334,0.9719,0.8256,1
16,16,689.60,0.15,2.68,2.21,2.57,2.12,2.13,1440.00,22.87,24.14,42.23,32.11,0.9311,0.9716,0.8256,1
16,17,531.60,0.15,2.09,1.72,2.02,1.67,1.63,1440.00,22.87,23.84,37.49,29.77,0.9500,0.9809,0.8256,1
16,18,399.47,0.14,1.58,1.30,1.55,1.28,1.09,1440.00,22.87,23.52,33.16,27.99,0.9673,0.9880,0.8256,0
16,19,193.31,0.07,0.77,0.64,0.77,0.63,0.27,1440.00,22.87,23.03,26.64,25.36,0.9934,0.9986,0.8256,0
16,20,35.86,0.00,0.15,0.12,0.15,0.12,0.00,,22.87,,21.42,21.42,1.0143,1.0143,0.8256,0
16,21,0.19,0.00,0.00,0.00,0.00,0.00,0.00,,22.87,,20.24,20.24,1.0191,1.0191,0.8256,0
16,22,0.00,0.00,0.00,0.00,0.00,0.00,0.00,,22.87,,19.53,19.53,1.0219,1.0219,0.8256,0
16,23,0.00,0.00,0.00,0.00,0.00,0.00,0.00,,22.87,,19.40,19.40,1.0224,1.0224,0.8256,0
16,24,0.00,0.00,0.00,0.00,0.00,0.00,0.00,,22.87,,19.07,19.07,1.0237,1.0237,0.8256,0
17,1,0.00,0.00,0.00,0.00,0.00,0.00,0.00,,22.87,,19.06,19.06,1.0238,1.0238,0.8256,0
17,2,0.00,0.00,0.00,0.00,0.00,0.00,0.00,,22.87,,18.98,18.98,1.0241,1.0241,0.8256,0
17,3,0.00,0.00,0.00,0.00,0.00,0.00,0.00,,22.87,,18.87,18.87,1.0245,1.0245,0.8256,0
17,4,0.00,0.00,0.00,0.00,0.00,0.00,0.00,,22.87,,18.78,18.78,1.0249,1.0249,0.8256,0
17,5,0.00,0.00,0.00,0.00,0.00,0.00,0.00,,22.87,,18.47,18.47,1.0261,1.0261,0.8256,0
17,6,0.00,0.00,0.00,0.00,0.00,0.00,0.00,,22.87,,18.14,18.14,1.0274,1.0274,0.8256,0
17,7,0.00,0.00,0.00,0.00,0.00,0.00,0.00,,22.87,,17.99,17.99,1.0280,1.0280,0.8256,0
17,8,86.17,0.00,0.35,0.29,0.35,0.29,0.00,,22.87,,20.89,20.89,1.0164,1.0164,0.8256,0
17,9,228.16,0.01,0.91,0.75,0.91,0.75,0.03,1440.00,22.87,22.89,25.45,25.30,0.9982,0.9988,0.8256,0
17,10,374.30,0.13,1.49,1.23,1.46,1.20,0.96,1440.00,22.87,23.44,31.32,26.77,0.9747,0.9929,0.8256,0
17,11,573.34,0.16,2.26,1.86,2.17,1.80,1.85,1440.00,22.87,23.97,37.96,29.18,0.9482,0.9833,0.8256,1
17,12,696.03,0.18,2.72,2.25,2.59,2.14,2.54,1440.00,22.87,24.39,42.52,30.45,0.9299,0.9782,0.8256,1
17,13,900.87,0.20,3.50,2.89,3.25,2.68,3.56,1440.00,22.87,25.00,49.41,32.49,0.9024,0.9700,0.8256,1
17,14,1027.25,0.21,3.97,3.28,3.64,3.00,4.25,1440.00,22.87,25.41,53.58,33.40,0.8857,0.9664,0.8256,1
17,15,994.70,0.21,3.85,3.18,3.53,2.92,4.26,1440.00,22.87,25.41,53.07,32.86,0.8877,0.9686,0.8256,1
17,16,862.19,0.21,3.36,2.77,3.12,2.57,3.66,1440.00,22.87,25.05,48.93,31.57,0.9043,0.9737,0.8256,1
17,17,670.20,0.21,2.63,2.17,2.49,2.05,2.78,1440.00,22.87,24.53,42.88,29.67,0.9285,0.9813,0.8256,1
17,18,443.87,0.19,1.76,1.45,1.70,1.40,1.70,1440.00,22.87,23.88,35.43,27.37,0.9583,0.9905,0.8256,0
17,19,214.06,0.15,0.86,0.71,0.85,0.70,0.66,1440.00,22.87,23.26,28.14,25.03,0.9874,0.9999,0.8256,0
17,20,38.62,0.00,0.16,0.13,0.16,0.13,0.00,,22.87,,22.21,22.21,1.0112,1.0112,0.8256,0
17,21,0.19,0.00,0.00,0.00,0.00,0.00,0.00,,22.87,,21.07,21.07,1.0157,1.0157,0.8256,0
17,22,0.00,0.00,0.00,0.00,0.00,0.00,0.00,,22.87,,19.93,19.93,1.0203,1.0203,0.8256,0
17,23,0.00,0.00,0.00,0.00,0.00,0.00,0.00,,22.87,,19.51,19.51,1.0220,1.0220,0.8256,0
17,24,0.00,0.00,0.00,0.00,0.00,0.00,0.00,,22.87,,18.57,18.57,1.0257,1.0257,0.8256,0
18,1,0.00,0.00,0.00,0.00,0.00,0.00,0.00,,22.87,,18.27,18.27,1.0269,1.0269,0.8256,0
18,2,0.00,0.00,0.00,0.00,0.00,0.00,0.00,,22.87,,17.98,17.98,1.0281,1.0281,0.8256,0
18,3,0.00,0.00,0.00,0.00,0.00,0.00,0.00,,22.87,,17.43,17.43,1.0303,1.0303,0.8256,0
18,4,0.00,0.00,0.00,0.00,0.00,0.00,0.00,,22.87,,17.19,17.19,1.0312,1.0312,0.8256,0
18,5,0.00,0.00,0.00,0.00,0.00,0.00,0.00,,22.87,,16.84,16.84,1.0326,1.0326,0.8256,0
18,6,0.00,0.00,0.00,0.00,0.00,0.00,0.00,,22.87,,16.54,16.54,1.0338,1.0338,0.8256,0
18,7,0.00,0.00,0.00,0.00,0.00,0.00,0.00,,22.87,,16.65,16.65,1.0334,1.0334,0.8256,0
18,8,69.70,0.00,0.29,0.24,0.29,0.24,0.00,,22.87,,19.43,19.43,1.0223,1.0223,0.8256,0
18,9,334.10,0.09,1.34,1.10,1.32,1.09,0.63,1440.00,22.87,23.24,27.86,24.87,0.9886,1.0005,0.8256,0
18,10,587.54,0.21,2.34,1.93,2.23,1.84,2.45,1440.00,22.87,24.33,38.06,26.42,0.9478,0.9943,0.8256,0
18,11,805.86,0.24,3.19,2.64,2.95,2.44,3.92,1440.00,22.87,25.21,45.84,27.22,0.9166,0.9911,0.8256,1
18,12,965.06,0.27,3.82,3.15,3.44,2.84,5.18,1440.00,22.87,25.96,52.11,27.52,0.8916,0.9899,0.8256,1
18,13,1056.48,0.27,4.16,3.43,3.70,3.06,5.66,1440.00,22.87,26.25,55.96,29.09,0.8762,0.9837,0.8256,1
18,14,1071.47,0.26,4.20,3.46,3.74,3.09,5.56,1440.00,22.87,26.19,56.68,30.26,0.8733,0.9790,0.8256,1
18,15,1007.44,0.25,3.94,3.25,3.55,2.93,5.11,1440.00,22.87,25.92,54.97,30.73,0.8801,0.9771,0.8256,1
18,16,870.86,0.25,3.41,2.81,3.13,2.58,4.28,1440.00,22.87,25.42,50.69,30.36,0.8972,0.9786,0.8256,1
18,17,677.37,0.25,2.67,2.20,2.49,2.06,3.33,1440.00,22.87,24.86,44.88,29.05,0.9205,0.9838,0.8256,1
18,18,447.82,0.24,1.78,1.47,1.70,1.41,2.15,1440.00,22.87,24.15,37.19,27.00,0.9512,0.9920,0.8256,0
18,19,215.44,0.25,0.86,0.71,0.84,0.70,1.08,1440.00,22.87,23.51,29.97,24.83,0.9801,1.0007,0.8256,0
18,20,38.57,0.23,0.16,0.13,0.15,0.13,0.18,1440.00,22.87,22.97,24.05,23.21,1.0038,1.0072,0.8256,0
18,21,0.14,0.00,0.00,0.00,0.00,0.00,0.00,,22.87,,22.73,22.73,1.0091,1.0091,0.8256,0
18,22,0.00,0.00,0.00,0.00,0.00,0.00,0.00,,22.87,,21.33,21.33,1.0147,1.0147,0.8256,0
18,23,0.00,0.00,0.00,0.00,0.00,0.00,0.00,,22.87,,20.71,20.71,1.0172,1.0172,0.8256,0
18,24,0.00,0.00,0.00,0.00,0.00,0.00,0.00,,22.87,,19.73,19.73,1.0211,1.0211,0.8256,0
19,1,0.00,0.00,0.00,0.00,0.00,0.00,0.00,,22.86,,19.93,19.93,1.0203,1.0203,0.8256,0
19,2,0.00,0.00,0.00,0.00,0.00,0.00,0.00,,22.86,,19.90,19.90,1.0204,1.0204,0.8256,0
19,3,0.00,0.00,0.00,0.00,0.00,0.00,0.00,,22.86,,19.38,19.38,1.0225,1.0225,0.8256,0
19,4,0.00,0.00,0.00,0.00,0.00,0.00,0.00,,22.86,,19.34,19.34,1.0226,1.0226,0.8256,0
19,5,0.00,0.00,0.00,0.00,0.00,0.00,0.00,,22.86,,18.61,18.61,1.0256,1.0256,0.8256,0
19,6,0.00,0.00,0.00,0.00,0.00,0.00,0.00,,22.86,,18.15,18.15,1.0274,1.0274,0.8256,0
19,7,0.00,0.00,0.00,0.00,0.00,0.00,0.00,,22.86,,17.94,17.94,1.0282,1.0282,0.8256,0
19,8,56.60,0.00,0.23,0.19,0.23,0.19,0.00,,22.86,,20.52,20.52,1.0179,1.0179,0.8256,0
19,9,332.63,0.14,1.33,1.10,1.31,1.08,0.91,1440.00,22.86,23.40,29.42,25.10,0.9823,0.9996,0.8256,0
19,10,587.09,0.24,2.33,1.92,2.21,1.82,2.80,1440.00,22.86,24.53,40.11,26.82,0.9396,0.9927,0.8256,0
19,11,804.13,0.27,3.18,2.62,2.92,2.41,4.29,1440.00,22.86,25.42,48.38,28.02,0.9065,0.9879,0.8256,1
19,12,964.78,0.29,3.80,3.13,3.39,2.80,5.51,1440.00,22.86,26.15,55.23,29.06,0.8791,0.9838,0.8256,1
19,13,1054.16,0.28,4.13,3.41,3.65,3.01,5.92,1440.00,22.86,26.40,58.53,30.41,0.8659,0.9783,0.8256,1
19,14,1066.36,0.27,4.15,3.43,3.69,3.04,5.77,1440.00,22.86,26.31,58.99,31.58,0.8640,0.9737,0.8256,1
19,15,1002.35,0.26,3.90,3.22,3.50,2.89,5.31,1440.00,22.86,26.03,57.00,31.81,0.8720,0.9728,0.8256,1
19,16,868.19,0.27,3.39,2.80,3.09,2.55,4.62,1440.00,22.86,25.62,52.82,30.89,0.8887,0.9765,0.8256,1
19,17,676.75,0.27,2.66,2.20,2.47,2.04,3.72,1440.00,22.86,25.08,46.67,29.01,0.9133,0.9840,0.8256,1
19,18,452.64,0.28,1.80,1.48,1.71,1.41,2.57,1440.00,22.86,24.40,39.09,26.88,0.9437,0.9925,0.8256,0
19,19,218.42,0.33,0.87,0.72,0.85,0.70,1.44,1440.00,22.86,23.72,31.64,24.79,0.9735,1.0009,0.8256,0
19,20,38.92,0.53,0.16,0.13,0.16,0.13,0.41,1440.00,22.86,23.11,25.16,23.19,0.9994,1.0072,0.8256,0
19,21,0.09,1.00,0.00,0.00,0.00,0.00,0.00,1440.00,22.86,22.86,23.64,23.63,1.0054,1.0055,0.8256,0
19,22,0.00,0.00,0.00,0.00,0.00,0.00,0.00,,22.86,,22.13,22.13,1.0115,1.0115,0.8256,0
19,23,0.00,0.00,0.00,0.00,0.00,0.00,0.00,,22.86,,21.49,21.49,1.0140,1.0140,0.8256,0
19,24,0.00,0.00,0.00,0.00,0.00,0.00,0.00,,22.86,,20.85,20.85,1.0166,1.0166,0.8256,0
20,1,0.00,0.00,0.00,0.00,0.00,0.00,0.00,,22.86,,20.83,20.83,1.0167,1.0167,0.8256,0
20,2,0.00,0.00,0.00,0.00,0.00,0.00,0.00,,22.86,,20.40,20.40,1.0184,1.0184,0.8256,0
20,3,0.00,0.00,0.00,0.00,0.00,0.00,0.00,,22.86,,19.73,19.73,1.0211,1.0211,0.8256,0
20,4,0.00,0.00,0.00,0.00,0.00,0.00,0.00,,22.86,,19.52,19.52,1.0219,1.0219,0.8256,0
20,5,0.00,0.00,0.00,0.00,0.00,0.00,0.00,,22.86,,18.91,18.91,1.0244,1.0244,0.8256,0
20,6,0.00,0.00,0.00,0.00,0.00,0.00,0.00,,22.86,,18.62,18.62,1.0255,1.0255,0.8256,0
20,7,0.00,0.00,0.00,0.00,0.00,0.00,0.00,,22.86,,18.71,18.71,1.0252,1.0252,0.8256,0
20,8,56.60,0.00,0.23,0.19,0.23,0.19,0.00,,22.86,,21.24,21.24,1.0150,1.0150,0.8256,0
20,9,334.87,0.17,1.34,1.11,1.31,1.08,1.11,1440.00,22.86,23.52,30.30,25.04,0.9788,0.9998,0.8256,0
20,10,592.34,0.25,2.35,1.94,2.22,1.83,2.95,1440.00,22.86,24.62,40.71,26.72,0.9372,0.9931,0.8256,0
20,11,812.14,0.26,3.21,2.65,2.94,2.43,4.28,1440.00,22.86,25.41,48.57,28.24,0.9057,0.9870,0.8256,1
20,12,974.58,0.28,3.83,3.16,3.43,2.83,5.48,1440.00,22.86,26.13,55.24,29.21,0.8791,0.9832,0.8256,1
20,13,1064.41,0.29,4.17,3.45,3.68,3.04,6.09,1440.00,22.86,26.49,58.81,29.91,0.8647,0.9803,0.8256,1
20,14,1076.03,0.28,4.20,3.47,3.71,3.06,6.03,1440.00,22.86,26.46,59.42,30.80,0.8623,0.9768,0.8256,1
20,15,1009.54,0.27,3.94,3.25,3.52,2.90,5.49,1440.00,22.86,26.14,57.26,31.16,0.8710,0.9753,0.8256,1
20,16,872.39,0.26,3.40,2.81,3.10,2.56,4.61,1440.00,22.86,25.61,52.94,31.06,0.8882,0.9758,0.8256,1
20,17,675.08,0.26,2.65,2.19,2.47,2.04,3.54,1440.00,22.86,24.97,46.59,29.78,0.9137,0.9809,0.8256,1
20,18,444.40,0.26,1.76,1.45,1.68,1.39,2.27,1440.00,22.86,24.21,38.11,27.32,0.9476,0.9907,0.8256,0
20,19,212.48,0.28,0.85,0.70,0.83,0.69,1.21,1440.00,22.86,23.58,30.63,24.90,0.9775,1.0004,0.8256,0
20,20,37.55,0.43,0.15,0.12,0.15,0.12,0.32,1440.00,22.86,23.05,24.72,23.20,1.0011,1.0072,0.8256,0
20,21,0.05,1.00,0.00,0.00,0.00,0.00,0.00,1440.00,22.86,22.86,23.51,23.51,1.0060,1.0060,0.8256,0
20,22,0.00,0.00,0.00,0.00,0.00,0.00,0.00,,22.86,,22.40,22.40,1.0104,1.0104,0.8256,0
20,23,0.00,0.00,0.00,0.00,0.00,0.00,0.00,,22.86,,22.09,22.09,1.0116,1.0116,0.8256,0
20,24,0.00,0.00,0.00,0.00,0.00,0.00,0.00,,22.86,,21.49,21.49,1.0140,1.0140,0.8256,0
21,1,0.00,0.00,0.00,0.00,0.00,0.00,0.00,,22.85,,21.39,21.39,1.0144,1.0144,0.8256,0
21,2,0.00,0.00,0.00,0.00,0.00,0.00,0.00,,22.85,,21.11,21.11,1.0156,1.0156,0.8256,0
21,3,0.00,0.00,0.00,0.00,0.00,0.00,0.00,,22.85,,20.49,20.49,1.0180,1.0180,0.8256,0
21,4,0.00,0.00,0.00,0.00,0.00,0.00,0.00,,22.85,,20.33,20.33,1.0187,1.0187,0.8256,0
21,5,0.00,0.00,0.00,0.00,0.00,0.00,0.00,,22.85,,20.13,20.13,1.0195,1.0195,0.8256,0
21,6,0.00,0.00,0.00,0.00,0.00,0.00,0.00,,22.85,,19.78,19.78,1.0209,1.0209,0.8256,0
21,7,0.00,0.00,0.00,0.00,0.00,0.00,0.00,,22.85,,19.71,19.71,1.0212,1.0212,0.8256,0
21,8,61.04,0.00,0.25,0.20,0.25,0.20,0.00,,22.85,,21.99,21.99,1.0120,1.0120,0.8256,0
21,9,319.62,0.17,1.28,1.05,1.25,1.03,1.11,1440.00,22.85,23.51,30.40,25.14,0.9784,0.9994,0.8256,0
21,10,565.53,0.25,2.25,1.86,2.13,1.76,2.86,1440.00,22.85,24.56,39.97,26.39,0.9401,0.9944,0.8256,0
21,11,782.29,0.27,3.09,2.56,2.85,2.35,4.19,1440.00,22.85,25.35,47.64,27.74,0.9095,0.9890,0.8256,1
21,12,942.24,0.28,3.70,3.06,3.33,2.75,5.19,1440.00,22.85,25.95,53.94,29.30,0.8842,0.9828,0.8256,1
21,13,1030.59,0.27,4.02,3.32,3.59,2.96,5.49,1440.00,22.85,26.13,57.24,31.16,0.8711,0.9754,0.8256,1
21,14,1044.50,0.26,4.06,3.35,3.63,2.99,5.40,1440.00,22.85,26.08,57.98,32.33,0.8681,0.9707,0.8256,1
21,15,981.02,0.26,3.81,3.14,3.43,2.83,5.04,1440.00,22.85,25.86,56.31,32.38,0.8748,0.9705,0.8256,1
21,16,847.84,0.26,3.30,2.73,3.02,2.50,4.37,1440.00,22.85,25.46,52.20,31.45,0.8912,0.9742,0.8256,1
21,17,658.34,0.26,2.58,2.13,2.41,1.99,3.46,1440.00,22.85,24.92,46.15,29.71,0.9154,0.9812,0.8256,1
21,18,430.99,0.27,1.71,1.41,1.63,1.35,2.32,1440.00,22.85,24.24,38.49,27.45,0.9460,0.9902,0.8256,0
21,19,209.28,0.32,0.84,0.69,0.82,0.67,1.34,1440.00,22.85,23.65,31.50,25.13,0.9740,0.9995,0.8256,0
21,20,37.00,0.67,0.15,0.12,0.15,0.12,0.50,1440.00,22.85,23.15,25.63,23.26,0.9975,1.0070,0.8256,0
21,21,0.05,1.00,0.00,0.00,0.00,0.00,0.00,1440.00,22.85,22.85,24.45,24.45,1.0022,1.0022,0.8256,0
21,22,0.00,0.00,0.00,0.00,0.00,0.00,0.00,,22.85,,23.36,23.36,1.0066,1.0066,0.8256,0
21,23,0.00,0.00,0.00,0.00,0.00,0.00,0.00,,22.85,,23.05,23.05,1.0078,1.0078,0.8256,0
21,24,0.00,0.00,0.00,0.00,0.00,0.00,0.00,,22.85,,22.51,22.51,1.0100,1.0100,0.8256,0
22,1,0.00,0.00,0.00,0.00,0.00,0.00,0.00,,22.84,,22.42,22.42,1.0103,1.0103,0.8256,0
22,2,0.00,0.00,0.00,0.00,0.00,0.00,0.00,,22.84,,22.04,22.04,1.0118,1.0118,0.8256,0
22,3,0.00,0.00,0.00,0.00,0.00,0.00,0.00,,22.84,,21.46,21.46,1.0142,1.0142,0.8256,0
22,4,0.00,0.00,0.00,0.00,0.00,0.00,0.00,,22.84,,21.35,21.35,1.0146,1.0146,0.8256,0
22,5,0.00,0.00,0.00,0.00,0.00,0.00,0.00,,22.84,,21.21,21.21,1.0152,1.0152,0.8256,0
22,6,0.00,0.00,0.00,0.00,0.00,0.00,0.00,,22.84,,20.92,20.92,1.0163,1.0163,0.8256,0
22,7,0.00,0.00,0.00,0.00,0.00,0.00,0.00,,22.84,,20.86,20.86,1.0166,1.0166,0.8256,0
22,8,74.06,0.00,0.30,0.25,0.30,0.25,0.00,,22.84,,23.35,23.35,1.0066,1.0066,0.8256,0
22,9,311.55,0.19,1.24,1.03,1.22,1.00,1.17,1440.00,22.84,23.54,31.00,25.44,0.9760,0.9983,0.8256,0
22,10,558.82,0.27,2.22,1.83,2.09,1.73,3.00,1440.00,22.84,24.63,41.06,26.81,0.9357,0.9928,0.8256,0
22,11,779.29,0.29,3.08,2.54,2.81,2.32,4.50,1440.00,22.84,25.53,49.27,27.92,0.9029,0.9883,0.8256,1
22,12,934.71,0.31,3.68,3.04,3.27,2.70,5.73,1440.00,22.84,26.26,56.08,28.89,0.8757,0.9845,0.8256,1
22,13,1024.00,0.30,4.01,3.31,3.53,2.92,6.17,1440.00,22.84,26.53,59.47,30.17,0.8621,0.9793,0.8256,1
22,14,996.51,0.30,3.89,3.21,3.44,2.84,5.91,1440.00,22.84,26.37,59.03,30.99,0.8639,0.9761,0.8256,1
22,15,843.98,0.30,3.30,2.73,2.97,2.46,5.11,1440.00,22.84,25.89,54.77,30.50,0.8809,0.9780,0.8256,1
22,16,583.50,0.32,2.30,1.90,2.13,1.76,3.78,1440.00,22.84,25.10,46.52,28.57,0.9139,0.9857,0.8256,1
22,17,477.12,0.33,1.89,1.56,1.77,1.46,3.19,1440.00,22.84,24.75,42.88,27.73,0.9285,0.9891,0.8256,1
22,18,226.62,0.40,0.91,0.75,0.87,0.72,1.83,1440.00,22.84,23.93,33.83,25.15,0.9647,0.9994,0.8256,0
22,19,153.72,0.46,0.62,0.51,0.60,0.50,1.42,1440.00,22.84,23.69,31.12,24.36,0.9755,1.0026,0.8256,0
22,20,40.59,1.00,0.16,0.13,0.16,0.13,0.81,1440.00,22.84,23.32,27.40,23.54,0.9904,1.0058,0.8256,0
22,21,0.05,1.00,0.00,0.00,0.00,0.00,0.00,1440.00,22.84,22.84,26.02,26.02,0.9959,0.9959,0.8256,0
22,22,0.00,0.00,0.00,0.00,0.00,0.00,0.00,,22.84,,25.21,25.21,0.9992,0.9992,0.8256,0
22,23,0.00,0.00,0.00,0.00,0.00,0.00,0.00,,22.84,,24.84,24.84,1.0006,1.0006,0.8256,0
22,24,0.00,0.00,0.00,0.00,0.00,0.00,0.00,,22.84,,24.18,24.18,1.0033,1.0033,0.8256,0
23,1,0.00,0.00,0.00,0.00,0.00,0.00,0.00,,22.83,,23.92,23.92,1.0043,1.0043,0.8256,0
23,2,0.00,0.00,0.00,0.00,0.00,0.00,0.00,,22.83,,23.55,23.55,1.0058,1.0058,0.8256,0
23,3,0.00,0.00,0.00,0.00,0.00,0.00,0.00,,22.83,,23.18,23.18,1.0073,1.0073,0.8256,0
23,4,0.00,0.00,0.00,0.00,0.00,0.00,0.00,,22.83,,22.91,22.91,1.0084,1.0084,0.8256,0
23,5,0.00,0.00,0.00,0.00,0.00,0.00,0.00,,22.83,,22.59,22.59,1.0096,1.0096,0.8256,0
23,6,0.00,0.00,0.00,0.00,0.00,0.00,0.00,,22.83,,22.28,22.28,1.0109,1.0109,0.8256,0
23,7,0.00,0.00,0.00,0.00,0.00,0.00,0.00,,22.83,,22.71,22.71,1.0092,1.0092,0.8256,0
23,8,82.29,0.16,0.33,0.27,0.33,0.27,0.27,1440.00,22.83,22.99,24.87,23.60,1.0005,1.0056,0.8256,0
23,9,250.53,0.22,1.00,0.83,0.98,0.81,1.10,1440.00,22.83,23.49,30.21,25.00,0.9792,1.0000,0.8256,0
23,10,344.06,0.30,1.38,1.14,1.32,1.09,2.03,1440.00,22.83,24.04,34.38,24.73,0.9625,1.0011,0.8256,0
23,11,512.81,0.28,2.04,1.68,1.93,1.59,2.84,1440.00,22.83,24.52,39.81,26.34,0.9408,0.9946,0.8256,1
23,12,646.81,0.28,2.56,2.12,2.39,1.97,3.56,1440.00,22.83,24.96,44.25,27.36,0.9230,0.9906,0.8256,1
23,13,698.53,0.27,2.76,2.28,2.56,2.11,3.80,1440.00,22.83,25.10,45.99,27.95,0.9160,0.9882,0.8256,1
23,14,633.73,0.27,2.51,2.07,2.34,1.93,3.47,1440.00,22.83,24.90,44.06,27.57,0.9237,0.9897,0.8256,1
23,15,631.03,0.26,2.49,2.06,2.34,1.93,3.29,1440.00,22.83,24.80,43.69,28.06,0.9252,0.9878,0.8256,1
23,16,601.63,0.27,2.38,1.96,2.23,1.84,3.27,1440.00,22.83,24.78,43.38,27.85,0.9265,0.9886,0.8256,1
23,17,457.78,0.29,1.82,1.50,1.72,1.42,2.70,1440.00,22.83,24.44,39.51,26.70,0.9420,0.9932,0.8256,1
23,18,319.03,0.32,1.27,1.05,1.22,1.01,2.03,1440.00,22.83,24.04,35.42,25.80,0.9583,0.9968,0.8256,0
23,19,145.70,0.41,0.58,0.48,0.57,0.47,1.20,1440.00,22.83,23.54,29.98,24.30,0.9801,1.0028,0.8256,0
23,20,37.88,0.88,0.15,0.13,0.15,0.12,0.67,1440.00,22.83,23.23,26.39,23.22,0.9944,1.0071,0.8256,0
23,21,0.05,1.00,0.00,0.00,0.00,0.00,0.00,1440.00,22.83,22.83,25.10,25.10,0.9996,0.9996,0.8256,0
23,22,0.00,0.00,0.00,0.00,0.00,0.00,0.00,,22.83,,24.09,24.09,1.0036,1.0036,0.8256,0
23,23,0.00,0.00,0.00,0.00,0.00,0.00,0.00,,22.83,,23.73,23.73,1.0051,1.0051,0.8256,0
23,24,0.00,0.00,0.00,0.00,0.00,0.00,0.00,,22.83,,23.40,23.40,1.0064,1.0064,0.8256,0
24,1,0.00,0.00,0.00,0.00,0.00,0.00,0.00,,22.82,,23.31,23.31,1.0068,1.0068,0.8256,0
24,2,0.00,0.00,0.00,0.00,0.00,0.00,0.00,,22.82,,23.09,23.09,1.0076,1.0076,0.8256,0
24,3,0.00,0.00,0.00,0.00,0.00,0.00,0.00,,22.82,,22.66,22.66,1.0094,1.0094,0.8256,0
24,4,0.00,0.00,0.00,0.00,0.00,0.00,0.00,,22.82,,22.58,22.58,1.0097,1.0097,0.8256,0
24,5,0.00,0.00,0.00,0.00,0.00,0.00,0.00,,22.82,,22.28,22.28,1.0109,1.0109,0.8256,0
24,6,0.00,0.00,0.00,0.00,0.00,0.00,0.00,,22.82,,21.95,21.95,1.0122,1.0122,0.8256,0
24,7,0.00,0.00,0.00,0.00,0.00,0.00,0.00,,22.82,,21.85,21.85,1.0126,1.0126,0.8256,0
24,8,61.56,0.14,0.25,0.20,0.25,0.20,0.18,1440.00,22.82,22.92,24.02,23.19,1.0039,1.0073,0.8256,0
24,9,284.35,0.24,1.14,0.94,1.11,0.92,1.35,1440.00,22.82,23.63,31.07,24.64,0.9757,1.0014,0.8256,0
24,10,518.12,0.29,2.07,1.71,1.95,1.61,3.00,1440.00,22.82,24.61,39.91,25.64,0.9404,0.9974,0.8256,0
24,11,753.87,0.27,2.98,2.46,2.74,2.26,4.15,1440.00,22.82,25.30,47.71,28.02,0.9092,0.9879,0.8256,1
24,12,904.50,0.28,3.55,2.93,3.21,2.65,5.03,1440.00,22.82,25.82,53.27,29.40,0.8869,0.9824,0.8256,1
24,13,979.21,0.28,3.83,3.16,3.43,2.83,5.45,1440.00,22.82,26.07,56.24,30.35,0.8750,0.9786,0.8256,1
24,14,1007.04,0.28,3.93,3.25,3.50,2.89,5.58,1440.00,22.82,26.15,57.56,31.05,0.8698,0.9758,0.8256,1
24,15,920.10,0.28,3.60,2.97,3.23,2.67,5.16,1440.00,22.82,25.90,55.26,30.78,0.8789,0.9769,0.8256,1
24,16,706.05,0.29,2.77,2.29,2.56,2.11,4.05,1440.00,22.82,25.24,48.60,29.38,0.9056,0.9825,0.8256,1
24,17,465.16,0.31,1.85,1.52,1.74,1.44,2.88,1440.00,22.82,24.54,40.76,27.09,0.9370,0.9916,0.8256,1
24,18,366.46,0.30,1.46,1.20,1.40,1.15,2.19,1440.00,22.82,24.13,36.52,26.13,0.9539,0.9955,0.8256,0
24,19,169.31,0.36,0.68,0.56,0.66,0.55,1.20,1440.00,22.82,23.54,30.13,24.41,0.9795,1.0024,0.8256,0
24,20,39.83,0.74,0.16,0.13,0.16,0.13,0.59,1440.00,22.82,23.17,25.97,23.18,0.9961,1.0073,0.8256,0
24,21,0.00,0.00,0.00,0.00,0.00,0.00,0.00,,22.82,,24.63,24.63,1.0015,1.0015,0.8256,0
24,22,0.00,0.00,0.00,0.00,0.00,0.00,0.00,,22.82,,23.85,23.85,1.0046,1.0046,0.8256,0
24,23,0.00,0.00,0.00,0.00,0.00,0.00,0.00,,22.82,,23.71,23.71,1.0052,1.0052,0.8256,0
24,24,0.00,0.00,0.00,0.00,0.00,0.00,0.00,,22.82,,23.48,23.48,1.0061,1.0061,0.8256,0
25,1,0.00,0.00,0.00,0.00,0.00,0.00,0.00,,22.80,,23.44,23.44,1.0062,1.0062,0.8256,0
25,2,0.00,0.00,0.00,0.00,0.00,0.00,0.00,,22.80,,23.18,23.18,1.0073,1.0073,0.8256,0
25,3,0.00,0.00,0.00,0.00,0.00,0.00,0.00,,22.80,,22.91,22.91,1.0084,1.0084,0.8256,0
25,4,0.00,0.00,0.00,0.00,0.00,0.00,0.00,,22.80,,22.84,22.84,1.0086,1.0086,0.8256,0
25,5,0.00,0.00,0.00,0.00,0.00,0.00,0.00,,22.80,,22.73,22.73,1.0091,1.0091,0.8256,0
25,6,0.00,0.00,0.00,0.00,0.00,0.00,0.00,,22.80,,22.63,22.63,1.0095,1.0095,0.8256,0
25,7,0.00,0.00,0.00,0.00,0.00,0.00,0.00,,22.80,,22.61,22.61,1.0096,1.0096,0.8256,0
25,8,75.76,0.26,0.31,0.25,0.30,0.25,0.39,1440.00,22.80,23.04,25.19,23.34,0.9992,1.0067,0.8256,0
25,9,249.51,0.26,1.00,0.83,0.98,0.81,1.27,1440.00,22.80,23.57,30.64,24.59,0.9775,1.0016,0.8256,0
25,10,328.76,0.29,1.32,1.09,1.27,1.05,1.91,1440.00,22.80,23.95,33.75,24.67,0.9650,1.0013,0.8256,0
25,11,410.39,0.28,1.64,1.35,1.57,1.29,2.30,1440.00,22.80,24.18,36.40,25.48,0.9544,0.9981,0.8256,1
25,12,394.81,0.29,1.58,1.30,1.51,1.24,2.30,1440.00,22.80,24.18,36.46,25.53,0.9542,0.9979,0.8256,1
25,13,475.12,0.29,1.89,1.56,1.79,1.48,2.71,1440.00,22.80,24.43,39.38,26.49,0.9425,0.9941,0.8256,1
25,14,353.16,0.29,1.41,1.16,1.35,1.12,2.04,1440.00,22.80,24.02,35.53,25.86,0.9579,0.9966,0.8256,1
25,15,401.82,0.27,1.60,1.32,1.53,1.26,2.15,1440.00,22.80,24.09,36.88,26.69,0.9525,0.9932,0.8256,1
25,16,627.91,0.25,2.47,2.04,2.32,1.92,3.15,1440.00,22.80,24.69,43.67,28.71,0.9253,0.9852,0.8256,1
25,17,566.44,0.26,2.24,1.85,2.11,1.74,3.00,1440.00,22.80,24.60,42.26,28.01,0.9310,0.9880,0.8256,1
25,18,223.52,0.33,0.90,0.74,0.87,0.72,1.45,1440.00,22.80,23.67,31.64,24.74,0.9734,1.0010,0.8256,0
25,19,117.15,0.38,0.47,0.39,0.46,0.38,0.90,1440.00,22.80,23.34,28.09,23.83,0.9876,1.0047,0.8256,0
25,20,37.32,0.60,0.15,0.12,0.15,0.12,0.45,1440.00,22.80,23.07,25.28,23.15,0.9989,1.0074,0.8256,0
25,21,0.00,0.00,0.00,0.00,0.00,0.00,0.00,,22.80,,24.07,24.07,1.0037,1.0037,0.8256,0
25,22,0.00,0.00,0.00,0.00,0.00,0.00,0.00,,22.80,,23.54,23.54,1.0058,1.0058,0.8256,0
25,23,0.00,0.00,0.00,0.00,0.00,0.00,0.00,,22.80,,23.42,23.42,1.0063,1.0063,0.8256,0
25,24,0.00,0.00,0.00,0.00,0.00,0.00,0.00,,22.80,,23.20,23.20,1.0072,1.0072,0.8256,0
26,1,0.00,0.00,0.00,0.00,0.00,0.00,0.00,,22.79,,23.17,23.17,1.0073,1.0073,0.8256,0
26,2,0.00,0.00,0.00,0.00,0.00,0.00,0.00,,22.79,,22.95,22.95,1.0082,1.0082,0.8256,0
26,3,0.00,0.00,0.00,0.00,0.00,0.00,0.00,,22.79,,22.81,22.81,1.0088,1.0088,0.8256,0
26,4,0.00,0.00,0.00,0.00,0.00,0.00,0.00,,22.79,,22.80,22.80,1.0088,1.0088,0.8256,0
26,5,0.00,0.00,0.00,0.00,0.00,0.00,0.00,,22.79,,22.87,22.87,1.0085,1.0085,0.8256,0
26,6,0.00,0.00,0.00,0.00,0.00,0.00,0.00,,22.79,,22.77,22.77,1.0089,1.0089,0.8256,0
26,7,0.00,0.00,0.00,0.00,0.00,0.00,0.00,,22.79,,22.75,22.75,1.0090,1.0090,0.8256,0
26,8,66.20,0.30,0.27,0.22,0.26,0.22,0.39,1440.00,22.79,23.03,25.14,23.27,0.9994,1.0069,0.8256,0
26,9,176.39,0.28,0.71,0.58,0.70,0.57,0.99,1440.00,22.79,23.38,28.73,24.05,0.9851,1.0038,0.8256,0
26,10,320.30,0.28,1.28,1.06,1.24,1.02,1.82,1440.00,22.79,23.88,33.65,25.00,0.9654,1.0000,0.8256,0
26,11,397.07,0.28,1.58,1.31,1.52,1.25,2.18,1440.00,22.79,24.10,36.20,25.83,0.9552,0.9967,0.8256,1
26,12,508.84,0.28,2.02,1.67,1.91,1.58,2.84,1440.00,22.79,24.49,40.10,26.62,0.9396,0.9935,0.8256,1
26,13,496.41,0.29,1.97,1.63,1.87,1.54,2.87,1440.00,22.79,24.51,40.15,26.51,0.9394,0.9940,0.8256,1
26,14,542.82,0.28,2.15,1.78,2.03,1.67,3.09,1440.00,22.79,24.64,41.79,27.12,0.9328,0.9915,0.8256,1
26,15,568.91,0.28,2.25,1.86,2.11,1.74,3.18,1440.00,22.79,24.69,43.00,27.90,0.9280,0.9884,0.8256,1
26,16,401.89,0.30,1.60,1.32,1.52,1.26,2.39,1440.00,22.79,24.22,38.00,26.63,0.9480,0.9935,0.8256,1
26,17,377.40,0.29,1.50,1.24,1.44,1.19,2.22,1440.00,22.79,24.12,37.01,26.48,0.9519,0.9941,0.8256,1
26,18,345.36,0.28,1.37,1.14,1.33,1.09,1.90,1440.00,22.79,23.93,35.19,26.17,0.9592,0.9953,0.8256,0
26,19,181.63,0.33,0.73,0.60,0.71,0.59,1.19,1440.00,22.79,23.50,30.17,24.53,0.9793,1.0019,0.8256,0
26,20,36.68,0.66,0.15,0.12,0.15,0.12,0.48,1440.00,22.79,23.08,25.42,23.11,0.9983,1.0075,0.8256,0
26,21,0.00,0.00,0.00,0.00,0.00,0.00,0.00,,22.79,,24.26,24.26,1.0030,1.0030,0.8256,0
26,22,0.00,0.00,0.00,0.00,0.00,0.00,0.00,,22.79,,23.87,23.87,1.0045,1.0045,0.8256,0
26,23,0.00,0.00,0.00,0.00,0.00,0.00,0.00,,22.79,,23.83,23.83,1.0047,1.0047,0.8256,0
26,24,0.00,0.00,0.00,0.00,0.00,0.00,0.00,,22.79,,23.57,23.57,1.0057,1.0057,0.8256,0
27,1,0.00,0.00,0.00,0.00,0.00,0.00,0.00,,22.77,,23.54,23.54,1.0058,1.0058,0.8256,0
27,2,0.00,0.00,0.00,0.00,0.00,0.00,0.00,,22.77,,23.46,23.46,1.0062,1.0062,0.8256,0
27,3,0.00,0.00,0.00,0.00,0.00,0.00,0.00,,22.77,,23.49,23.49,1.0060,1.0060,0.8256,0
27,4,0.00,0.00,0.00,0.00,0.00,0.00,0.00,,22.77,,23.52,23.52,1.0059,1.0059,0.8256,0
27,5,0.00,0.00,0.00,0.00,0.00,0.00,0.00,,22.77,,23.53,23.53,1.0059,1.0059,0.8256,0
27,6,0.00,0.00,0.00,0.00,0.00,0.00,0.00,,22.77,,23.43,23.43,1.0063,1.0063,0.8256,0
27,7,0.00,0.00,0.00,0.00,0.00,0.00,0.00,,22.77,,23.44,23.44,1.0062,1.0062,0.8256,0
27,8,69.42,0.36,0.28,0.23,0.28,0.23,0.51,1440.00,22.77,23.08,25.74,23.34,0.9970,1.0066,0.8256,0
27,9,198.95,0.29,0.80,0.66,0.78,0.64,1.15,1440.00,22.77,23.46,29.88,24.40,0.9805,1.0024,0.8256,0
27,10,387.42,0.30,1.54,1.28,1.48,1.22,2.30,1440.00,22.77,24.15,36.76,25.82,0.9530,0.9967,0.8256,0
27,11,597.24,0.28,2.36,1.95,2.21,1.83,3.40,1440.00,22.77,24.81,43.67,27.53,0.9253,0.9899,0.8256,1
27,12,744.75,0.28,2.93,2.42,2.69,2.22,4.21,1440.00,22.77,25.29,48.88,28.90,0.9045,0.9844,0.8256,1
27,13,808.55,0.28,3.17,2.62,2.90,2.39,4.52,1440.00,22.77,25.48,51.21,29.73,0.8952,0.9811,0.8256,1
27,14,797.38,0.28,3.13,2.58,2.86,2.36,4.40,1440.00,22.77,25.41,50.89,29.98,0.8964,0.9801,0.8256,1
27,15,777.30,0.27,3.04,2.51,2.79,2.31,4.25,1440.00,22.77,25.31,50.39,30.20,0.8984,0.9792,0.8256,1
27,16,493.03,0.30,1.95,1.61,1.84,1.52,2.99,1440.00,22.77,24.56,41.97,27.78,0.9321,0.9889,0.8256,1
27,17,365.77,0.31,1.45,1.20,1.39,1.15,2.24,1440.00,22.77,24.12,37.22,26.57,0.9511,0.9937,0.8256,1
27,18,271.90,0.33,1.09,0.90,1.05,0.87,1.77,1440.00,22.77,23.83,33.95,25.53,0.9642,0.9979,0.8256,0
27,19,117.88,0.43,0.47,0.39,0.46,0.38,1.02,1440.00,22.77,23.38,28.81,23.98,0.9847,1.0041,0.8256,0
27,20,30.94,0.94,0.12,0.10,0.12,0.10,0.58,1440.00,22.77,23.12,25.84,23.08,0.9967,1.0077,0.8256,0
27,21,0.00,0.00,0.00,0.00,0.00,0.00,0.00,,22.77,,24.84,24.84,1.0006,1.0006,0.8256,0
27,22,0.00,0.00,0.00,0.00,0.00,0.00,0.00,,22.77,,24.45,24.45,1.0022,1.0022,0.8256,0
27,23,0.00,0.00,0.00,0.00,0.00,0.00,0.00,,22.77,,24.39,24.39,1.0024,1.0024,0.8256,0
27,24,0.00,0.00,0.00,0.00,0.00,0.00,0.00,,22.77,,24.22,24.22,1.0031,1.0031,0.8256,0
28,1,0.00,0.00,0.00,0.00,0.00,0.00,0.00,,22.76,,24.21,24.21,1.0032,1.0032,0.8256,0
28,2,0.00,0.00,0.00,0.00,0.00,0.00,0.00,,22.76,,24.11,24.11,1.0036,1.0036,0.8256,0
28,3,0.00,0.00,0.00,0.00,0.00,0.00,0.00,,22.76,,23.94,23.94,1.0042,1.0042,0.8256,0
28,4,0.00,0.00,0.00,0.00,0.00,0.00,0.00,,22.76,,23.88,23.88,1.0045,1.0045,0.8256,0
28,5,0.00,0.00,0.00,0.00,0.00,0.00,0.00,,22.76,,23.83,23.83,1.0047,1.0047,0.8256,0
28,6,0.00,0.00,0.00,0.00,0.00,0.00,0.00,,22.76,,23.70,23.70,1.0052,1.0052,0.8256,0
28,7,0.00,0.00,0.00,0.00,0.00,0.00,0.00,,22.76,,23.65,23.65,1.0054,1.0054,0.8256,0
28,8,72.50,0.37,0.29,0.24,0.29,0.24,0.54,1440.00,22.76,23.08,26.01,23.45,0.9960,1.0062,0.8256,0
28,9,222.48,0.28,0.89,0.73,0.87,0.72,1.23,1440.00,22.76,23.49,30.82,24.97,0.9767,1.0001,0.8256,0
28,10,434.98,0.27,1.73,1.43,1.65,1.36,2.35,1440.00,22.76,24.16,37.87,26.71,0.9485,0.9932,0.8256,0
28,11,690.01,0.26,2.71,2.24,2.53,2.09,3.60,1440.00,22.76,24.91,46.21,29.13,0.9151,0.9835,0.8256,1
28,12,795.72,0.26,3.12,2.57,2.86,2.36,4.15,1440.00,22.76,25.24,50.06,30.33,0.8998,0.9787,0.8256,1
28,13,858.89,0.26,3.35,2.77,3.06,2.53,4.49,1440.00,22.76,25.44,52.36,31.01,0.8906,0.9759,0.8256,1
28,14,936.82,0.26,3.65,3.01,3.30,2.72,4.85,1440.00,22.76,25.66,54.81,31.76,0.8808,0.9729,0.8256,1
28,15,893.29,0.26,3.48,2.87,3.17,2.62,4.62,1440.00,22.76,25.52,53.32,31.39,0.8867,0.9744,0.8256,1
28,16,751.42,0.26,2.94,2.43,2.72,2.25,3.89,1440.00,22.76,25.08,48.70,30.22,0.9052,0.9791,0.8256,1
28,17,593.96,0.26,2.34,1.93,2.20,1.82,3.06,1440.00,22.76,24.59,43.36,28.82,0.9266,0.9847,0.8256,1
28,18,396.05,0.27,1.57,1.30,1.51,1.24,2.16,1440.00,22.76,24.05,37.10,26.82,0.9516,0.9927,0.8256,0
28,19,197.26,0.33,0.79,0.65,0.77,0.64,1.29,1440.00,22.76,23.53,30.78,24.68,0.9769,1.0013,0.8256,0
28,20,33.42,0.70,0.13,0.11,0.13,0.11,0.47,1440.00,22.76,23.04,25.30,23.08,0.9988,1.0077,0.8256,0
28,21,0.00,0.00,0.00,0.00,0.00,0.00,0.00,,22.76,,24.19,24.19,1.0032,1.0032,0.8256,0
28,22,0.00,0.00,0.00,0.00,0.00,0.00,0.00,,22.76,,23.64,23.64,1.0054,1.0054,0.8256,0
28,23,0.00,0.00,0.00,0.00,0.00,0.00,0.00,,22.76,,23.62,23.62,1.0055,1.0055,0.8256,0
28,24,0.00,0.00,0.00,0.00,0.00,0.00,0.00,,22.76,,23.42,23.42,1.0063,1.0063,0.8256,0
29,1,0.00,0.00,0.00,0.00,0.00,0.00,0.00,,22.74,,23.41,23.41,1.0064,1.0064,0.8256,0
29,2,0.00,0.00,0.00,0.00,0.00,0.00,0.00,,22.74,,23.31,23.31,1.0068,1.0068,0.8256,0
29,3,0.00,0.00,0.00,0.00,0.00,0.00,0.00,,22.74,,23.01,23.01,1.0080,1.0080,0.8256,0
29,4,0.00,0.00,0.00,0.00,0.00,0.00,0.00,,22.74,,22.92,22.92,1.0083,1.0083,0.8256,0
29,5,0.00,0.00,0.00,0.00,0.00,0.00,0.00,,22.74,,22.90,22.90,1.0084,1.0084,0.8256,0
29,6,0.00,0.00,0.00,0.00,0.00,0.00,0.00,,22.74,,22.81,22.81,1.0088,1.0088,0.8256,0
29,7,0.00,0.00,0.00,0.00,0.00,0.00,0.00,,22.74,,22.81,22.81,1.0088,1.0088,0.8256,0
29,8,62.18,0.29,0.25,0.21,0.25,0.21,0.36,1440.00,22.74,22.96,24.89,23.17,1.0004,1.0073,0.8256,0
29,9,274.90,0.27,1.10,0.91,1.07,0.88,1.46,1440.00,22.74,23.61,31.72,24.80,0.9731,1.0008,0.8256,0
29,10,451.79,0.29,1.80,1.49,1.71,1.41,2.58,1440.00,22.74,24.28,38.33,26.10,0.9467,0.9956,0.8256,0
29,11,672.67,0.27,2.66,2.19,2.47,2.04,3.67,1440.00,22.74,24.93,45.46,28.03,0.9182,0.9879,0.8256,1
29,12,797.21,0.27,3.13,2.59,2.87,2.37,4.34,1440.00,22.74,25.33,49.95,29.34,0.9002,0.9826,0.8256,1
29,13,964.71,0.27,3.76,3.11,3.38,2.79,5.16,1440.00,22.74,25.82,55.73,31.24,0.8771,0.9750,0.8256,1
29,14,993.16,0.26,3.86,3.19,3.47,2.86,5.22,1440.00,22.74,25.86,56.72,31.92,0.8731,0.9723,0.8256,1
29,15,973.23,0.26,3.78,3.12,3.41,2.81,5.07,1440.00,22.74,25.77,56.12,32.04,0.8755,0.9718,0.8256,1
29,16,853.12,0.26,3.33,2.75,3.04,2.51,4.45,1440.00,22.74,25.40,52.22,31.08,0.8911,0.9757,0.8256,1
29,17,667.61,0.27,2.62,2.17,2.44,2.02,3.57,1440.00,22.74,24.87,46.30,29.34,0.9148,0.9827,0.8256,1
29,18,438.86,0.28,1.74,1.44,1.66,1.37,2.43,1440.00,22.74,24.19,38.64,27.10,0.9454,0.9916,0.8256,0
29,19,207.33,0.33,0.83,0.69,0.81,0.67,1.37,1440.00,22.74,23.56,31.31,24.80,0.9748,1.0008,0.8256,0
29,20,34.11,0.77,0.14,0.11,0.14,0.11,0.52,1440.00,22.74,23.05,25.56,23.07,0.9978,1.0077,0.8256,0
29,21,0.00,0.00,0.00,0.00,0.00,0.00,0.00,,22.74,,24.47,24.47,1.0021,1.0021,0.8256,0
29,22,0.00,0.00,0.00,0.00,0.00,0.00,0.00,,22.74,,23.73,23.73,1.0051,1.0051,0.8256,0
29,23,0.00,0.00,0.00,0.00,0.00,0.00,0.00,,22.74,,23.57,23.57,1.0057,1.0057,0.8256,0
29,24,0.00,0.00,0.00,0.00,0.00,0.00,0.00,,22.74,,23.17,23.17,1.0073,1.0073,0.8256,0
30,1,0.00,0.00,0.00,0.00,0.00,0.00,0.00,,22.72,,23.17,23.17,1.0073,1.0073,0.8256,0
30,2,0.00,0.00,0.00,0.00,0.00,0.00,0.00,,22.72,,22.90,22.90,1.0084,1.0084,0.8256,0
30,3,0.00,0.00,0.00,0.00,0.00,0.00,0.00,,22.72,,22.37,22.37,1.0105,1.0105,0.8256,0
30,4,0.00,0.00,0.00,0.00,0.00,0.00,0.00,,22.72,,22.12,22.12,1.0115,1.0115,0.8256,0
30,5,0.00,0.00,0.00,0.00,0.00,0.00,0.00,,22.72,,21.95,21.95,1.0122,1.0122,0.8256,0
30,6,0.00,0.00,0.00,0.00,0.00,0.00,0.00,,22.72,,21.74,21.74,1.0130,1.0130,0.8256,0
30,7,0.00,0.00,0.00,0.00,0.00,0.00,0.00,,22.72,,21.50,21.50,1.0140,1.0140,0.8256,0
30,8,55.41,0.10,0.22,0.18,0.22,0.18,0.11,1440.00,22.72,22.78,23.57,23.07,1.0057,1.0077,0.8256,0
30,9,304.07,0.24,1.22,1.01,1.18,0.98,1.44,1440.00,22.72,23.58,31.56,24.70,0.9738,1.0012,0.8256,0
30,10,557.16,0.28,2.22,1.83,2.09,1.72,3.09,1440.00,22.72,24.56,40.96,26.30,0.9362,0.9948,0.8256,0
30,11,782.00,0.28,3.10,2.56,2.83,2.34,4.44,1440.00,22.72,25.37,48.66,27.57,0.9054,0.9897,0.8256,1
30,12,943.30,0.29,3.71,3.06,3.33,2.75,5.38,1440.00,22.72,25.94,54.59,29.02,0.8816,0.9839,0.8256,1
30,13,1030.35,0.27,4.02,3.32,3.58,2.96,5.63,1440.00,22.72,26.08,57.88,31.14,0.8685,0.9754,0.8256,1
30,14,1060.28,0.27,4.12,3.40,3.66,3.02,5.64,1440.00,22.72,26.09,59.07,32.30,0.8637,0.9708,0.8256,1
30,15,990.08,0.27,3.86,3.18,3.45,2.85,5.44,1440.00,22.72,25.97,57.37,31.56,0.8705,0.9738,0.8256,1
30,16,839.59,0.28,3.28,2.71,2.99,2.46,4.67,1440.00,22.72,25.51,52.76,30.57,0.8890,0.9777,0.8256,1
30,17,642.00,0.28,2.53,2.08,2.35,1.94,3.64,1440.00,22.72,24.90,46.47,29.17,0.9141,0.9833,0.8256,1
30,18,422.78,0.30,1.68,1.38,1.60,1.32,2.52,1440.00,22.72,24.23,39.00,27.03,0.9440,0.9919,0.8256,0
30,19,169.22,0.40,0.68,0.56,0.66,0.55,1.35,1440.00,22.72,23.52,30.86,24.46,0.9766,1.0021,0.8256,0
30,20,29.63,1.00,0.12,0.10,0.12,0.10,0.59,1440.00,22.72,23.07,25.93,23.11,0.9963,1.0076,0.8256,0
30,21,0.00,0.00,0.00,0.00,0.00,0.00,0.00,,22.72,,25.00,25.00,1.0000,1.0000,0.8256,0
30,22,0.00,0.00,0.00,0.00,0.00,0.00,0.00,,22.72,,24.21,24.21,1.0032,1.0032,0.8256,0
30,23,0.00,0.00,0.00,0.00,0.00,0.00,0.00,,22.72,,23.78,23.78,1.0049,1.0049,0.8256,0
30,24,0.00,0.00,0.00,0.00,0.00,0.00,0.00,,22.72,,22.67,22.67,1.0093,1.0093,0.8256,0
31,1,0.00,0.00,0.00,0.00,0.00,0.00,0.00,,22.70,,21.92,21.92,1.0123,1.0123,0.8256,0
31,2,0.00,0.00,0.00,0.00,0.00,0.00,0.00,,22.70,,21.28,21.28,1.0149,1.0149,0.8256,0
31,3,0.00,0.00,0.00,0.00,0.00,0.00,0.00,,22.70,,20.68,20.68,1.0173,1.0173,0.8256,0
31,4,0.00,0.00,0.00,0.00,0.00,0.00,0.00,,22.70,,20.42,20.42,1.0183,1.0183,0.8256,0
31,5,0.00,0.00,0.00,0.00,0.00,0.00,0.00,,22.70,,20.09,20.09,1.0196,1.0196,0.8256,0
31,6,0.00,0.00,0.00,0.00,0.00,0.00,0.00,,22.70,,19.73,19.73,1.0211,1.0211,0.8256,0
31,7,0.00,0.00,0.00,0.00,0.00,0.00,0.00,,22.70,,19.63,19.63,1.0215,1.0215,0.8256,0
31,8,25.65,0.00,0.10,0.09,0.10,0.09,0.00,,22.70,,20.23,20.23,1.0191,1.0191,0.8256,0
31,9,53.93,0.00,0.22,0.18,0.22,0.18,0.00,,22.70,,21.09,21.09,1.0157,1.0157,0.8256,0
31,10,194.14,0.03,0.78,0.64,0.78,0.64,0.10,1440.00,22.70,22.76,25.49,25.00,0.9981,1.0000,0.8256,0
31,11,389.13,0.13,1.54,1.27,1.51,1.25,1.01,1440.00,22.70,23.30,32.19,27.42,0.9712,0.9903,0.8256,1
31,12,424.68,0.15,1.68,1.39,1.64,1.35,1.28,1440.00,22.70,23.47,33.99,27.89,0.9640,0.9884,0.8256,1
31,13,437.54,0.15,1.73,1.43,1.68,1.39,1.35,1440.00,22.70,23.50,34.46,28.07,0.9621,0.9877,0.8256,1
31,14,580.03,0.16,2.28,1.88,2.19,1.81,1.91,1440.00,22.70,23.84,38.82,29.76,0.9447,0.9810,0.8256,1
31,15,639.28,0.17,2.50,2.06,2.40,1.98,2.13,1440.00,22.70,23.97,40.75,30.65,0.9370,0.9774,0.8256,1
31,16,536.39,0.16,2.11,1.74,2.04,1.68,1.72,1440.00,22.70,23.73,37.44,29.25,0.9502,0.9830,0.8256,1
31,17,457.84,0.16,1.81,1.49,1.76,1.45,1.42,1440.00,22.70,23.55,35.03,28.27,0.9599,0.9869,0.8256,1
31,18,163.90,0.07,0.66,0.54,0.65,0.54,0.23,1440.00,22.70,22.83,25.83,24.75,0.9967,1.0010,0.8256,0
31,19,134.53,0.04,0.54,0.45,0.54,0.44,0.11,1440.00,22.70,22.76,24.91,24.41,1.0003,1.0023,0.8256,0
31,20,20.60,0.00,0.08,0.07,0.08,0.07,0.00,,22.70,,21.15,21.15,1.0154,1.0154,0.8256,0
31,21,0.00,0.00,0.00,0.00,0.00,0.00,0.00,,22.70,,20.36,20.36,1.0186,1.0186,0.8256,0
31,22,0.00,0.00,0.00,0.00,0.00,0.00,0.00,,22.70,,19.90,19.90,1.0204,1.0204,0.8256,0
31,23,0.00,0.00,0.00,0.00,0.00,0.00,0.00,,22.70,,19.91,19.91,1.0204,1.0204,0.8256,0
31,24,0.00,0.00,0.00,0.00,0.00,0.00,0.00,,22.70,,19.57,19.57,1.0217,1.0217,0.8256,0
32,1,0.00,0.00,0.00,0.00,0.00,0.00,0.00,,22.67,,19.48,19.48,1.0221,1.0221,0.8256,0
32,2,0.00,0.00,0.00,0.00,0.00,0.00,0.00,,22.67,,19.09,19.09,1.0236,1.0236,0.8256,0
32,3,0.00,0.00,0.00,0.00,0.00,0.00,0.00,,22.67,,18.93,18.93,1.0243,1.0243,0.8256,0
32,4,0.00,0.00,0.00,0.00,0.00,0.00,0.00,,22.67,,17.28,17.28,1.0309,1.0309,0.8256,0
32,5,0.00,0.00,0.00,0.00,0.00,0.00,0.00,,22.67,,18.04,18.04,1.0278,1.0278,0.8256,0
32,6,0.00,0.00,0.00,0.00,0.00,0.00,0.00,,22.67,,18.80,18.80,1.0248,1.0248,0.8256,0
32,7,0.00,0.00,0.00,0.00,0.00,0.00,0.00,,22.67,,19.56,19.56,1.0218,1.0218,0.8256,0
32,8,67.90,0.00,0.27,0.23,0.27,0.23,0.00,,22.67,,22.43,22.43,1.0103,1.0103,0.8256,0
32,9,156.99,0.12,0.63,0.52,0.63,0.52,0.38,1440.00,22.67,22.90,25.98,24.18,0.9961,1.0033,0.8256,0
32,10,242.75,0.20,0.97,0.80,0.95,0.79,0.95,1440.00,22.67,23.24,29.42,24.90,0.9823,1.0004,0.8256,0
32,11,385.86,0.23,1.54,1.27,1.48,1.23,1.81,1440.00,22.67,23.76,34.65,26.04,0.9614,0.9958,0.8256,1
32,12,923.07,0.25,3.61,2.98,3.29,2.72,4.60,1440.00,22.67,25.43,52.19,30.33,0.8913,0.9787,0.8256,1
32,13,906.55,0.26,3.56,2.94,3.23,2.67,4.77,1440.00,22.67,25.52,52.43,29.80,0.8903,0.9808,0.8256,1
32,14,941.62,0.28,3.70,3.05,3.33,2.75,5.18,1440.00,22.67,25.77,54.29,29.67,0.8829,0.9813,0.8256,1
32,15,763.34,0.30,3.02,2.49,2.75,2.27,4.52,1440.00,22.67,25.37,49.46,28.02,0.9021,0.9879,0.8256,1
32,16,682.52,0.32,2.71,2.23,2.48,2.05,4.32,1440.00,22.67,25.26,47.70,27.16,0.9092,0.9913,0.8256,1
32,17,529.91,0.35,2.11,1.74,1.96,1.62,3.74,1440.00,22.67,24.91,43.69,25.93,0.9252,0.9963,0.8256,1
32,18,251.04,0.49,1.01,0.83,0.96,0.79,2.45,1440.00,22.67,24.14,35.74,24.11,0.9571,1.0036,0.8256,0
32,19,100.56,0.90,0.41,0.33,0.39,0.32,1.81,1440.00,22.67,23.76,31.79,23.21,0.9728,1.0072,0.8256,0
32,20,21.85,1.00,0.09,0.07,0.09,0.07,0.44,1440.00,22.67,22.94,26.49,24.42,0.9940,1.0023,0.8256,0
32,21,0.00,0.00,0.00,0.00,0.00,0.00,0.00,,22.67,,25.87,25.87,0.9965,0.9965,0.8256,0
32,22,0.00,0.00,0.00,0.00,0.00,0.00,0.00,,22.67,,25.16,25.16,0.9994,0.9994,0.8256,0
32,23,0.00,0.00,0.00,0.00,0.00,0.00,0.00,,22.67,,25.24,25.24,0.9990,0.9990,0.8256,0
32,24,0.00,0.00,0.00,0.00,0.00,0.00,0.00,,22.67,,25.23,25.23,0.9991,0.9991,0.8256,0
33,1,0.00,0.00,0.00,0.00,0.00,0.00,0.00,,22.65,,25.27,25.27,0.9989,0.9989,0.8256,0
33,2,0.00,0.00,0.00,0.00,0.00,0.00,0.00,,22.65,,24.85,24.85,1.0006,1.0006,0.8256,0
33,3,0.00,0.00,0.00,0.00,0.00,0.00,0.00,,22.65,,24.30,24.30,1.0028,1.0028,0.8256,0
33,4,0.00,0.00,0.00,0.00,0.00,0.00,0.00,,22.65,,23.82,23.82,1.0047,1.0047,0.8256,0
33,5,0.00,0.00,0.00,0.00,0.00,0.00,0.00,,22.65,,23.60,23.60,1.0056,1.0056,0.8256,0
33,6,0.00,0.00,0.00,0.00,0.00,0.00,0.00,,22.65,,23.29,23.29,1.0068,1.0068,0.8256,0
33,7,0.00,0.00,0.00,0.00,0.00,0.00,0.00,,22.65,,22.81,22.81,1.0088,1.0088,0.8256,0
33,8,21.67,0.27,0.09,0.07,0.09,0.07,0.12,1440.00,22.65,22.72,23.40,22.85,1.0064,1.0086,0.8256,0
33,9,50.05,0.14,0.20,0.17,0.20,0.17,0.14,1440.00,22.65,22.73,23.92,23.27,1.0043,1.0069,0.8256,0
33,10,126.90,0.17,0.51,0.42,0.51,0.42,0.43,1440.00,22.65,22.90,26.20,24.18,0.9952,1.0033,0.8256,0
33,11,144.44,0.16,0.58,0.48,0.57,0.47,0.45,1440.00,22.65,22.92,26.46,24.33,0.9941,1.0027,0.8256,1
33,12,158.43,0.15,0.64,0.52,0.63,0.52,0.47,1440.00,22.65,22.93,26.69,24.44,0.9932,1.0022,0.8256,1
33,13,153.12,0.13,0.61,0.51,0.61,0.50,0.41,1440.00,22.65,22.90,26.39,24.43,0.9945,1.0023,0.8256,1
33,14,226.94,0.15,0.91,0.75,0.89,0.74,0.69,1440.00,22.65,23.06,28.57,25.32,0.9857,0.9987,0.8256,1
33,15,203.43,0.14,0.81,0.67,0.80,0.66,0.57,1440.00,22.65,22.99,27.73,25.00,0.9891,1.0000,0.8256,1
33,16,342.03,0.17,1.36,1.12,1.33,1.10,1.14,1440.00,22.65,23.33,31.97,26.56,0.9721,0.9938,0.8256,1
33,17,211.36,0.15,0.85,0.70,0.83,0.69,0.65,1440.00,22.65,23.04,28.14,25.06,0.9875,0.9998,0.8256,1
33,18,83.69,0.05,0.34,0.28,0.34,0.28,0.08,1440.00,22.65,22.70,24.02,23.62,1.0039,1.0055,0.8256,0
33,19,40.90,0.00,0.17,0.14,0.17,0.14,0.00,,22.65,,22.36,22.36,1.0106,1.0106,0.8256,0
33,20,5.74,0.00,0.02,0.02,0.02,0.02,0.00,,22.65,,21.08,21.08,1.0157,1.0157,0.8256,0
33,21,0.00,0.00,0.00,0.00,0.00,0.00,0.00,,22.65,,20.84,20.84,1.0166,1.0166,0.8256,0
33,22,0.00,0.00,0.00,0.00,0.00,0.00,0.00,,22.65,,20.54,20.54,1.0178,1.0178,0.8256,0
33,23,0.00,0.00,0.00,0.00,0.00,0.00,0.00,,22.65,,20.43,20.43,1.0183,1.0183,0.8256,0
33,24,0.00,0.00,0.00,0.00,0.00,0.00,0.00,,22.65,,20.33,20.33,1.0187,1.0187,0.8256,0
34,1,0.00,0.00,0.00,0.00,0.00,0.00,0.00,,22.63,,20.29,20.29,1.0188,1.0188,0.8256,0
34,2,0.00,0.00,0.00,0.00,0.00,0.00,0.00,,22.63,,20.26,20.26,1.0190,1.0190,0.8256,0
34,3,0.00,0.00,0.00,0.00,0.00,0.00,0.00,,22.63,,20.08,20.08,1.0197,1.0197,0.8256,0
34,4,0.00,0.00,0.00,0.00,0.00,0.00,0.00,,22.63,,19.83,19.83,1.0207,1.0207,0.8256,0
34,5,0.00,0.00,0.00,0.00,0.00,0.00,0.00,,22.63,,19.62,19.62,1.0215,1.0215,0.8256,0
34,6,0.00,0.00,0.00,0.00,0.00,0.00,0.00,,22.63,,19.34,19.34,1.0226,1.0226,0.8256,0
34,7,0.00,0.00,0.00,0.00,0.00,0.00,0.00,,22.63,,19.22,19.22,1.0231,1.0231,0.8256,0
34,8,32.79,0.00,0.13,0.11,0.13,0.11,0.00,,22.63,,20.20,20.20,1.0192,1.0192,0.8256,0
34,9,117.87,0.00,0.48,0.39,0.48,0.39,0.00,,22.63,,23.08,23.08,1.0077,1.0077,0.8256,0
34,10,194.47,0.04,0.78,0.64,0.78,0.64,0.16,1440.00,22.63,22.72,25.84,25.07,0.9967,0.9997,0.8256,0
34,11,367.08,0.12,1.45,1.20,1.43,1.18,0.86,1440.00,22.63,23.14,31.56,27.48,0.9738,0.9901,0.8256,1
34,12,375.07,0.13,1.48,1.23,1.46,1.20,1.00,1440.00,22.63,23.22,32.29,27.55,0.9708,0.9898,0.8256,1
34,13,396.41,0.14,1.57,1.29,1.53,1.27,1.14,1440.00,22.63,23.31,33.33,27.89,0.9667,0.9884,0.8256,1
34,14,632.86,0.17,2.47,2.04,2.37,1.96,2.09,1440.00,22.63,23.87,41.00,31.07,0.9360,0.9757,0.8256,1
34,15,746.88,0.18,2.90,2.39,2.75,2.27,2.62,1440.00,22.63,24.19,44.89,32.44,0.9204,0.9703,0.8256,1
34,16,651.03,0.17,2.54,2.10,2.43,2.01,2.20,1440.00,22.63,23.94,41.78,31.31,0.9329,0.9747,0.8256,1
34,17,461.37,0.15,1.82,1.50,1.77,1.46,1.39,1440.00,22.63,23.46,35.54,28.93,0.9578,0.9843,0.8256,1
34,18,241.95,0.09,0.96,0.80,0.96,0.79,0.45,1440.00,22.63,22.90,28.12,25.97,0.9875,0.9961,0.8256,0
34,19,136.86,0.00,0.55,0.45,0.55,0.45,0.00,,22.63,,24.48,24.48,1.0021,1.0021,0.8256,0
34,20,18.77,0.00,0.08,0.06,0.08,0.06,0.00,,22.63,,20.11,20.11,1.0196,1.0196,0.8256,0
34,21,0.00,0.00,0.00,0.00,0.00,0.00,0.00,,22.63,,19.40,19.40,1.0224,1.0224,0.8256,0
34,22,0.00,0.00,0.00,0.00,0.00,0.00,0.00,,22.63,,18.70,18.70,1.0252,1.0252,0.8256,0
34,23,0.00,0.00,0.00,0.00,0.00,0.00,0.00,,22.63,,18.79,18.79,1.0248,1.0248,0.8256,0
34,24,0.00,0.00,0.00,0.00,0.00,0.00,0.00,,22.63,,19.34,19.34,1.0226,1.0226,0.8256,0
35,1,0.00,0.00,0.00,0.00,0.00,0.00,0.00,,22.60,,19.11,19.11,1.0236,1.0236,0.8256,0
35,2,0.00,0.00,0.00,0.00,0.00,0.00,0.00,,22.60,,18.29,18.29,1.0268,1.0268,0.8256,0
35,3,0.00,0.00,0.00,0.00,0.00,0.00,0.00,,22.60,,17.77,17.77,1.0289,1.0289,0.8256,0
35,4,0.00,0.00,0.00,0.00,0.00,0.00,0.00,,22.60,,18.07,18.07,1.0277,1.0277,0.8256,0
35,5,0.00,0.00,0.00,0.00,0.00,0.00,0.00,,22.60,,17.55,17.55,1.0298,1.0298,0.8256,0
35,6,0.00,0.00,0.00,0.00,0.00,0.00,0.00,,22.60,,16.86,16.86,1.0326,1.0326,0.8256,0
35,7,0.00,0.00,0.00,0.00,0.00,0.00,0.00,,22.60,,16.72,16.72,1.0331,1.0331,0.8256,0
35,8,58.11,0.00,0.24,0.20,0.24,0.20,0.00,,22.60,,18.72,18.72,1.0251,1.0251,0.8256,0
35,9,220.55,0.01,0.88,0.73,0.88,0.73,0.03,1440.00,22.60,22.62,25.01,24.85,1.0000,1.0006,0.8256,0
35,10,382.08,0.13,1.52,1.25,1.49,1.23,0.99,1440.00,22.60,23.19,31.09,26.37,0.9756,0.9945,0.8256,0
35,11,536.39,0.16,2.12,1.75,2.05,1.69,1.71,1440.00,22.60,23.62,36.29,28.16,0.9548,0.9874,0.8256,1
35,12,634.71,0.17,2.49,2.06,2.39,1.97,2.18,1440.00,22.60,23.90,39.92,29.58,0.9403,0.9817,0.8256,1
35,13,856.45,0.18,3.32,2.74,3.12,2.58,3.14,1440.00,22.60,24.47,47.32,32.43,0.9107,0.9703,0.8256,1
35,14,869.07,0.18,3.36,2.78,3.16,2.61,3.10,1440.00,22.60,24.45,47.89,33.18,0.9084,0.9673,0.8256,1
35,15,700.50,0.17,2.73,2.25,2.60,2.15,2.43,1440.00,22.60,24.05,42.85,31.31,0.9286,0.9747,0.8256,1
35,16,718.50,0.17,2.80,2.31,2.66,2.20,2.47,1440.00,22.60,24.08,43.35,31.62,0.9266,0.9735,0.8256,1
35,17,556.56,0.17,2.19,1.81,2.11,1.74,1.89,1440.00,22.60,23.73,38.33,29.37,0.9467,0.9825,0.8256,1
35,18,374.30,0.17,1.49,1.23,1.45,1.20,1.28,1440.00,22.60,23.36,33.09,27.02,0.9677,0.9919,0.8256,0
35,19,142.60,0.12,0.57,0.47,0.57,0.47,0.33,1440.00,22.60,22.80,25.82,24.24,0.9967,1.0031,0.8256,0
35,20,23.54,0.00,0.10,0.08,0.10,0.08,0.00,,22.60,,22.00,22.00,1.0120,1.0120,0.8256,0
35,21,0.00,0.00,0.00,0.00,0.00,0.00,0.00,,22.60,,21.00,21.00,1.0160,1.0160,0.8256,0
35,22,0.00,0.00,0.00,0.00,0.00,0.00,0.00,,22.60,,20.76,20.76,1.0170,1.0170,0.8256,0
35,23,0.00,0.00,0.00,0.00,0.00,0.00,0.00,,22.60,,20.38,20.38,1.0185,1.0185,0.8256,0
35,24,0.00,0.00,0.00,0.00,0.00,0.00,0.00,,22.60,,19.88,19.88,1.0205,1.0205,0.8256,0
36,1,0.00,0.00,0.00,0.00,0.00,0.00,0.00,,22.57,,19.65,19.65,1.0214,1.0214,0.8256,0
36,2,0.00,0.00,0.00,0.00,0.00,0.00,0.00,,22.57,,19.30,19.30,1.0228,1.0228,0.8256,0
36,3,0.00,0.00,0.00,0.00,0.00,0.00,0.00,,22.57,,19.08,19.08,1.0237,1.0237,0.8256,0
36,4,0.00,0.00,0.00,0.00,0.00,0.00,0.00,,22.57,,18.99,18.99,1.0240,1.0240,0.8256,0
36,5,0.00,0.00,0.00,0.00,0.00,0.00,0.00,,22.57,,19.00,19.00,1.0240,1.0240,0.8256,0
36,6,0.00,0.00,0.00,0.00,0.00,0.00,0.00,,22.57,,19.07,19.07,1.0237,1.0237,0.8256,0
36,7,0.00,0.00,0.00,0.00,0.00,0.00,0.00,,22.57,,19.17,19.17,1.0233,1.0233,0.8256,0
36,8,50.77,0.00,0.21,0.17,0.21,0.17,0.00,,22.57,,20.89,20.89,1.0165,1.0165,0.8256,0
36,9,255.39,0.12,1.02,0.84,1.01,0.83,0.59,1440.00,22.57,22.93,28.05,25.23,0.9878,0.9991,0.8256,0
36,10,395.84,0.18,1.57,1.30,1.53,1.26,1.41,1440.00,22.57,23.41,33.38,26.69,0.9665,0.9932,0.8256,0
36,11,526.15,0.18,2.08,1.71,2.00,1.65,1.91,1440.00,22.57,23.71,37.34,28.27,0.9506,0.9869,0.8256,1
36,12,636.45,0.19,2.50,2.06,2.39,1.97,2.36,1440.00,22.57,23.98,40.70,29.50,0.9372,0.9820,0.8256,1
36,13,589.36,0.19,2.32,1.92,2.22,1.83,2.22,1440.00,22.57,23.90,39.56,28.99,0.9418,0.9840,0.8256,1
36,14,681.86,0.20,2.67,2.21,2.53,2.09,2.70,1440.00,22.57,24.18,42.79,29.96,0.9288,0.9801,0.8256,1
36,15,627.43,0.20,2.47,2.04,2.35,1.94,2.49,1440.00,22.57,24.06,41.08,29.24,0.9357,0.9831,0.8256,1
36,16,547.47,0.20,2.16,1.78,2.07,1.71,2.15,1440.00,22.57,23.86,38.67,28.45,0.9453,0.9862,0.8256,1
36,17,491.33,0.18,1.94,1.60,1.87,1.55,1.81,1440.00,22.57,23.65,36.52,27.95,0.9539,0.9882,0.8256,1
36,18,354.59,0.17,1.41,1.16,1.38,1.14,1.18,1440.00,22.57,23.28,32.18,26.57,0.9713,0.9937,0.8256,0
36,19,124.51,0.09,0.50,0.41,0.50,0.41,0.21,1440.00,22.57,22.70,25.02,24.01,0.9999,1.0039,0.8256,0
36,20,22.66,0.00,0.09,0.08,0.09,0.08,0.00,,22.57,,21.71,21.71,1.0132,1.0132,0.8256,0
36,21,0.00,0.00,0.00,0.00,0.00,0.00,0.00,,22.57,,20.46,20.46,1.0182,1.0182,0.8256,0
36,22,0.00,0.00,0.00,0.00,0.00,0.00,0.00,,22.57,,20.53,20.53,1.0179,1.0179,0.8256,0
36,23,0.00,0.00,0.00,0.00,0.00,0.00,0.00,,22.57,,20.33,20.33,1.0187,1.0187,0.8256,0
36,24,0.00,0.00,0.00,0.00,0.00,0.00,0.00,,22.57,,20.07,20.07,1.0197,1.0197,0.8256,0
37,1,0.00,0.00,0.00,0.00,0.00,0.00,0.00,,22.54,,19.81,19.81,1.0208,1.0208,0.8256,0
37,2,0.00,0.00,0.00,0.00,0.00,0.00,0.00,,22.54,,19.80,19.80,1.0208,1.0208,0.8256,0
37,3,0.00,0.00,0.00,0.00,0.00,0.00,0.00,,22.54,,19.97,19.97,1.0201,1.0201,0.8256,0
37,4,0.00,0.00,0.00,0.00,0.00,0.00,0.00,,22.54,,19.97,19.97,1.0201,1.0201,0.8256,0
37,5,0.00,0.00,0.00,0.00,0.00,0.00,0.00,,22.54,,19.88,19.88,1.0205,1.0205,0.8256,0
37,6,0.00,0.00,0.00,0.00,0.00,0.00,0.00,,22.54,,19.64,19.64,1.0214,1.0214,0.8256,0
37,7,0.00,0.00,0.00,0.00,0.00,0.00,0.00,,22.54,,19.30,19.30,1.0228,1.0228,0.8256,0
37,8,46.42,0.00,0.19,0.16,0.19,0.16,0.00,,22.54,,20.62,20.62,1.0175,1.0175,0.8256,0
37,9,241.28,0.11,0.96,0.80,0.96,0.79,0.51,1440.00,22.54,22.84,27.54,25.13,0.9898,0.9995,0.8256,0
37,10,351.31,0.17,1.40,1.16,1.37,1.13,1.22,1440.00,22.54,23.27,31.87,26.09,0.9725,0.9957,0.8256,0
37,11,572.74,0.19,2.26,1.86,2.16,1.79,2.14,1440.00,22.54,23.82,39.05,28.87,0.9438,0.9845,0.8256,1
37,12,699.50,0.19,2.74,2.26,2.60,2.14,2.69,1440.00,22.54,24.14,43.06,30.31,0.9278,0.9788,0.8256,1
37,13,819.75,0.20,3.19,2.64,2.99,2.47,3.25,1440.00,22.54,24.48,47.10,31.64,0.9116,0.9734,0.8256,1
37,14,806.47,0.20,3.14,2.59,2.94,2.43,3.26,1440.00,22.54,24.49,46.88,31.41,0.9125,0.9743,0.8256,1
37,15,676.82,0.20,2.65,2.19,2.51,2.08,2.69,1440.00,22.54,24.15,42.88,30.09,0.9285,0.9796,0.8256,1
37,16,646.80,0.20,2.54,2.10,2.41,1.99,2.54,1440.00,22.54,24.06,41.84,29.79,0.9326,0.9808,0.8256,1
37,17,455.88,0.19,1.80,1.49,1.74,1.44,1.73,1440.00,22.54,23.57,35.90,27.68,0.9564,0.9893,0.8256,1
37,18,311.64,0.17,1.24,1.03,1.22,1.00,1.06,1440.00,22.54,23.17,31.04,26.00,0.9758,0.9960,0.8256,0
37,19,156.20,0.10,0.63,0.52,0.62,0.51,0.30,1440.00,22.54,22.72,25.69,24.27,0.9972,1.0029,0.8256,0
37,20,20.48,0.00,0.08,0.07,0.08,0.07,0.00,,22.54,,21.27,21.27,1.0149,1.0149,0.8256,0
37,21,0.00,0.00,0.00,0.00,0.00,0.00,0.00,,22.54,,20.21,20.21,1.0192,1.0192,0.8256,0
37,22,0.00,0.00,0.00,0.00,0.00,0.00,0.00,,22.54,,20.51,20.51,1.0180,1.0180,0.8256,0
37,23,0.00,0.00,0.00,0.00,0.00,0.00,0.00,,22.54,,20.31,20.31,1.0188,1.0188,0.8256,0
37,24,0.00,0.00,0.00,0.00,0.00,0.00,0.00,,22.54,,20.16,20.16,1.0194,1.0194,0.8256,0
38,1,0.00,0.00,0.00,0.00,0.00,0.00,0.00,,22.51,,19.99,19.99,1.0200,1.0200,0.8256,0
38,2,0.00,0.00,0.00,0.00,0.00,0.00,0.00,,22.51,,19.83,19.83,1.0207,1.0207,0.8256,0
38,3,0.00,0.00,0.00,0.00,0.00,0.00,0.00,,22.51,,19.53,19.53,1.0219,1.0219,0.8256,0
38,4,0.00,0.00,0.00,0.00,0.00,0.00,0.00,,22.51,,19.35,19.35,1.0226,1.0226,0.8256,0
38,5,0.00,0.00,0.00,0.00,0.00,0.00,0.00,,22.51,,19.34,19.34,1.0226,1.0226,0.8256,0
38,6,0.00,0.00,0.00,0.00,0.00,0.00,0.00,,22.51,,19.33,19.33,1.0227,1.0227,0.8256,0
38,7,0.00,0.00,0.00,0.00,0.00,0.00,0.00,,22.51,,19.31,19.31,1.0228,1.0228,0.8256,0
38,8,42.59,0.00,0.17,0.14,0.17,0.14,0.00,,22.51,,20.66,20.66,1.0174,1.0174,0.8256,0
38,9,202.10,0.08,0.81,0.67,0.81,0.66,0.31,1440.00,22.51,22.69,25.92,24.45,0.9963,1.0022,0.8256,0
38,10,396.26,0.17,1.58,1.30,1.54,1.27,1.32,1440.00,22.51,23.30,32.32,26.07,0.9707,0.9957,0.8256,0
38,11,456.13,0.17,1.81,1.49,1.76,1.45,1.54,1440.00,22.51,23.43,34.43,27.14,0.9623,0.9914,0.8256,1
38,12,575.85,0.18,2.27,1.88,2.18,1.80,2.11,1440.00,22.51,23.77,38.46,28.45,0.9462,0.9862,0.8256,1
38,13,702.47,0.20,2.76,2.28,2.61,2.15,2.83,1440.00,22.51,24.20,43.07,29.64,0.9277,0.9815,0.8256,1
38,14,653.84,0.19,2.57,2.12,2.45,2.02,2.53,1440.00,22.51,24.02,41.20,29.18,0.9352,0.9833,0.8256,1
38,15,680.27,0.20,2.67,2.20,2.53,2.09,2.70,1440.00,22.51,24.12,42.46,29.63,0.9302,0.9815,0.8256,1
38,16,665.52,0.20,2.61,2.16,2.48,2.05,2.67,1440.00,22.51,24.11,42.34,29.65,0.9307,0.9814,0.8256,1
38,17,424.74,0.19,1.68,1.39,1.63,1.35,1.61,1440.00,22.51,23.47,34.81,27.16,0.9607,0.9914,0.8256,1
38,18,301.12,0.17,1.20,0.99,1.18,0.97,1.01,1440.00,22.51,23.11,30.64,25.84,0.9774,0.9966,0.8256,0
38,19,141.27,0.09,0.57,0.47,0.56,0.47,0.26,1440.00,22.51,22.67,25.28,24.03,0.9989,1.0039,0.8256,0
38,20,21.13,0.00,0.09,0.07,0.09,0.07,0.00,,22.51,,21.16,21.16,1.0154,1.0154,0.8256,0
38,21,0.00,0.00,0.00,0.00,0.00,0.00,0.00,,22.51,,20.30,20.30,1.0188,1.0188,0.8256,0
38,22,0.00,0.00,0.00,0.00,0.00,0.00,0.00,,22.51,,20.04,20.04,1.0198,1.0198,0.8256,0
38,23,0.00,0.00,0.00,0.00,0.00,0.00,0.00,,22.51,,19.88,19.88,1.0205,1.0205,0.8256,0
38,24,0.00,0.00,0.00,0.00,0.00,0.00,0.00,,22.51,,19.51,19.51,1.0220,1.0220,0.8256,0
39,1,0.00,0.00,0.00,0.00,0.00,0.00,0.00,,22.48,,19.36,19.36,1.0226,1.0226,0.8256,0
39,2,0.00,0.00,0.00,0.00,0.00,0.00,0.00,,22.48,,19.21,19.21,1.0232,1.0232,0.8256,0
39,3,0.00,0.00,0.00,0.00,0.00,0.00,0.00,,22.48,,19.02,19.02,1.0239,1.0239,0.8256,0
39,4,0.00,0.00,0.00,0.00,0.00,0.00,0.00,,22.48,,18.80,18.80,1.0248,1.0248,0.8256,0
39,5,0.00,0.00,0.00,0.00,0.00,0.00,0.00,,22.48,,18.63,18.63,1.0255,1.0255,0.8256,0
39,6,0.00,0.00,0.00,0.00,0.00,0.00,0.00,,22.48,,18.46,18.46,1.0262,1.0262,0.8256,0
39,7,0.00,0.00,0.00,0.00,0.00,0.00,0.00,,22.48,,18.40,18.40,1.0264,1.0264,0.8256,0
39,8,55.32,0.00,0.23,0.19,0.23,0.19,0.00,,22.48,,20.17,20.17,1.0193,1.0193,0.8256,0
39,9,187.91,0.05,0.75,0.62,0.75,0.62,0.21,1440.00,22.48,22.60,24.94,23.96,1.0002,1.0041,0.8256,0
39,10,295.81,0.14,1.19,0.98,1.17,0.96,0.85,1440.00,22.48,22.99,28.54,24.49,0.9858,1.0021,0.8256,0
39,11,464.96,0.19,1.85,1.53,1.79,1.48,1.77,1440.00,22.48,23.54,34.08,25.66,0.9637,0.9974,0.8256,1
39,12,695.74,0.22,2.76,2.27,2.60,2.14,3.02,1440.00,22.48,24.28,41.81,27.46,0.9328,0.9902,0.8256,1
39,13,747.35,0.23,2.95,2.44,2.76,2.28,3.41,1440.00,22.48,24.51,44.29,28.11,0.9228,0.9876,0.8256,1
39,14,877.38,0.24,3.45,2.85,3.18,2.62,4.17,1440.00,22.48,24.97,48.74,28.95,0.9050,0.9842,0.8256,1
39,15,784.73,0.24,3.10,2.56,2.87,2.37,3.76,1440.00,22.48,24.72,46.16,28.31,0.9153,0.9868,0.8256,1
39,16,686.28,0.24,2.72,2.24,2.54,2.10,3.30,1440.00,22.48,24.45,43.36,27.69,0.9266,0.9893,0.8256,1
39,17,499.48,0.24,1.99,1.64,1.90,1.57,2.40,1440.00,22.48,23.91,37.70,26.29,0.9492,0.9948,0.8256,1
39,18,297.64,0.22,1.19,0.98,1.16,0.96,1.33,1440.00,22.48,23.27,31.11,24.78,0.9756,1.0009,0.8256,0
39,19,163.05,0.21,0.66,0.54,0.65,0.53,0.68,1440.00,22.48,22.89,26.96,23.71,0.9922,1.0052,0.8256,0
39,20,25.22,0.00,0.10,0.08,0.10,0.08,0.00,,22.48,,22.50,22.50,1.0100,1.0100,0.8256,0
39,21,0.00,0.00,0.00,0.00,0.00,0.00,0.00,,22.48,,21.04,21.04,1.0158,1.0158,0.8256,0
39,22,0.00,0.00,0.00,0.00,0.00,0.00,0.00,,22.48,,20.75,20.75,1.0170,1.0170,0.8256,0
39,23,0.00,0.00,0.00,0.00,0.00,0.00,0.00,,22.48,,20.61,20.61,1.0176,1.0176,0.8256,0
39,24,0.00,0.00,0.00,0.00,0.00,0.00,0.00,,22.48,,20.45,20.45,1.0182,1.0182,0.8256,0
40,1,0.00,0.00,0.00,0.00,0.00,0.00,0.00,,22.44,,20.10,20.10,1.0196,1.0196,0.8256,0
40,2,0.00,0.00,0.00,0.00,0.00,0.00,0.00,,22.44,,19.62,19.62,1.0215,1.0215,0.8256,0
40,3,0.00,0.00,0.00,0.00,0.00,0.00,0.00,,22.44,,19.41,19.41,1.0224,1.0224,0.8256,0
40,4,0.00,0.00,0.00,0.00,0.00,0.00,0.00,,22.44,,19.25,19.25,1.0230,1.0230,0.8256,0
40,5,0.00,0.00,0.00,0.00,0.00,0.00,0.00,,22.44,,18.95,18.95,1.0242,1.0242,0.8256,0
40,6,0.00,0.00,0.00,0.00,0.00,0.00,0.00,,22.44,,18.71,18.71,1.0252,1.0252,0.8256,0
40,7,0.00,0.00,0.00,0.00,0.00,0.00,0.00,,22.44,,18.64,18.64,1.0254,1.0254,0.8256,0
40,8,51.01,0.00,0.21,0.17,0.21,0.17,0.00,,22.44,,20.29,20.29,1.0188,1.0188,0.8256,0
40,9,295.09,0.14,1.18,0.98,1.16,0.96,0.81,1440.00,22.44,22.93,28.73,24.87,0.9851,1.0005,0.8256,0
40,10,553.86,0.20,2.20,1.82,2.11,1.74,2.22,1440.00,22.44,23.77,37.22,26.68,0.9511,0.9933,0.8256,0
40,11,781.37,0.23,3.08,2.55,2.87,2.37,3.66,1440.00,22.44,24.63,45.74,28.37,0.9170,0.9865,0.8256,1
40,12,953.30,0.26,3.75,3.09,3.38,2.79,5.03,1440.00,22.44,25.45,53.27,29.38,0.8869,0.9825,0.8256,1
40,13,1025.93,0.29,4.04,3.33,3.57,2.94,6.02,1440.00,22.44,26.04,57.71,29.14,0.8692,0.9835,0.8256,1
40,14,950.22,0.32,3.76,3.11,3.32,2.74,6.10,1440.00,22.44,26.09,56.38,27.43,0.8745,0.9903,0.8256,1
40,15,894.13,0.32,3.54,2.92,3.15,2.60,5.77,1440.00,22.44,25.89,54.97,27.56,0.8801,0.9897,0.8256,1
40,16,664.58,0.32,2.64,2.18,2.42,2.00,4.31,1440.00,22.44,25.02,47.58,27.13,0.9097,0.9915,0.8256,1
40,17,612.96,0.32,2.43,2.01,2.25,1.86,3.92,1440.00,22.44,24.78,45.84,27.23,0.9167,0.9911,0.8256,1
40,18,407.98,0.35,1.63,1.34,1.54,1.27,2.83,1440.00,22.44,24.14,39.46,26.00,0.9422,0.9960,0.8256,0
40,19,186.61,0.47,0.75,0.62,0.72,0.60,1.75,1440.00,22.44,23.49,32.38,24.05,0.9705,1.0038,0.8256,0
40,20,26.30,1.00,0.11,0.09,0.10,0.09,0.53,1440.00,22.44,22.76,26.71,24.21,0.9932,1.0031,0.8256,0
40,21,0.00,0.00,0.00,0.00,0.00,0.00,0.00,,22.44,,24.69,24.69,1.0012,1.0012,0.8256,0
40,22,0.00,0.00,0.00,0.00,0.00,0.00,0.00,,22.44,,24.37,24.37,1.0025,1.0025,0.8256,0
40,23,0.00,0.00,0.00,0.00,0.00,0.00,0.00,,22.44,,23.68,23.68,1.0053,1.0053,0.8256,0
40,24,0.00,0.00,0.00,0.00,0.00,0.00,0.00,,22.44,,23.10,23.10,1.0076,1.0076,0.8256,0
41,1,0.00,0.00,0.00,0.00,0.00,0.00,0.00,,22.41,,22.60,22.60,1.0096,1.0096,0.8256,0
41,2,0.00,0.00,0.00,0.00,0.00,0.00,0.00,,22.41,,22.10,22.10,1.0116,1.0116,0.8256,0
41,3,0.00,0.00,0.00,0.00,0.00,0.00,0.00,,22.41,,21.70,21.70,1.0132,1.0132,0.8256,0
41,4,0.00,0.00,0.00,0.00,0.00,0.00,0.00,,22.41,,21.48,21.48,1.0141,1.0141,0.8256,0
41,5,0.00,0.00,0.00,0.00,0.00,0.00,0.00,,22.41,,21.15,21.15,1.0154,1.0154,0.8256,0
41,6,0.00,0.00,0.00,0.00,0.00,0.00,0.00,,22.41,,20.69,20.69,1.0172,1.0172,0.8256,0
41,7,0.00,0.00,0.00,0.00,0.00,0.00,0.00,,22.41,,20.32,20.32,1.0187,1.0187,0.8256,0
41,8,44.58,0.00,0.18,0.15,0.18,0.15,0.00,,22.41,,21.98,21.98,1.0121,1.0121,0.8256,0
41,9,292.44,0.24,1.17,0.97,1.14,0.94,1.40,1440.00,22.41,23.24,30.84,24.21,0.9766,1.0032,0.8256,0
41,10,547.40,0.28,2.18,1.80,2.05,1.70,3.12,1440.00,22.41,24.27,40.46,25.66,0.9382,0.9974,0.8256,0
41,11,768.69,0.30,3.05,2.52,2.78,2.30,4.64,1440.00,22.41,25.18,48.75,26.73,0.9050,0.9931,0.8256,1
41,12,914.66,0.31,3.62,2.99,3.23,2.66,5.73,1440.00,22.41,25.83,54.62,27.40,0.8815,0.9904,0.8256,1
41,13,1007.66,0.32,3.98,3.29,3.49,2.88,6.44,1440.00,22.41,26.26,58.59,28.02,0.8656,0.9879,0.8256,1
41,14,1025.06,0.32,4.04,3.33,3.53,2.92,6.49,1440.00,22.41,26.29,59.55,28.71,0.8618,0.9851,0.8256,1
41,15,888.12,0.32,3.50,2.89,3.12,2.57,5.71,1440.00,22.41,25.82,55.54,28.44,0.8778,0.9862,0.8256,1
41,16,674.40,0.34,2.67,2.21,2.44,2.01,4.56,1440.00,22.41,25.13,48.93,27.28,0.9043,0.9909,0.8256,1
41,17,461.64,0.36,1.84,1.52,1.72,1.42,3.34,1440.00,22.41,24.41,41.80,25.91,0.9328,0.9964,0.8256,1
41,18,255.70,0.43,1.02,0.85,0.98,0.81,2.22,1440.00,22.41,23.74,35.03,24.47,0.9599,1.0021,0.8256,0
41,19,112.96,0.65,0.45,0.38,0.44,0.37,1.47,1440.00,22.41,23.29,30.33,23.34,0.9787,1.0066,0.8256,0
41,20,22.19,1.00,0.09,0.07,0.09,0.07,0.44,1440.00,22.41,22.67,27.01,24.91,0.9919,1.0004,0.8256,0
41,21,0.00,0.00,0.00,0.00,0.00,0.00,0.00,,22.41,,25.34,25.34,0.9986,0.9986,0.8256,0
41,22,0.00,0.00,0.00,0.00,0.00,0.00,0.00,,22.41,,24.94,24.94,1.0002,1.0002,0.8256,0
41,23,0.00,0.00,0.00,0.00,0.00,0.00,0.00,,22.41,,24.46,24.46,1.0022,1.0022,0.8256,0
41,24,0.00,0.00,0.00,0.00,0.00,0.00,0.00,,22.41,,23.26,23.26,1.0070,1.0070,0.8256,0
42,1,0.00,0.00,0.00,0.00,0.00,0.00,0.00,,22.37,,23.05,23.05,1.0078,1.0078,0.8256,0
42,2,0.00,0.00,0.00,0.00,0.00,0.00,0.00,,22.37,,22.68,22.68,1.0093,1.0093,0.8256,0
42,3,0.00,0.00,0.00,0.00,0.00,0.00,0.00,,22.37,,22.36,22.36,1.0106,1.0106,0.8256,0
42,4,0.00,0.00,0.00,0.00,0.00,0.00,0.00,,22.37,,21.82,21.82,1.0127,1.0127,0.8256,0
42,5,0.00,0.00,0.00,0.00,0.00,0.00,0.00,,22.37,,21.21,21.21,1.0152,1.0152,0.8256,0
42,6,0.00,0.00,0.00,0.00,0.00,0.00,0.00,,22.37,,21.34,21.34,1.0146,1.0146,0.8256,0
42,7,0.00,0.00,0.00,0.00,0.00,0.00,0.00,,22.37,,21.56,21.56,1.0138,1.0138,0.8256,0
42,8,46.61,0.01,0.19,0.16,0.19,0.16,0.01,1440.00,22.37,22.38,22.88,22.83,1.0085,1.0087,0.8256,0
42,9,226.98,0.18,0.91,0.75,0.89,0.74,0.84,1440.00,22.37,22.87,28.69,24.72,0.9852,1.0011,0.8256,0
42,10,324.18,0.21,1.29,1.07,1.26,1.04,1.34,1440.00,22.37,23.17,31.85,25.49,0.9726,0.9980,0.8256,0
42,11,467.19,0.21,1.86,1.53,1.79,1.47,1.99,1440.00,22.37,23.56,36.10,26.67,0.9556,0.9933,0.8256,1
42,12,628.82,0.22,2.48,2.05,2.35,1.94,2.71,1440.00,22.37,23.99,41.27,28.42,0.9349,0.9863,0.8256,1
42,13,620.96,0.21,2.44,2.02,2.32,1.91,2.64,1440.00,22.37,23.95,41.57,29.04,0.9337,0.9838,0.8256,1
42,14,657.55,0.20,2.58,2.13,2.45,2.02,2.67,1440.00,22.37,23.97,42.36,29.67,0.9306,0.9813,0.8256,1
42,15,721.79,0.21,2.82,2.33,2.66,2.20,3.02,1440.00,22.37,24.18,44.78,30.43,0.9209,0.9783,0.8256,1
42,16,527.19,0.21,2.08,1.72,1.99,1.65,2.17,1440.00,22.37,23.67,38.56,28.26,0.9457,0.9870,0.8256,1
42,17,422.09,0.19,1.67,1.38,1.62,1.34,1.64,1440.00,22.37,23.36,34.96,27.15,0.9602,0.9914,0.8256,1
42,18,321.38,0.19,1.28,1.06,1.25,1.03,1.21,1440.00,22.37,23.10,31.69,25.94,0.9732,0.9962,0.8256,0
42,19,166.33,0.13,0.67,0.55,0.66,0.55,0.44,1440.00,22.37,22.63,26.29,24.22,0.9948,1.0031,0.8256,0
42,20,20.70,0.00,0.08,0.07,0.08,0.07,0.00,,22.37,,21.90,21.90,1.0124,1.0124,0.8256,0
42,21,0.00,0.00,0.00,0.00,0.00,0.00,0.00,,22.37,,20.99,20.99,1.0160,1.0160,0.8256,0
42,22,0.00,0.00,0.00,0.00,0.00,0.00,0.00,,22.37,,21.17,21.17,1.0153,1.0153,0.8256,0
42,23,0.00,0.00,0.00,0.00,0.00,0.00,0.00,,22.37,,21.15,21.15,1.0154,1.0154,0.8256,0
42,24,0.00,0.00,0.00,0.00,0.00,0.00,0.00,,22.37,,21.00,21.00,1.0160,1.0160,0.8256,0
43,1,0.00,0.00,0.00,0.00,0.00,0.00,0.00,,22.34,,21.07,21.07,1.0157,1.0157,0.8256,0
43,2,0.00,0.00,0.00,0.00,0.00,0.00,0.00,,22.34,,21.19,21.19,1.0152,1.0152,0.8256,0
43,3,0.00,0.00,0.00,0.00,0.00,0.00,0.00,,22.34,,21.22,21.22,1.0151,1.0151,0.8256,0
43,4,0.00,0.00,0.00,0.00,0.00,0.00,0.00,,22.34,,21.32,21.32,1.0147,1.0147,0.8256,0
43,5,0.00,0.00,0.00,0.00,0.00,0.00,0.00,,22.34,,21.25,21.25,1.0150,1.0150,0.8256,0
43,6,0.00,0.00,0.00,0.00,0.00,0.00,0.00,,22.34,,21.17,21.17,1.0153,1.0153,0.8256,0
43,7,0.00,0.00,0.00,0.00,0.00,0.00,0.00,,22.34,,21.18,21.18,1.0153,1.0153,0.8256,0
43,8,43.25,0.00,0.17,0.14,0.17,0.14,0.00,,22.34,,22.55,22.55,1.0098,1.0098,0.8256,0
43,9,226.77,0.19,0.91,0.75,0.89,0.74,0.85,1440.00,22.34,22.84,28.62,24.60,0.9855,1.0016,0.8256,0
43,10,414.94,0.23,1.65,1.36,1.59,1.31,1.95,1440.00,22.34,23.50,35.22,25.97,0.9591,0.9961,0.8256,0
43,11,458.13,0.23,1.82,1.50,1.75,1.44,2.13,1440.00,22.34,23.61,36.67,26.57,0.9533,0.9937,0.8256,1
43,12,520.54,0.23,2.06,1.70,1.97,1.63,2.37,1440.00,22.34,23.75,38.59,27.34,0.9457,0.9906,0.8256,1
43,13,729.22,0.22,2.87,2.37,2.68,2.22,3.26,1440.00,22.34,24.28,44.91,29.42,0.9204,0.9823,0.8256,1
43,14,690.14,0.23,2.72,2.24,2.55,2.11,3.14,1440.00,22.34,24.21,43.72,28.83,0.9251,0.9847,0.8256,1
43,15,660.13,0.23,2.61,2.15,2.45,2.03,3.05,1440.00,22.34,24.16,42.74,28.26,0.9290,0.9869,0.8256,1
43,16,652.87,0.22,2.58,2.13,2.43,2.01,2.91,1440.00,22.34,24.08,42.10,28.26,0.9316,0.9869,0.8256,1
43,17,427.49,0.21,1.70,1.40,1.64,1.36,1.77,1440.00,22.34,23.39,34.62,26.20,0.9615,0.9952,0.8256,1
43,18,254.94,0.18,1.02,0.84,1.00,0.83,0.91,1440.00,22.34,22.88,28.91,24.60,0.9844,1.0016,0.8256,0
43,19,131.15,0.12,0.53,0.44,0.52,0.43,0.32,1440.00,22.34,22.52,24.99,23.49,1.0000,1.0060,0.8256,0
43,20,13.95,0.00,0.06,0.05,0.06,0.05,0.00,,22.34,,21.11,21.11,1.0156,1.0156,0.8256,0
43,21,0.00,0.00,0.00,0.00,0.00,0.00,0.00,,22.34,,20.35,20.35,1.0186,1.0186,0.8256,0
43,22,0.00,0.00,0.00,0.00,0.00,0.00,0.00,,22.34,,21.02,21.02,1.0159,1.0159,0.8256,0
43,23,0.00,0.00,0.00,0.00,0.00,0.00,0.00,,22.34,,20.93,20.93,1.0163,1.0163,0.8256,0
43,24,0.00,0.00,0.00,0.00,0.00,0.00,0.00,,22.34,,20.67,20.67,1.0173,1.0173,0.8256,0
44,1,0.00,0.00,0.00,0.00,0.00,0.00,0.00,,22.30,,20.65,20.65,1.0174,1.0174,0.8256,0
44,2,0.00,0.00,0.00,0.00,0.00,0.00,0.00,,22.30,,20.30,20.30,1.0188,1.0188,0.8256,0
44,3,0.00,0.00,0.00,0.00,0.00,0.00,0.00,,22.30,,20.13,20.13,1.0195,1.0195,0.8256,0
44,4,0.00,0.00,0.00,0.00,0.00,0.00,0.00,,22.30,,20.09,20.09,1.0196,1.0196,0.8256,0
44,5,0.00,0.00,0.00,0.00,0.00,0.00,0.00,,22.30,,19.91,19.91,1.0204,1.0204,0.8256,0
44,6,0.00,0.00,0.00,0.00,0.00,0.00,0.00,,22.30,,19.92,19.92,1.0203,1.0203,0.8256,0
44,7,0.00,0.00,0.00,0.00,0.00,0.00,0.00,,22.30,,19.98,19.98,1.0201,1.0201,0.8256,0
44,8,56.17,0.00,0.23,0.19,0.23,0.19,0.00,,22.30,,21.85,21.85,1.0126,1.0126,0.8256,0
44,9,165.28,0.15,0.67,0.55,0.66,0.54,0.49,1440.00,22.30,22.59,25.73,23.43,0.9971,1.0063,0.8256,0
44,10,321.24,0.23,1.29,1.06,1.25,1.03,1.51,1440.00,22.30,23.20,31.68,24.53,0.9733,1.0019,0.8256,0
44,11,551.43,0.25,2.20,1.81,2.08,1.72,2.77,1440.00,22.30,23.95,39.19,26.04,0.9432,0.9958,0.8256,1
44,12,672.94,0.25,2.67,2.20,2.49,2.06,3.39,1440.00,22.30,24.32,43.42,27.34,0.9263,0.9907,0.8256,1
44,13,638.96,0.26,2.53,2.09,2.37,1.96,3.31,1440.00,22.30,24.27,42.93,27.21,0.9283,0.9911,0.8256,1
44,14,746.55,0.26,2.95,2.43,2.73,2.25,3.81,1440.00,22.30,24.58,46.36,28.24,0.9146,0.9870,0.8256,1
44,15,600.81,0.26,2.38,1.97,2.24,1.85,3.09,1440.00,22.30,24.14,41.94,27.27,0.9323,0.9909,0.8256,1
44,16,606.94,0.26,2.40,1.98,2.26,1.87,3.11,1440.00,22.30,24.16,42.21,27.42,0.9312,0.9903,0.8256,1
44,17,536.93,0.26,2.13,1.76,2.02,1.67,2.74,1440.00,22.30,23.93,39.96,26.94,0.9402,0.9922,0.8256,1
44,18,278.71,0.27,1.12,0.92,1.08,0.90,1.48,1440.00,22.30,23.18,31.77,24.72,0.9729,1.0011,0.8256,0
44,19,114.52,0.30,0.46,0.38,0.46,0.38,0.68,1440.00,22.30,22.70,26.51,23.28,0.9940,1.0069,0.8256,0
44,20,17.20,0.47,0.07,0.06,0.07,0.06,0.16,1440.00,22.30,22.39,23.21,22.45,1.0072,1.0102,0.8256,0
44,21,0.00,0.00,0.00,0.00,0.00,0.00,0.00,,22.30,,22.21,22.21,1.0112,1.0112,0.8256,0
44,22,0.00,0.00,0.00,0.00,0.00,0.00,0.00,,22.30,,22.17,22.17,1.0113,1.0113,0.8256,0
44,23,0.00,0.00,0.00,0.00,0.00,0.00,0.00,,22.30,,21.87,21.87,1.0125,1.0125,0.8256,0
44,24,0.00,0.00,0.00,0.00,0.00,0.00,0.00,,22.30,,21.69,21.69,1.0132,1.0132,0.8256,0
45,1,0.00,0.00,0.00,0.00,0.00,0.00,0.00,,22.26,,21.32,21.32,1.0147,1.0147,0.8256,0
45,2,0.00,0.00,0.00,0.00,0.00,0.00,0.00,,22.26,,20.84,20.84,1.0166,1.0166,0.8256,0
45,3,0.00,0.00,0.00,0.00,0.00,0.00,0.00,,22.26,,20.46,20.46,1.0182,1.0182,0.8256,0
45,4,0.00,0.00,0.00,0.00,0.00,0.00,0.00,,22.26,,19.96,19.96,1.0202,1.0202,0.8256,0
45,5,0.00,0.00,0.00,0.00,0.00,0.00,0.00,,22.26,,19.69,19.69,1.0212,1.0212,0.8256,0
45,6,0.00,0.00,0.00,0.00,0.00,0.00,0.00,,22.26,,19.90,19.90,1.0204,1.0204,0.8256,0
45,7,0.00,0.00,0.00,0.00,0.00,0.00,0.00,,22.26,,19.64,19.64,1.0214,1.0214,0.8256,0
45,8,47.84,0.00,0.19,0.16,0.19,0.16,0.00,,22.26,,21.27,21.27,1.0149,1.0149,0.8256,0
45,9,266.80,0.21,1.07,0.88,1.05,0.87,1.11,1440.00,22.26,22.92,29.38,24.11,0.9825,1.0036,0.8256,0
45,10,506.01,0.26,2.02,1.67,1.92,1.58,2.68,1440.00,22.26,23.86,38.27,25.56,0.9469,0.9978,0.8256,0
45,11,614.22,0.27,2.44,2.01,2.29,1.89,3.31,1440.00,22.26,24.23,42.43,26.72,0.9303,0.9931,0.8256,1
45,12,775.79,0.26,3.05,2.52,2.82,2.33,4.00,1440.00,22.26,24.65,47.96,28.97,0.9081,0.9841,0.8256,1
45,13,799.18,0.26,3.14,2.59,2.88,2.38,4.19,1440.00,22.26,24.76,49.50,29.60,0.9020,0.9816,0.8256,1
45,14,795.12,0.26,3.12,2.57,2.87,2.37,4.18,1440.00,22.26,24.75,49.71,29.86,0.9012,0.9806,0.8256,1
45,15,608.31,0.28,2.40,1.98,2.25,1.86,3.36,1440.00,22.26,24.26,44.11,28.17,0.9236,0.9873,0.8256,1
45,16,816.24,0.26,3.20,2.64,2.93,2.42,4.30,1440.00,22.26,24.83,50.70,30.28,0.8972,0.9789,0.8256,1
45,17,635.07,0.27,2.50,2.07,2.34,1.93,3.43,1440.00,22.26,24.31,45.02,28.73,0.9199,0.9851,0.8256,1
45,18,355.66,0.29,1.42,1.17,1.36,1.12,2.07,1440.00,22.26,23.50,35.92,26.07,0.9563,0.9957,0.8256,0
45,19,182.76,0.34,0.73,0.61,0.72,0.59,1.23,1440.00,22.26,22.99,30.12,24.26,0.9795,1.0030,0.8256,0
45,20,22.27,1.00,0.09,0.07,0.09,0.07,0.45,1440.00,22.26,22.52,24.65,22.53,1.0014,1.0099,0.8256,0
45,21,0.00,0.00,0.00,0.00,0.00,0.00,0.00,,22.26,,23.49,23.49,1.0060,1.0060,0.8256,0
45,22,0.00,0.00,0.00,0.00,0.00,0.00,0.00,,22.26,,23.23,23.23,1.0071,1.0071,0.8256,0
45,23,0.00,0.00,0.00,0.00,0.00,0.00,0.00,,22.26,,23.00,23.00,1.0080,1.0080,0.8256,0
45,24,0.00,0.00,0.00,0.00,0.00,0.00,0.00,,22.26,,22.71,22.71,1.0092,1.0092,0.8256,0
46,1,0.00,0.00,0.00,0.00,0.00,0.00,0.00,,22.22,,22.35,22.35,1.0106,1.0106,0.8256,0
46,2,0.00,0.00,0.00,0.00,0.00,0.00,0.00,,22.22,,21.83,21.83,1.0127,1.0127,0.8256,0
46,3,0.00,0.00,0.00,0.00,0.00,0.00,0.00,,22.22,,21.32,21.32,1.0147,1.0147,0.8256,0
46,4,0.00,0.00,0.00,0.00,0.00,0.00,0.00,,22.22,,20.89,20.89,1.0164,1.0164,0.8256,0
46,5,0.00,0.00,0.00,0.00,0.00,0.00,0.00,,22.22,,21.12,21.12,1.0155,1.0155,0.8256,0
46,6,0.00,0.00,0.00,0.00,0.00,0.00,0.00,,22.22,,20.96,20.96,1.0162,1.0162,0.8256,0
46,7,0.00,0.00,0.00,0.00,0.00,0.00,0.00,,22.22,,20.88,20.88,1.0165,1.0165,0.8256,0
46,8,47.60,0.00,0.19,0.16,0.19,0.16,0.00,,22.22,,22.31,22.31,1.0108,1.0108,0.8256,0
46,9,238.79,0.22,0.96,0.79,0.94,0.78,1.07,1440.00,22.22,22.85,28.99,23.91,0.9840,1.0043,0.8256,0
46,10,466.94,0.26,1.86,1.54,1.78,1.47,2.46,1440.00,22.22,23.68,37.23,25.56,0.9511,0.9978,0.8256,0
46,11,568.95,0.26,2.26,1.87,2.13,1.76,3.00,1440.00,22.22,24.01,40.82,26.56,0.9367,0.9937,0.8256,1
46,12,656.43,0.27,2.60,2.15,2.43,2.00,3.49,1440.00,22.22,24.30,44.00,27.41,0.9240,0.9904,0.8256,1
46,13,736.98,0.27,2.91,2.40,2.69,2.22,3.93,1440.00,22.22,24.57,47.16,28.48,0.9114,0.9861,0.8256,1
46,14,723.74,0.27,2.85,2.35,2.64,2.18,3.84,1440.00,22.22,24.51,46.92,28.67,0.9123,0.9853,0.8256,1
46,15,792.51,0.26,3.11,2.57,2.86,2.36,4.17,1440.00,22.22,24.71,49.29,29.50,0.9029,0.9820,0.8256,1
46,16,696.67,0.26,2.74,2.26,2.55,2.10,3.68,1440.00,22.22,24.41,46.47,28.99,0.9141,0.9840,0.8256,1
46,17,574.64,0.26,2.27,1.87,2.14,1.76,3.00,1440.00,22.22,24.01,42.49,28.23,0.9300,0.9871,0.8256,1
46,18,420.95,0.26,1.67,1.38,1.60,1.32,2.22,1440.00,22.22,23.54,37.38,26.82,0.9505,0.9927,0.8256,0
46,19,186.44,0.32,0.75,0.62,0.73,0.60,1.17,1440.00,22.22,22.92,29.85,24.27,0.9806,1.0029,0.8256,0
46,20,21.41,0.90,0.09,0.07,0.09,0.07,0.39,1440.00,22.22,22.45,24.28,22.45,1.0029,1.0102,0.8256,0
46,21,0.00,0.00,0.00,0.00,0.00,0.00,0.00,,22.22,,23.09,23.09,1.0076,1.0076,0.8256,0
46,22,0.00,0.00,0.00,0.00,0.00,0.00,0.00,,22.22,,23.24,23.24,1.0070,1.0070,0.8256,0
46,23,0.00,0.00,0.00,0.00,0.00,0.00,0.00,,22.22,,23.00,23.00,1.0080,1.0080,0.8256,0
46,24,0.00,0.00,0.00,0.00,0.00,0.00,0.00,,22.22,,22.66,22.66,1.0094,1.0094,0.8256,0
47,1,0.00,0.00,0.00,0.00,0.00,0.00,0.00,,22.17,,22.23,22.23,1.0111,1.0111,0.8256,0
47,2,0.00,0.00,0.00,0.00,0.00,0.00,0.00,,22.17,,21.74,21.74,1.0130,1.0130,0.8256,0
47,3,0.00,0.00,0.00,0.00,0.00,0.00,0.00,,22.17,,21.28,21.28,1.0149,1.0149,0.8256,0
47,4,0.00,0.00,0.00,0.00,0.00,0.00,0.00,,22.17,,21.59,21.59,1.0136,1.0136,0.8256,0
47,5,0.00,0.00,0.00,0.00,0.00,0.00,0.00,,22.17,,21.55,21.55,1.0138,1.0138,0.8256,0
47,6,0.00,0.00,0.00,0.00,0.00,0.00,0.00,,22.17,,21.32,21.32,1.0147,1.0147,0.8256,0
47,7,0.00,0.00,0.00,0.00,0.00,0.00,0.00,,22.17,,21.05,21.05,1.0158,1.0158,0.8256,0
47,8,52.34,0.00,0.21,0.17,0.21,0.17,0.00,,22.17,,22.49,22.49,1.0101,1.0101,0.8256,0
47,9,252.09,0.24,1.01,0.84,0.99,0.82,1.20,1440.00,22.17,22.89,29.51,23.79,0.9820,1.0048,0.8256,0
47,10,426.91,0.28,1.71,1.41,1.63,1.35,2.39,1440.00,22.17,23.60,35.84,24.50,0.9566,1.0020,0.8256,0
47,11,551.11,0.29,2.20,1.82,2.07,1.71,3.15,1440.00,22.17,24.06,40.23,25.27,0.9391,0.9989,0.8256,1
47,12,655.16,0.28,2.60,2.15,2.42,2.00,3.65,1440.00,22.17,24.35,43.96,26.62,0.9241,0.9935,0.8256,1
47,13,887.22,0.27,3.49,2.89,3.17,2.61,4.87,1440.00,22.17,25.09,51.97,28.82,0.8921,0.9847,0.8256,1
47,14,925.69,0.27,3.63,3.00,3.28,2.71,5.01,1440.00,22.17,25.17,53.39,29.59,0.8864,0.9816,0.8256,1
47,15,965.02,0.27,3.78,3.12,3.40,2.81,5.13,1440.00,22.17,25.24,54.76,30.38,0.8810,0.9785,0.8256,1
47,16,799.71,0.27,3.14,2.59,2.88,2.38,4.29,1440.00,22.17,24.74,49.80,29.43,0.9008,0.9823,0.8256,1
47,17,650.07,0.27,2.57,2.12,2.39,1.97,3.55,1440.00,22.17,24.30,45.23,28.36,0.9191,0.9866,0.8256,1
47,18,426.89,0.29,1.70,1.40,1.62,1.34,2.46,1440.00,22.17,23.64,38.13,26.46,0.9475,0.9942,0.8256,0
47,19,188.12,0.34,0.76,0.62,0.74,0.61,1.29,1440.00,22.17,22.94,30.26,24.13,0.9790,1.0035,0.8256,0
47,20,20.61,1.00,0.08,0.07,0.08,0.07,0.41,1440.00,22.17,22.42,24.40,22.45,1.0024,1.0102,0.8256,0
47,21,0.00,0.00,0.00,0.00,0.00,0.00,0.00,,22.17,,23.09,23.09,1.0076,1.0076,0.8256,0
47,22,0.00,0.00,0.00,0.00,0.00,0.00,0.00,,22.17,,22.81,22.81,1.0088,1.0088,0.8256,0
47,23,0.00,0.00,0.00,0.00,0.00,0.00,0.00,,22.17,,22.70,22.70,1.0092,1.0092,0.8256,0
47,24,0.00,0.00,0.00,0.00,0.00,0.00,0.00,,22.17,,22.47,22.47,1.0101,1.0101,0.8256,0
48,1,0.00,0.00,0.00,0.00,0.00,0.00,0.00,,22.13,,22.11,22.11,1.0116,1.0116,0.8256,0
48,2,0.00,0.00,0.00,0.00,0.00,0.00,0.00,,22.13,,21.69,21.69,1.0132,1.0132,0.8256,0
48,3,0.00,0.00,0.00,0.00,0.00,0.00,0.00,,22.13,,21.26,21.26,1.0150,1.0150,0.8256,0
48,4,0.00,0.00,0.00,0.00,0.00,0.00,0.00,,22.13,,20.89,20.89,1.0164,1.0164,0.8256,0
48,5,0.00,0.00,0.00,0.00,0.00,0.00,0.00,,22.13,,20.54,20.54,1.0178,1.0178,0.8256,0
48,6,0.00,0.00,0.00,0.00,0.00,0.00,0.00,,22.13,,20.42,20.42,1.0183,1.0183,0.8256,0
48,7,0.00,0.00,0.00,0.00,0.00,0.00,0.00,,22.13,,20.27,20.27,1.0189,1.0189,0.8256,0
48,8,42.87,0.00,0.17,0.14,0.17,0.14,0.00,,22.13,,21.56,21.56,1.0138,1.0138,0.8256,0
48,9,295.36,0.21,1.18,0.98,1.16,0.96,1.22,1440.00,22.13,22.86,30.19,24.40,0.9792,1.0024,0.8256,0
48,10,553.56,0.26,2.20,1.82,2.08,1.72,2.86,1440.00,22.13,23.84,39.72,26.12,0.9411,0.9955,0.8256,0
48,11,777.78,0.28,3.08,2.54,2.82,2.33,4.33,1440.00,22.13,24.71,48.01,27.45,0.9080,0.9902,0.8256,1
48,12,912.71,0.29,3.60,2.97,3.23,2.67,5.29,1440.00,22.13,25.29,53.60,28.48,0.8856,0.9861,0.8256,1
48,13,953.06,0.30,3.75,3.10,3.34,2.76,5.73,1440.00,22.13,25.55,56.16,28.96,0.8753,0.9842,0.8256,1
48,14,979.77,0.31,3.85,3.18,3.41,2.81,6.00,1440.00,22.13,25.72,57.71,29.20,0.8692,0.9832,0.8256,1
48,15,885.48,0.32,3.49,2.89,3.12,2.57,5.64,1440.00,22.13,25.50,55.10,28.33,0.8796,0.9867,0.8256,1
48,16,742.15,0.33,2.94,2.43,2.66,2.20,4.94,1440.00,22.13,25.08,50.89,27.45,0.8964,0.9902,0.8256,1
48,17,583.71,0.35,2.32,1.91,2.14,1.77,4.06,1440.00,22.13,24.55,46.04,26.78,0.9158,0.9929,0.8256,1
48,18,337.28,0.40,1.35,1.11,1.28,1.06,2.73,1440.00,22.13,23.76,38.19,25.23,0.9472,0.9991,0.8256,0
48,19,121.27,0.66,0.49,0.40,0.47,0.39,1.61,1440.00,22.13,23.09,30.73,23.08,0.9771,1.0077,0.8256,0
48,20,16.97,1.00,0.07,0.06,0.07,0.06,0.34,1440.00,22.13,22.33,26.73,25.12,0.9931,0.9995,0.8256,0
48,21,0.00,0.00,0.00,0.00,0.00,0.00,0.00,,22.13,,24.72,24.72,1.0011,1.0011,0.8256,0
48,22,0.00,0.00,0.00,0.00,0.00,0.00,0.00,,22.13,,24.26,24.26,1.0030,1.0030,0.8256,0
48,23,0.00,0.00,0.00,0.00,0.00,0.00,0.00,,22.13,,24.09,24.09,1.0036,1.0036,0.8256,0
48,24,0.00,0.00,0.00,0.00,0.00,0.00,0.00,,22.13,,23.76,23.76,1.0050,1.0050,0.8256,0
49,1,0.00,0.00,0.00,0.00,0.00,0.00,0.00,,22.08,,23.29,23.29,1.0068,1.0068,0.8256,0
49,2,0.00,0.00,0.00,0.00,0.00,0.00,0.00,,22.08,,22.76,22.76,1.0090,1.0090,0.8256,0
49,3,0.00,0.00,0.00,0.00,0.00,0.00,0.00,,22.08,,22.40,22.40,1.0104,1.0104,0.8256,0
49,4,0.00,0.00,0.00,0.00,0.00,0.00,0.00,,22.08,,22.15,22.15,1.0114,1.0114,0.8256,0
49,5,0.00,0.00,0.00,0.00,0.00,0.00,0.00,,22.08,,21.96,21.96,1.0122,1.0122,0.8256,0
49,6,0.00,0.00,0.00,0.00,0.00,0.00,0.00,,22.08,,21.80,21.80,1.0128,1.0128,0.8256,0
49,7,0.00,0.00,0.00,0.00,0.00,0.00,0.00,,22.08,,21.73,21.73,1.0131,1.0131,0.8256,0
49,8,44.91,0.16,0.18,0.15,0.18,0.15,0.14,1440.00,22.08,22.17,23.06,22.39,1.0077,1.0104,0.8256,0
49,9,214.75,0.26,0.86,0.71,0.85,0.70,1.11,1440.00,22.08,22.75,28.79,23.53,0.9848,1.0059,0.8256,0
49,10,470.65,0.29,1.88,1.56,1.78,1.47,2.77,1440.00,22.08,23.74,38.02,24.86,0.9479,1.0006,0.8256,0
49,11,593.30,0.30,2.37,1.96,2.21,1.82,3.61,1440.00,22.08,24.24,42.32,25.16,0.9307,0.9993,0.8256,1
49,12,866.78,0.31,3.45,2.85,3.10,2.56,5.33,1440.00,22.08,25.27,51.52,26.22,0.8939,0.9951,0.8256,1
49,13,994.92,0.30,3.94,3.25,3.48,2.87,6.05,1440.00,22.08,25.70,56.47,27.73,0.8741,0.9891,0.8256,1
49,14,891.29,0.30,3.52,2.91,3.16,2.61,5.39,1440.00,22.08,25.30,53.57,27.99,0.8857,0.9880,0.8256,1
49,15,932.39,0.29,3.67,3.03,3.28,2.71,5.45,1440.00,22.08,25.34,54.87,28.96,0.8805,0.9841,0.8256,1
49,16,725.60,0.30,2.87,2.37,2.63,2.17,4.32,1440.00,22.08,24.66,48.40,27.90,0.9064,0.9884,0.8256,1
49,17,585.84,0.30,2.32,1.92,2.17,1.79,3.53,1440.00,22.08,24.19,43.87,27.12,0.9245,0.9915,0.8256,1
49,18,324.45,0.34,1.30,1.07,1.24,1.03,2.18,1440.00,22.08,23.39,35.43,25.08,0.9583,0.9997,0.8256,0
49,19,120.30,0.47,0.48,0.40,0.47,0.39,1.14,1440.00,22.08,22.76,28.71,23.32,0.9852,1.0067,0.8256,0
49,20,14.05,1.00,0.06,0.05,0.06,0.05,0.28,1440.00,22.08,22.25,24.58,23.24,1.0017,1.0070,0.8256,0
49,21,0.00,0.00,0.00,0.00,0.00,0.00,0.00,,22.08,,23.27,23.27,1.0069,1.0069,0.8256,0
49,22,0.00,0.00,0.00,0.00,0.00,0.00,0.00,,22.08,,23.01,23.01,1.0080,1.0080,0.8256,0
49,23,0.00,0.00,0.00,0.00,0.00,0.00,0.00,,22.08,,22.50,22.50,1.0100,1.0100,0.8256,0
49,24,0.00,0.00,0.00,0.00,0.00,0.00,0.00,,22.08,,22.25,22.25,1.0110,1.0110,0.8256,0
50,1,0.00,0.00,0.00,0.00,0.00,0.00,0.00,,22.04,,22.22,22.22,1.0111,1.0111,0.8256,0
50,2,0.00,0.00,0.00,0.00,0.00,0.00,0.00,,22.04,,21.85,21.85,1.0126,1.0126,0.8256,0
50,3,0.00,0.00,0.00,0.00,0.00,0.00,0.00,,22.04,,21.51,21.51,1.0140,1.0140,0.8256,0
50,4,0.00,0.00,0.00,0.00,0.00,0.00,0.00,,22.04,,21.23,21.23,1.0151,1.0151,0.8256,0
50,5,0.00,0.00,0.00,0.00,0.00,0.00,0.00,,22.04,,21.04,21.04,1.0158,1.0158,0.8256,0
50,6,0.00,0.00,0.00,0.00,0.00,0.00,0.00,,22.04,,21.03,21.03,1.0159,1.0159,0.8256,0
50,7,0.00,0.00,0.00,0.00,0.00,0.00,0.00,,22.04,,21.17,21.17,1.0153,1.0153,0.8256,0
50,8,39.84,0.02,0.16,0.13,0.16,0.13,0.02,1440.00,22.04,22.05,22.52,22.42,1.0099,1.0103,0.8256,0
50,9,222.01,0.21,0.89,0.74,0.88,0.72,0.91,1440.00,22.04,22.58,28.44,24.11,0.9862,1.0035,0.8256,0
50,10,416.97,0.24,1.67,1.38,1.60,1.32,2.00,1440.00,22.04,23.23,34.71,25.22,0.9612,0.9991,0.8256,0
50,11,388.97,0.25,1.56,1.28,1.50,1.24,1.95,1440.00,22.04,23.20,34.25,24.97,0.9630,1.0001,0.8256,1
50,12,592.27,0.25,2.36,1.94,2.22,1.83,2.99,1440.00,22.04,23.83,40.65,26.44,0.9374,0.9942,0.8256,1
50,13,734.30,0.26,2.91,2.40,2.70,2.23,3.75,1440.00,22.04,24.28,45.05,27.26,0.9198,0.9910,0.8256,1
50,14,703.18,0.26,2.79,2.30,2.60,2.14,3.66,1440.00,22.04,24.22,44.26,26.89,0.9229,0.9924,0.8256,1
50,15,643.09,0.27,2.56,2.11,2.39,1.97,3.44,1440.00,22.04,24.09,42.68,26.34,0.9293,0.9947,0.8256,1
50,16,593.23,0.27,2.36,1.95,2.22,1.83,3.18,1440.00,22.04,23.94,41.29,26.19,0.9348,0.9952,0.8256,1
50,17,516.70,0.27,2.06,1.70,1.95,1.61,2.74,1440.00,22.04,23.68,38.89,25.85,0.9445,0.9966,0.8256,1
50,18,180.63,0.28,0.73,0.60,0.71,0.59,1.01,1440.00,22.04,22.64,28.30,23.49,0.9868,1.0061,0.8256,0
50,19,84.74,0.30,0.34,0.28,0.34,0.28,0.50,1440.00,22.04,22.34,25.13,22.74,0.9995,1.0090,0.8256,0
50,20,11.49,0.39,0.05,0.04,0.05,0.04,0.09,1440.00,22.04,22.09,22.56,22.13,1.0098,1.0115,0.8256,0
50,21,0.00,0.00,0.00,0.00,0.00,0.00,0.00,,22.04,,22.03,22.03,1.0119,1.0119,0.8256,0
50,22,0.00,0.00,0.00,0.00,0.00,0.00,0.00,,22.04,,21.93,21.93,1.0123,1.0123,0.8256,0
50,23,0.00,0.00,0.00,0.00,0.00,0.00,0.00,,22.04,,21.99,21.99,1.0120,1.0120,0.8256,0
50,24,0.00,0.00,0.00,0.00,0.00,0.00,0.00,,22.04,,21.97,21.97,1.0121,1.0121,0.8256,0
51,1,0.00,0.00,0.00,0.00,0.00,0.00,0.00,,21.99,,21.88,21.88,1.0125,1.0125,0.8256,0
51,2,0.00,0.00,0.00,0.00,0.00,0.00,0.00,,21.99,,21.77,21.77,1.0129,1.0129,0.8256,0
51,3,0.00,0.00,0.00,0.00,0.00,0.00,0.00,,21.99,,21.56,21.56,1.0138,1.0138,0.8256,0
51,4,0.00,0.00,0.00,0.00,0.00,0.00,0.00,,21.99,,21.19,21.19,1.0152,1.0152,0.8256,0
51,5,0.00,0.00,0.00,0.00,0.00,0.00,0.00,,21.99,,20.76,20.76,1.0170,1.0170,0.8256,0
51,6,0.00,0.00,0.00,0.00,0.00,0.00,0.00,,21.99,,20.63,20.63,1.0175,1.0175,0.8256,0
51,7,0.00,0.00,0.00,0.00,0.00,0.00,0.00,,21.99,,20.49,20.49,1.0180,1.0180,0.8256,0
51,8,41.03,0.00,0.17,0.14,0.17,0.14,0.00,,21.99,,22.01,22.01,1.0120,1.0120,0.8256,0
51,9,246.54,0.23,0.99,0.82,0.97,0.80,1.16,1440.00,21.99,22.68,29.24,23.76,0.9830,1.0050,0.8256,0
51,10,443.16,0.26,1.77,1.46,1.70,1.40,2.30,1440.00,21.99,23.36,35.92,25.00,0.9563,1.0000,0.8256,0
51,11,742.84,0.26,2.94,2.43,2.72,2.25,3.88,1440.00,21.99,24.31,45.82,27.39,0.9167,0.9904,0.8256,1
51,12,752.98,0.27,2.98,2.46,2.75,2.27,4.04,1440.00,21.99,24.40,46.92,27.74,0.9123,0.9890,0.8256,1
51,13,958.58,0.27,3.76,3.11,3.39,2.80,5.16,1440.00,21.99,25.07,54.14,29.63,0.8835,0.9815,0.8256,1
51,14,883.36,0.27,3.47,2.87,3.15,2.60,4.85,1440.00,21.99,24.89,52.38,29.36,0.8905,0.9826,0.8256,1
51,15,860.96,0.28,3.38,2.79,3.07,2.53,4.78,1440.00,21.99,24.85,52.13,29.44,0.8915,0.9822,0.8256,1
51,16,746.55,0.29,2.94,2.43,2.70,2.23,4.29,1440.00,21.99,24.56,49.04,28.65,0.9038,0.9854,0.8256,1
51,17,590.78,0.30,2.34,1.93,2.18,1.80,3.54,1440.00,21.99,24.11,44.36,27.55,0.9226,0.9898,0.8256,1
51,18,372.24,0.34,1.49,1.23,1.41,1.17,2.51,1440.00,21.99,23.49,37.53,25.63,0.9499,0.9975,0.8256,0
51,19,163.83,0.45,0.66,0.54,0.64,0.53,1.46,1440.00,21.99,22.86,30.62,23.67,0.9775,1.0053,0.8256,0
51,20,14.44,1.00,0.06,0.05,0.06,0.05,0.29,1440.00,21.99,22.16,25.48,24.11,0.9981,1.0036,0.8256,0
51,21,0.00,0.00,0.00,0.00,0.00,0.00,0.00,,21.99,,24.56,24.56,1.0018,1.0018,0.8256,0
51,22,0.00,0.00,0.00,0.00,0.00,0.00,0.00,,21.99,,24.70,24.70,1.0012,1.0012,0.8256,0
51,23,0.00,0.00,0.00,0.00,0.00,0.00,0.00,,21.99,,24.60,24.60,1.0016,1.0016,0.8256,0
51,24,0.00,0.00,0.00,0.00,0.00,0.00,0.00,,21.99,,24.38,24.38,1.0025,1.0025,0.8256,0
52,1,0.00,0.00,0.00,0.00,0.00,0.00,0.00,,21.94,,24.10,24.10,1.0036,1.0036,0.8256,0
52,2,0.00,0.00,0.00,0.00,0.00,0.00,0.00,,21.94,,23.83,23.83,1.0047,1.0047,0.8256,0
52,3,0.00,0.00,0.00,0.00,0.00,0.00,0.00,,21.94,,23.58,23.58,1.0057,1.0057,0.8256,0
52,4,0.00,0.00,0.00,0.00,0.00,0.00,0.00,,21.94,,23.46,23.46,1.0062,1.0062,0.8256,0
52,5,0.00,0.00,0.00,0.00,0.00,0.00,0.00,,21.94,,23.44,23.44,1.0062,1.0062,0.8256,0
52,6,0.00,0.00,0.00,0.00,0.00,0.00,0.00,,21.94,,23.54,23.54,1.0058,1.0058,0.8256,0
52,7,0.00,0.00,0.00,0.00,0.00,0.00,0.00,,21.94,,23.65,23.65,1.0054,1.0054,0.8256,0
52,8,52.76,0.61,0.21,0.18,0.21,0.17,0.65,1440.00,21.94,22.33,25.48,22.41,0.9981,1.0103,0.8256,0
52,9,263.66,0.33,1.06,0.87,1.02,0.85,1.72,1440.00,21.94,22.97,32.36,24.21,0.9706,1.0032,0.8256,0
52,10,501.61,0.31,2.00,1.65,1.88,1.55,3.09,1440.00,21.94,23.79,40.72,26.04,0.9371,0.9958,0.8256,0
52,11,713.45,0.31,2.83,2.33,2.59,2.14,4.38,1440.00,21.94,24.56,48.07,27.28,0.9077,0.9909,0.8256,1
52,12,901.08,0.32,3.57,2.95,3.18,2.62,5.77,1440.00,21.94,25.39,54.72,27.30,0.8811,0.9908,0.8256,1
52,13,959.39,0.33,3.80,3.14,3.34,2.75,6.36,1440.00,21.94,25.74,57.62,27.44,0.8695,0.9903,0.8256,1
52,14,700.80,0.33,2.78,2.29,2.53,2.09,4.68,1440.00,21.94,24.74,49.55,27.34,0.9018,0.9907,0.8256,1
52,15,621.46,0.29,2.46,2.03,2.29,1.89,3.55,1440.00,21.94,24.07,44.63,27.75,0.9215,0.9890,0.8256,1
52,16,406.43,0.30,1.62,1.34,1.54,1.28,2.41,1440.00,21.94,23.38,37.46,26.02,0.9502,0.9959,0.8256,1
52,17,314.16,0.33,1.26,1.04,1.21,1.00,2.05,1440.00,21.94,23.17,34.69,24.96,0.9612,1.0002,0.8256,1
52,18,194.85,0.37,0.78,0.65,0.76,0.63,1.45,1440.00,21.94,22.81,30.61,23.73,0.9776,1.0051,0.8256,0
52,19,86.05,0.49,0.35,0.29,0.34,0.28,0.84,1440.00,21.94,22.44,26.69,22.69,0.9932,1.0092,0.8256,0
52,20,7.29,1.00,0.03,0.02,0.03,0.02,0.15,1440.00,21.94,22.03,24.03,23.34,1.0039,1.0067,0.8256,0
52,21,0.00,0.00,0.00,0.00,0.00,0.00,0.00,,21.94,,23.66,23.66,1.0054,1.0054,0.8256,0
52,22,0.00,0.00,0.00,0.00,0.00,0.00,0.00,,21.94,,23.69,23.69,1.0052,1.0052,0.8256,0
52,23,0.00,0.00,0.00,0.00,0.00,0.00,0.00,,21.94,,23.22,23.22,1.0071,1.0071,0.8256,0
52,24,0.00,0.00,0.00,0.00,0.00,0.00,0.00,,21.94,,23.16,23.16,1.0074,1.0074,0.8256,0
53,1,0.00,0.00,0.00,0.00,0.00,0.00,0.00,,21.89,,22.99,22.99,1.0080,1.0080,0.8256,0
53,2,0.00,0.00,0.00,0.00,0.00,0.00,0.00,,21.89,,22.69,22.69,1.0092,1.0092,0.8256,0
53,3,0.00,0.00,0.00,0.00,0.00,0.00,0.00,,21.89,,22.51,22.51,1.0100,1.0100,0.8256,0
53,4,0.00,0.00,0.00,0.00,0.00,0.00,0.00,,21.89,,22.34,22.34,1.0106,1.0106,0.8256,0
53,5,0.00,0.00,0.00,0.00,0.00,0.00,0.00,,21.89,,22.20,22.20,1.0112,1.0112,0.8256,0
53,6,0.00,0.00,0.00,0.00,0.00,0.00,0.00,,21.89,,22.14,22.14,1.0114,1.0114,0.8256,0
53,7,0.00,0.00,0.00,0.00,0.00,0.00,0.00,,21.89,,22.03,22.03,1.0119,1.0119,0.8256,0
53,8,22.71,0.26,0.09,0.08,0.09,0.08,0.12,1440.00,21.89,21.96,22.65,22.09,1.0094,1.0116,0.8256,0
53,9,75.87,0.28,0.31,0.25,0.30,0.25,0.42,1440.00,21.89,22.14,24.53,22.55,1.0019,1.0098,0.8256,0
53,10,127.17,0.23,0.51,0.42,0.51,0.42,0.58,1440.00,21.89,22.24,25.81,23.05,0.9967,1.0078,0.8256,0
53,11,262.12,0.22,1.05,0.87,1.03,0.85,1.14,1440.00,21.89,22.57,30.04,24.64,0.9798,1.0015,0.8256,1
53,12,399.00,0.23,1.59,1.31,1.53,1.27,1.86,1440.00,21.89,23.00,34.92,26.09,0.9603,0.9956,0.8256,1
53,13,496.55,0.25,1.97,1.63,1.88,1.55,2.46,1440.00,21.89,23.36,38.34,26.64,0.9467,0.9934,0.8256,1
53,14,329.28,0.25,1.32,1.09,1.28,1.05,1.62,1440.00,21.89,22.86,32.50,24.81,0.9700,1.0007,0.8256,1
53,15,215.48,0.26,0.87,0.72,0.85,0.70,1.10,1440.00,21.89,22.55,28.88,23.65,0.9845,1.0054,0.8256,1
53,16,288.18,0.24,1.16,0.96,1.13,0.93,1.40,1440.00,21.89,22.73,30.62,23.99,0.9775,1.0040,0.8256,1
53,17,136.66,0.24,0.55,0.46,0.54,0.45,0.65,1440.00,21.89,22.28,25.95,22.86,0.9962,1.0086,0.8256,1
53,18,204.75,0.28,0.82,0.68,0.81,0.67,1.14,1440.00,21.89,22.57,28.84,23.41,0.9846,1.0063,0.8256,0
53,19,105.35,0.33,0.43,0.35,0.42,0.35,0.69,1440.00,21.89,22.31,26.00,22.72,0.9960,1.0091,0.8256,0
53,20,10.08,0.70,0.04,0.03,0.04,0.03,0.14,1440.00,21.89,21.98,22.65,21.97,1.0094,1.0121,0.8256,0
53,21,0.00,0.00,0.00,0.00,0.00,0.00,0.00,,21.89,,21.59,21.59,1.0136,1.0136,0.8256,0
53,22,0.00,0.00,0.00,0.00,0.00,0.00,0.00,,21.89,,22.29,22.29,1.0108,1.0108,0.8256,0
53,23,0.00,0.00,0.00,0.00,0.00,0.00,0.00,,21.89,,22.32,22.32,1.0107,1.0107,0.8256,0
53,24,0.00,0.00,0.00,0.00,0.00,0.00,0.00,,21.89,,22.01,22.01,1.0120,1.0120,0.8256,0
54,1,0.00,0.00,0.00,0.00,0.00,0.00,0.00,,21.84,,21.87,21.87,1.0125,1.0125,0.8256,0
54,2,0.00,0.00,0.00,0.00,0.00,0.00,0.00,,21.84,,21.52,21.52,1.0139,1.0139,0.8256,0
54,3,0.00,0.00,0.00,0.00,0.00,0.00,0.00,,21.84,,21.45,21.45,1.0142,1.0142,0.8256,0
54,4,0.00,0.00,0.00,0.00,0.00,0.00,0.00,,21.84,,21.29,21.29,1.0148,1.0148,0.8256,0
54,5,0.00,0.00,0.00,0.00,0.00,0.00,0.00,,21.84,,21.44,21.44,1.0142,1.0142,0.8256,0
54,6,0.00,0.00,0.00,0.00,0.00,0.00,0.00,,21.84,,21.54,21.54,1.0138,1.0138,0.8256,0
54,7,0.00,0.00,0.00,0.00,0.00,0.00,0.00,,21.84,,21.71,21.71,1.0132,1.0132,0.8256,0
54,8,27.49,0.19,0.11,0.09,0.11,0.09,0.11,1440.00,21.84,21.90,22.55,22.04,1.0098,1.0118,0.8256,0
54,9,132.41,0.28,0.53,0.44,0.53,0.43,0.74,1440.00,21.84,22.28,26.33,22.80,0.9947,1.0088,0.8256,0
54,10,225.63,0.31,0.91,0.75,0.88,0.73,1.40,1440.00,21.84,22.68,30.17,23.54,0.9793,1.0058,0.8256,0
54,11,435.10,0.28,1.74,1.44,1.66,1.37,2.48,1440.00,21.84,23.32,36.83,25.05,0.9527,0.9998,0.8256,1
54,12,510.19,0.28,2.04,1.68,1.93,1.59,2.89,1440.00,21.84,23.57,39.06,25.36,0.9437,0.9986,0.8256,1
54,13,468.69,0.30,1.88,1.55,1.78,1.47,2.78,1440.00,21.84,23.50,38.09,24.90,0.9477,1.0004,0.8256,1
54,14,507.59,0.31,2.03,1.67,1.91,1.57,3.10,1440.00,21.84,23.69,40.11,25.39,0.9396,0.9984,0.8256,1
54,15,650.72,0.29,2.58,2.13,2.40,1.98,3.76,1440.00,21.84,24.09,44.94,27.09,0.9203,0.9916,0.8256,1
54,16,628.18,0.29,2.49,2.06,2.32,1.91,3.63,1440.00,21.84,24.01,44.36,27.11,0.9226,0.9915,0.8256,1
54,17,511.53,0.29,2.03,1.68,1.92,1.58,3.01,1440.00,21.84,23.64,40.73,26.43,0.9371,0.9943,0.8256,1
54,18,294.46,0.33,1.18,0.97,1.14,0.94,1.92,1440.00,21.84,22.99,33.64,24.55,0.9654,1.0018,0.8256,0
54,19,126.41,0.48,0.51,0.42,0.50,0.41,1.21,1440.00,21.84,22.56,28.72,22.99,0.9851,1.0080,0.8256,0
54,20,8.63,1.00,0.03,0.03,0.03,0.03,0.17,1440.00,21.84,21.94,24.86,24.04,1.0006,1.0038,0.8256,0
54,21,0.00,0.00,0.00,0.00,0.00,0.00,0.00,,21.84,,24.15,24.15,1.0034,1.0034,0.8256,0
54,22,0.00,0.00,0.00,0.00,0.00,0.00,0.00,,21.84,,23.57,23.57,1.0057,1.0057,0.8256,0
54,23,0.00,0.00,0.00,0.00,0.00,0.00,0.00,,21.84,,23.43,23.43,1.0063,1.0063,0.8256,0
54,24,0.00,0.00,0.00,0.00,0.00,0.00,0.00,,21.84,,23.29,23.29,1.0068,1.0068,0.8256,0
55,1,0.00,0.00,0.00,0.00,0.00,0.00,0.00,,21.79,,22.88,22.88,1.0085,1.0085,0.8256,0
55,2,0.00,0.00,0.00,0.00,0.00,0.00,0.00,,21.79,,22.75,22.75,1.0090,1.0090,0.8256,0
55,3,0.00,0.00,0.00,0.00,0.00,0.00,0.00,,21.79,,22.71,22.71,1.0092,1.0092,0.8256,0
55,4,0.00,0.00,0.00,0.00,0.00,0.00,0.00,,21.79,,22.68,22.68,1.0093,1.0093,0.8256,0
55,5,0.00,0.00,0.00,0.00,0.00,0.00,0.00,,21.79,,22.45,22.45,1.0102,1.0102,0.8256,0
55,6,0.00,0.00,0.00,0.00,0.00,0.00,0.00,,21.79,,22.42,22.42,1.0103,1.0103,0.8256,0
55,7,0.00,0.00,0.00,0.00,0.00,0.00,0.00,,21.79,,22.64,22.64,1.0094,1.0094,0.8256,0
55,8,42.87,0.49,0.17,0.14,0.17,0.14,0.42,1440.00,21.79,22.04,24.08,22.09,1.0037,1.0117,0.8256,0
55,9,132.15,0.33,0.53,0.44,0.52,0.43,0.88,1440.00,21.79,22.32,26.91,22.71,0.9924,1.0092,0.8256,0
55,10,245.72,0.33,0.99,0.82,0.96,0.79,1.60,1440.00,21.79,22.75,31.05,23.44,0.9758,1.0062,0.8256,0
55,11,285.71,0.31,1.15,0.95,1.11,0.92,1.75,1440.00,21.79,22.83,32.22,23.93,0.9711,1.0043,0.8256,1
55,12,450.60,0.29,1.80,1.49,1.71,1.41,2.58,1440.00,21.79,23.33,37.46,25.21,0.9502,0.9992,0.8256,1
55,13,422.25,0.31,1.69,1.40,1.61,1.33,2.63,1440.00,21.79,23.36,37.18,24.70,0.9513,1.0012,0.8256,1
55,14,616.81,0.30,2.46,2.03,2.28,1.88,3.70,1440.00,21.79,24.00,43.67,26.11,0.9253,0.9956,0.8256,1
55,15,709.68,0.30,2.82,2.33,2.59,2.14,4.20,1440.00,21.79,24.30,46.83,26.87,0.9127,0.9925,0.8256,1
55,16,480.71,0.30,1.92,1.58,1.81,1.50,2.92,1440.00,21.79,23.53,39.26,25.41,0.9430,0.9984,0.8256,1
55,17,394.29,0.29,1.58,1.30,1.51,1.25,2.29,1440.00,21.79,23.16,35.65,24.76,0.9574,1.0010,0.8256,1
55,18,147.44,0.39,0.59,0.49,0.58,0.48,1.16,1440.00,21.79,22.48,28.44,22.95,0.9863,1.0082,0.8256,0
55,19,66.63,0.56,0.27,0.22,0.27,0.22,0.75,1440.00,21.79,22.24,25.91,22.34,0.9964,1.0106,0.8256,0
55,20,6.85,1.00,0.03,0.02,0.03,0.02,0.14,1440.00,21.79,21.87,23.31,22.66,1.0067,1.0093,0.8256,0
55,21,0.00,0.00,0.00,0.00,0.00,0.00,0.00,,21.79,,22.96,22.96,1.0082,1.0082,0.8256,0
55,22,0.00,0.00,0.00,0.00,0.00,0.00,0.00,,21.79,,23.66,23.66,1.0054,1.0054,0.8256,0
55,23,0.00,0.00,0.00,0.00,0.00,0.00,0.00,,21.79,,22.95,22.95,1.0082,1.0082,0.8256,0
55,24,0.00,0.00,0.00,0.00,0.00,0.00,0.00,,21.79,,22.66,22.66,1.0094,1.0094,0.8256,0
56,1,0.00,0.00,0.00,0.00,0.00,0.00,0.00,,21.74,,22.53,22.53,1.0099,1.0099,0.8256,0
56,2,0.00,0.00,0.00,0.00,0.00,0.00,0.00,,21.74,,22.23,22.23,1.0111,1.0111,0.8256,0
56,3,0.00,0.00,0.00,0.00,0.00,0.00,0.00,,21.74,,22.17,22.17,1.0113,1.0113,0.8256,0
56,4,0.00,0.00,0.00,0.00,0.00,0.00,0.00,,21.74,,21.99,21.99,1.0120,1.0120,0.8256,0
56,5,0.00,0.00,0.00,0.00,0.00,0.00,0.00,,21.74,,21.89,21.89,1.0124,1.0124,0.8256,0
56,6,0.00,0.00,0.00,0.00,0.00,0.00,0.00,,21.74,,21.93,21.93,1.0123,1.0123,0.8256,0
56,7,0.00,0.00,0.00,0.00,0.00,0.00,0.00,,21.74,,22.01,22.01,1.0120,1.0120,0.8256,0
56,8,28.63,0.50,0.12,0.10,0.12,0.10,0.29,1440.00,21.74,21.91,23.30,21.94,1.0068,1.0122,0.8256,0
56,9,79.32,0.35,0.32,0.26,0.32,0.26,0.56,1440.00,21.74,22.07,24.96,22.32,1.0002,1.0107,0.8256,0
56,10,135.85,0.31,0.55,0.45,0.54,0.45,0.85,1440.00,21.74,22.25,26.81,22.75,0.9928,1.0090,0.8256,0
56,11,253.37,0.30,1.02,0.84,0.99,0.82,1.51,1440.00,21.74,22.64,30.73,23.58,0.9771,1.0057,0.8256,1
56,12,310.18,0.29,1.25,1.03,1.20,0.99,1.78,1440.00,21.74,22.80,32.32,23.88,0.9707,1.0045,0.8256,1
56,13,215.61,0.30,0.87,0.72,0.85,0.70,1.31,1440.00,21.74,22.52,29.51,23.27,0.9820,1.0069,0.8256,1
56,14,176.64,0.31,0.71,0.59,0.70,0.58,1.11,1440.00,21.74,22.40,28.25,22.99,0.9870,1.0080,0.8256,1
56,15,137.90,0.35,0.56,0.46,0.55,0.45,0.96,1440.00,21.74,22.31,27.25,22.68,0.9910,1.0093,0.8256,1
56,16,136.76,0.36,0.55,0.46,0.54,0.45,0.98,1440.00,21.74,22.32,27.28,22.65,0.9909,1.0094,0.8256,1
56,17,180.83,0.34,0.73,0.60,0.71,0.59,1.22,1440.00,21.74,22.46,28.64,22.87,0.9854,1.0085,0.8256,1
56,18,75.26,0.41,0.30,0.25,0.30,0.25,0.61,1440.00,21.74,22.10,25.10,22.19,0.9996,1.0112,0.8256,0
56,19,36.76,0.49,0.15,0.12,0.15,0.12,0.36,1440.00,21.74,21.95,23.70,21.98,1.0052,1.0121,0.8256,0
56,20,3.17,1.00,0.01,0.01,0.01,0.01,0.06,1440.00,21.74,21.77,22.66,22.36,1.0094,1.0106,0.8256,0
56,21,0.00,0.00,0.00,0.00,0.00,0.00,0.00,,21.74,,22.42,22.42,1.0103,1.0103,0.8256,0
56,22,0.00,0.00,0.00,0.00,0.00,0.00,0.00,,21.74,,22.94,22.94,1.0082,1.0082,0.8256,0
56,23,0.00,0.00,0.00,0.00,0.00,0.00,0.00,,21.74,,22.81,22.81,1.0088,1.0088,0.8256,0
56,24,0.00,0.00,0.00,0.00,0.00,0.00,0.00,,21.74,,22.78,22.78,1.0089,1.0089,0.8256,0
57,1,0.00,0.00,0.00,0.00,0.00,0.00,0.00,,21.68,,22.66,22.66,1.0094,1.0094,0.8256,0
57,2,0.00,0.00,0.00,0.00,0.00,0.00,0.00,,21.68,,22.40,22.40,1.0104,1.0104,0.8256,0
57,3,0.00,0.00,0.00,0.00,0.00,0.00,0.00,,21.68,,22.03,22.03,1.0119,1.0119,0.8256,0
57,4,0.00,0.00,0.00,0.00,0.00,0.00,0.00,,21.68,,21.73,21.73,1.0131,1.0131,0.8256,0
57,5,0.00,0.00,0.00,0.00,0.00,0.00,0.00,,21.68,,21.78,21.78,1.0129,1.0129,0.8256,0
57,6,0.00,0.00,0.00,0.00,0.00,0.00,0.00,,21.68,,21.65,21.65,1.0134,1.0134,0.8256,0
57,7,0.00,0.00,0.00,0.00,0.00,0.00,0.00,,21.68,,21.04,21.04,1.0158,1.0158,0.8256,0
57,8,10.27,0.00,0.04,0.03,0.04,0.03,0.00,,21.68,,21.22,21.22,1.0151,1.0151,0.8256,0
57,9,34.24,0.02,0.14,0.11,0.14,0.11,0.01,1440.00,21.68,21.69,21.99,21.92,1.0120,1.0123,0.8256,0
57,10,60.53,0.21,0.24,0.20,0.24,0.20,0.25,1440.00,21.68,21.83,23.32,22.13,1.0067,1.0115,0.8256,0
57,11,64.92,0.23,0.26,0.22,0.26,0.22,0.30,1440.00,21.68,21.86,23.59,22.14,1.0056,1.0114,0.8256,1
57,12,64.12,0.28,0.26,0.21,0.26,0.21,0.36,1440.00,21.68,21.90,23.84,22.12,1.0046,1.0115,0.8256,1
57,13,107.56,0.31,0.43,0.36,0.43,0.35,0.66,1440.00,21.68,22.08,25.63,22.49,0.9975,1.0101,0.8256,1
57,14,84.33,0.31,0.34,0.28,0.34,0.28,0.52,1440.00,21.68,21.99,24.88,22.39,1.0005,1.0104,0.8256,1
57,15,122.38,0.28,0.49,0.41,0.49,0.40,0.69,1440.00,21.68,22.10,26.04,22.75,0.9958,1.0090,0.8256,1
57,16,132.05,0.28,0.53,0.44,0.53,0.43,0.73,1440.00,21.68,22.12,26.29,22.82,0.9949,1.0087,0.8256,1
57,17,114.17,0.32,0.46,0.38,0.45,0.38,0.73,1440.00,21.68,22.12,26.15,22.68,0.9954,1.0093,0.8256,1
57,18,41.50,0.49,0.17,0.14,0.17,0.14,0.41,1440.00,21.68,21.93,23.97,22.03,1.0041,1.0119,0.8256,0
57,19,16.61,0.97,0.07,0.06,0.07,0.06,0.32,1440.00,21.68,21.87,23.35,21.82,1.0066,1.0127,0.8256,0
57,20,2.84,1.00,0.01,0.01,0.01,0.01,0.06,1440.00,21.68,21.72,22.69,22.42,1.0092,1.0103,0.8256,0
57,21,0.00,0.00,0.00,0.00,0.00,0.00,0.00,,21.68,,22.57,22.57,1.0097,1.0097,0.8256,0
57,22,0.00,0.00,0.00,0.00,0.00,0.00,0.00,,21.68,,22.07,22.07,1.0117,1.0117,0.8256,0
57,23,0.00,0.00,0.00,0.00,0.00,0.00,0.00,,21.68,,21.45,21.45,1.0142,1.0142,0.8256,0
57,24,0.00,0.00,0.00,0.00,0.00,0.00,0.00,,21.68,,21.37,21.37,1.0145,1.0145,0.8256,0
58,1,0.00,0.00,0.00,0.00,0.00,0.00,0.00,,21.63,,21.44,21.44,1.0142,1.0142,0.8256,0
58,2,0.00,0.00,0.00,0.00,0.00,0.00,0.00,,21.63,,21.19,21.19,1.0152,1.0152,0.8256,0
58,3,0.00,0.00,0.00,0.00,0.00,0.00,0.00,,21.63,,20.87,20.87,1.0165,1.0165,0.8256,0
58,4,0.00,0.00,0.00,0.00,0.00,0.00,0.00,,21.63,,20.70,20.70,1.0172,1.0172,0.8256,0
58,5,0.00,0.00,0.00,0.00,0.00,0.00,0.00,,21.63,,20.53,20.53,1.0179,1.0179,0.8256,0
58,6,0.00,0.00,0.00,0.00,0.00,0.00,0.00,,21.63,,20.51,20.51,1.0180,1.0180,0.8256,0
58,7,0.00,0.00,0.00,0.00,0.00,0.00,0.00,,21.63,,20.52,20.52,1.0179,1.0179,0.8256,0
58,8,12.63,0.00,0.05,0.04,0.05,0.04,0.00,,21.63,,20.98,20.98,1.0161,1.0161,0.8256,0
58,9,39.40,0.14,0.16,0.13,0.16,0.13,0.11,1440.00,21.63,21.69,22.40,21.89,1.0104,1.0124,0.8256,0
58,10,104.26,0.29,0.42,0.35,0.42,0.34,0.60,1440.00,21.63,21.98,25.08,22.23,0.9997,1.0111,0.8256,0
58,11,143.75,0.31,0.58,0.48,0.57,0.47,0.90,1440.00,21.63,22.16,26.80,22.55,0.9928,1.0098,0.8256,1
58,12,287.46,0.30,1.16,0.96,1.12,0.92,1.73,1440.00,21.63,22.66,31.62,23.41,0.9735,1.0064,0.8256,1
58,13,266.35,0.31,1.07,0.89,1.04,0.86,1.68,1440.00,21.63,22.63,31.20,23.24,0.9752,1.0071,0.8256,1
58,14,322.60,0.31,1.30,1.07,1.25,1.03,1.99,1440.00,21.63,22.82,33.18,23.71,0.9673,1.0051,0.8256,1
58,15,385.80,0.30,1.55,1.28,1.48,1.22,2.32,1440.00,21.63,23.01,35.30,24.29,0.9588,1.0028,0.8256,1
58,16,368.37,0.30,1.48,1.22,1.42,1.17,2.20,1440.00,21.63,22.94,34.85,24.40,0.9606,1.0024,0.8256,1
58,17,279.39,0.30,1.12,0.93,1.09,0.90,1.67,1440.00,21.63,22.63,31.70,23.75,0.9732,1.0050,0.8256,1
58,18,148.21,0.31,0.60,0.49,0.59,0.49,0.93,1440.00,21.63,22.18,27.18,22.75,0.9913,1.0090,0.8256,0
58,19,31.18,0.52,0.13,0.10,0.13,0.10,0.32,1440.00,21.63,21.82,23.40,21.87,1.0064,1.0125,0.8256,0
58,20,2.60,1.00,0.01,0.01,0.01,0.01,0.05,1440.00,21.63,21.66,22.22,21.97,1.0111,1.0121,0.8256,0
58,21,0.00,0.00,0.00,0.00,0.00,0.00,0.00,,21.63,,21.97,21.97,1.0121,1.0121,0.8256,0
58,22,0.00,0.00,0.00,0.00,0.00,0.00,0.00,,21.63,,21.83,21.83,1.0127,1.0127,0.8256,0
58,23,0.00,0.00,0.00,0.00,0.00,0.00,0.00,,21.63,,21.56,21.56,1.0138,1.0138,0.8256,0
58,24,0.00,0.00,0.00,0.00,0.00,0.00,0.00,,21.63,,21.61,21.61,1.0136,1.0136,0.8256,0
59,1,0.00,0.00,0.00,0.00,0.00,0.00,0.00,,21.57,,21.65,21.65,1.0134,1.0134,0.8256,0
59,2,0.00,0.00,0.00,0.00,0.00,0.00,0.00,,21.57,,21.65,21.65,1.0134,1.0134,0.8256,0
59,3,0.00,0.00,0.00,0.00,0.00,0.00,0.00,,21.57,,21.67,21.67,1.0133,1.0133,0.8256,0
59,4,0.00,0.00,0.00,0.00,0.00,0.00,0.00,,21.57,,21.67,21.67,1.0133,1.0133,0.8256,0
59,5,0.00,0.00,0.00,0.00,0.00,0.00,0.00,,21.57,,21.60,21.60,1.0136,1.0136,0.8256,0
59,6,0.00,0.00,0.00,0.00,0.00,0.00,0.00,,21.57,,21.53,21.53,1.0139,1.0139,0.8256,0
59,7,0.00,0.00,0.00,0.00,0.00,0.00,0.00,,21.57,,21.38,21.38,1.0145,1.0145,0.8256,0
59,8,48.46,0.22,0.20,0.16,0.20,0.16,0.21,1440.00,21.57,21.70,22.86,21.86,1.0085,1.0126,0.8256,0
59,9,184.65,0.27,0.75,0.62,0.73,0.60,1.00,1440.00,21.57,22.17,27.53,22.76,0.9899,1.0089,0.8256,0
59,10,300.98,0.28,1.21,1.00,1.17,0.97,1.71,1440.00,21.57,22.59,31.61,23.50,0.9736,1.0060,0.8256,0
59,11,396.66,0.28,1.59,1.31,1.52,1.26,2.20,1440.00,21.57,22.88,35.01,24.56,0.9600,1.0018,0.8256,1
59,12,564.80,0.27,2.25,1.86,2.12,1.75,3.03,1440.00,21.57,23.38,40.68,26.31,0.9373,0.9948,0.8256,1
59,13,689.95,0.26,2.73,2.25,2.54,2.10,3.61,1440.00,21.57,23.73,44.73,27.58,0.9211,0.9897,0.8256,1
59,14,623.66,0.26,2.47,2.04,2.32,1.91,3.25,1440.00,21.57,23.51,42.60,27.17,0.9296,0.9913,0.8256,1
59,15,559.80,0.26,2.22,1.84,2.10,1.74,2.89,1440.00,21.57,23.30,40.35,26.63,0.9386,0.9935,0.8256,1
59,16,395.60,0.27,1.58,1.31,1.52,1.25,2.14,1440.00,21.57,22.85,35.16,24.99,0.9594,1.0000,0.8256,1
59,17,223.03,0.30,0.90,0.74,0.87,0.72,1.34,1440.00,21.57,22.37,29.91,23.55,0.9804,1.0058,0.8256,1
59,18,42.26,0.48,0.17,0.14,0.17,0.14,0.41,1440.00,21.57,21.81,23.90,21.96,1.0044,1.0122,0.8256,0
59,19,28.16,0.44,0.11,0.09,0.11,0.09,0.25,1440.00,21.57,21.72,23.00,21.81,1.0080,1.0127,0.8256,0
59,20,2.65,1.00,0.01,0.01,0.01,0.01,0.05,1440.00,21.57,21.60,22.11,21.86,1.0115,1.0126,0.8256,0
59,21,0.00,0.00,0.00,0.00,0.00,0.00,0.00,,21.57,,21.89,21.89,1.0124,1.0124,0.8256,0
59,22,0.00,0.00,0.00,0.00,0.00,0.00,0.00,,21.57,,22.22,22.22,1.0111,1.0111,0.8256,0
59,23,0.00,0.00,0.00,0.00,0.00,0.00,0.00,,21.57,,22.29,22.29,1.0108,1.0108,0.8256,0
59,24,0.00,0.00,0.00,0.00,0.00,0.00,0.00,,21.57,,22.34,22.34,1.0106,1.0106,0.8256,0
60,1,0.00,0.00,0.00,0.00,0.00,0.00,0.00,,21.51,,22.38,22.38,1.0105,1.0105,0.8256,0
60,2,0.00,0.00,0.00,0.00,0.00,0.00,0.00,,21.51,,22.15,22.15,1.0114,1.0114,0.8256,0
60,3,0.00,0.00,0.00,0.00,0.00,0.00,0.00,,21.51,,22.29,22.29,1.0108,1.0108,0.8256,0
60,4,0.00,0.00,0.00,0.00,0.00,0.00,0.00,,21.51,,20.95,20.95,1.0162,1.0162,0.8256,0
60,5,0.00,0.00,0.00,0.00,0.00,0.00,0.00,,21.51,,21.23,21.23,1.0151,1.0151,0.8256,0
60,6,0.00,0.00,0.00,0.00,0.00,0.00,0.00,,21.51,,21.50,21.50,1.0140,1.0140,0.8256,0
60,7,0.00,0.00,0.00,0.00,0.00,0.00,0.00,,21.51,,21.78,21.78,1.0129,1.0129,0.8256,0
60,8,23.09,0.48,0.09,0.08,0.09,0.08,0.22,1440.00,21.51,21.64,22.77,21.73,1.0089,1.0131,0.8256,0
60,9,59.10,0.38,0.24,0.20,0.24,0.20,0.45,1440.00,21.51,21.78,24.18,22.05,1.0033,1.0118,0.8256,0
60,10,97.65,0.35,0.39,0.33,0.39,0.32,0.69,1440.00,21.51,21.92,25.65,22.39,0.9974,1.0105,0.8256,0
60,11,161.06,0.33,0.65,0.54,0.64,0.53,1.05,1440.00,21.51,22.14,27.91,22.93,0.9883,1.0083,0.8256,1
60,12,258.06,0.30,1.04,0.86,1.01,0.83,1.57,1440.00,21.51,22.45,31.21,23.75,0.9751,1.0050,0.8256,1
60,13,208.42,0.34,0.84,0.69,0.82,0.67,1.40,1440.00,21.51,22.35,29.94,23.30,0.9802,1.0068,0.8256,1
60,14,175.99,0.37,0.71,0.59,0.69,0.57,1.31,1440.00,21.51,22.29,29.20,23.00,0.9832,1.0080,0.8256,1
60,15,288.18,0.33,1.16,0.96,1.12,0.92,1.91,1440.00,21.51,22.66,32.99,23.91,0.9681,1.0044,0.8256,1
60,16,179.32,0.40,0.72,0.60,0.70,0.58,1.45,1440.00,21.51,22.38,29.85,22.98,0.9806,1.0081,0.8256,1
60,17,79.64,0.64,0.32,0.27,0.32,0.26,1.02,1440.00,21.51,22.12,27.02,22.15,0.9919,1.0114,0.8256,1
60,18,85.43,0.65,0.35,0.29,0.34,0.28,1.11,1440.00,21.51,22.18,27.47,22.19,0.9901,1.0112,0.8256,0
60,19,25.32,1.00,0.10,0.08,0.10,0.08,0.51,1440.00,21.51,21.82,25.87,23.47,0.9965,1.0061,0.8256,0
60,20,1.61,1.00,0.01,0.01,0.01,0.01,0.03,1440.00,21.51,21.53,23.99,23.84,1.0040,1.0047,0.8256,0
60,21,0.00,0.00,0.00,0.00,0.00,0.00,0.00,,21.51,,23.84,23.84,1.0046,1.0046,0.8256,0
60,22,0.00,0.00,0.00,0.00,0.00,0.00,0.00,,21.51,,23.80,23.80,1.0048,1.0048,0.8256,0
60,23,0.00,0.00,0.00,0.00,0.00,0.00,0.00,,21.51,,23.82,23.82,1.0047,1.0047,0.8256,0
60,24,0.00,0.00,0.00,0.00,0.00,0.00,0.00,,21.51,,22.55,22.55,1.0098,1.0098,0.8256,0
61,1,0.00,0.00,0.00,0.00,0.00,0.00,0.00,,21.45,,20.82,20.82,1.0167,1.0167,0.8256,0
61,2,0.00,0.00,0.00,0.00,0.00,0.00,0.00,,21.45,,19.84,19.84,1.0206,1.0206,0.8256,0
61,3,0.00,0.00,0.00,0.00,0.00,0.00,0.00,,21.45,,19.57,19.57,1.0217,1.0217,0.8256,0
61,4,0.00,0.00,0.00,0.00,0.00,0.00,0.00,,21.45,,19.66,19.66,1.0214,1.0214,0.8256,0
61,5,0.00,0.00,0.00,0.00,0.00,0.00,0.00,,21.45,,19.73,19.73,1.0211,1.0211,0.8256,0
61,6,0.00,0.00,0.00,0.00,0.00,0.00,0.00,,21.45,,19.49,19.49,1.0220,1.0220,0.8256,0
61,7,0.00,0.00,0.00,0.00,0.00,0.00,0.00,,21.45,,19.61,19.61,1.0216,1.0216,0.8256,0
61,8,12.63,0.00,0.05,0.04,0.05,0.04,0.00,,21.45,,19.95,19.95,1.0202,1.0202,0.8256,0
61,9,35.21,0.00,0.14,0.12,0.14,0.12,0.00,,21.45,,20.67,20.67,1.0173,1.0173,0.8256,0
61,10,116.96,0.06,0.47,0.39,0.47,0.39,0.13,1440.00,21.45,21.53,23.34,22.71,1.0066,1.0092,0.8256,0
61,11,137.31,0.08,0.55,0.46,0.55,0.46,0.22,1440.00,21.45,21.59,24.00,22.94,1.0040,1.0083,0.8256,1
61,12,285.06,0.14,1.14,0.94,1.12,0.93,0.80,1440.00,21.45,21.93,28.44,24.62,0.9862,1.0015,0.8256,1
61,13,372.60,0.16,1.49,1.23,1.45,1.20,1.17,1440.00,21.45,22.15,31.08,25.53,0.9757,0.9979,0.8256,1
61,14,306.50,0.14,1.23,1.01,1.21,1.00,0.86,1440.00,21.45,21.97,28.86,24.79,0.9846,1.0008,0.8256,1
61,15,247.39,0.12,0.99,0.82,0.98,0.81,0.60,1440.00,21.45,21.81,26.98,24.15,0.9921,1.0034,0.8256,1
61,16,200.14,0.11,0.81,0.66,0.80,0.66,0.45,1440.00,21.45,21.73,25.72,23.57,0.9971,1.0057,0.8256,1
61,17,120.87,0.05,0.49,0.40,0.49,0.40,0.12,1440.00,21.45,21.53,23.30,22.72,1.0068,1.0091,0.8256,1
61,18,52.19,0.00,0.21,0.18,0.21,0.18,0.00,,21.45,,21.04,21.04,1.0158,1.0158,0.8256,0
61,19,29.67,0.00,0.12,0.10,0.12,0.10,0.00,,21.45,,20.39,20.39,1.0185,1.0185,0.8256,0
61,20,2.18,0.00,0.01,0.01,0.01,0.01,0.00,,21.45,,19.51,19.51,1.0220,1.0220,0.8256,0
61,21,0.00,0.00,0.00,0.00,0.00,0.00,0.00,,21.45,,19.23,19.23,1.0231,1.0231,0.8256,0
61,22,0.00,0.00,0.00,0.00,0.00,0.00,0.00,,21.45,,19.06,19.06,1.0238,1.0238,0.8256,0
61,23,0.00,0.00,0.00,0.00,0.00,0.00,0.00,,21.45,,19.13,19.13,1.0235,1.0235,0.8256,0
61,24,0.00,0.00,0.00,0.00,0.00,0.00,0.00,,21.45,,19.24,19.24,1.0230,1.0230,0.8256,0
62,1,0.00,0.00,0.00,0.00,0.00,0.00,0.00,,21.39,,19.43,19.43,1.0223,1.0223,0.8256,0
62,2,0.00,0.00,0.00,0.00,0.00,0.00,0.00,,21.39,,19.53,19.53,1.0219,1.0219,0.8256,0
62,3,0.00,0.00,0.00,0.00,0.00,0.00,0.00,,21.39,,19.42,19.42,1.0223,1.0223,0.8256,0
62,4,0.00,0.00,0.00,0.00,0.00,0.00,0.00,,21.39,,19.37,19.37,1.0225,1.0225,0.8256,0
62,5,0.00,0.00,0.00,0.00,0.00,0.00,0.00,,21.39,,19.35,19.35,1.0226,1.0226,0.8256,0
62,6,0.00,0.00,0.00,0.00,0.00,0.00,0.00,,21.39,,19.49,19.49,1.0220,1.0220,0.8256,0
62,7,0.00,0.00,0.00,0.00,0.00,0.00,0.00,,21.39,,19.60,19.60,1.0216,1.0216,0.8256,0
62,8,21.63,0.00,0.09,0.07,0.09,0.07,0.00,,21.39,,20.38,20.38,1.0185,1.0185,0.8256,0
62,9,84.51,0.02,0.34,0.28,0.34,0.28,0.03,1440.00,21.39,21.41,22.29,22.16,1.0108,1.0114,0.8256,0
62,10,117.18,0.12,0.47,0.39,0.47,0.39,0.29,1440.00,21.39,21.57,23.81,22.45,1.0048,1.0102,0.8256,0
62,11,135.23,0.13,0.55,0.45,0.54,0.45,0.34,1440.00,21.39,21.60,24.29,22.65,1.0029,1.0094,0.8256,1
62,12,207.49,0.17,0.84,0.69,0.82,0.68,0.72,1440.00,21.39,21.83,26.83,23.40,0.9927,1.0064,0.8256,1
62,13,161.39,0.17,0.65,0.54,0.64,0.53,0.55,1440.00,21.39,21.72,25.59,22.99,0.9976,1.0080,0.8256,1
62,14,187.24,0.17,0.75,0.62,0.74,0.61,0.65,1440.00,21.39,21.78,26.37,23.28,0.9945,1.0069,0.8256,1
62,15,116.61,0.14,0.47,0.39,0.47,0.39,0.33,1440.00,21.39,21.59,24.14,22.56,1.0034,1.0098,0.8256,1
62,16,89.04,0.12,0.36,0.30,0.36,0.30,0.20,1440.00,21.39,21.52,23.25,22.28,1.0070,1.0109,0.8256,1
62,17,47.70,0.00,0.19,0.16,0.19,0.16,0.00,,21.39,,21.77,21.77,1.0129,1.0129,0.8256,0
62,18,24.99,0.00,0.10,0.08,0.10,0.08,0.00,,21.39,,20.93,20.93,1.0163,1.0163,0.8256,0
62,19,12.49,0.00,0.05,0.04,0.05,0.04,0.00,,21.39,,20.66,20.66,1.0174,1.0174,0.8256,0
62,20,0.80,0.00,0.00,0.00,0.00,0.00,0.00,,21.39,,20.32,20.32,1.0187,1.0187,0.8256,0
62,21,0.00,0.00,0.00,0.00,0.00,0.00,0.00,,21.39,,20.39,20.39,1.0184,1.0184,0.8256,0
62,22,0.00,0.00,0.00,0.00,0.00,0.00,0.00,,21.39,,20.35,20.35,1.0186,1.0186,0.8256,0
62,23,0.00,0.00,0.00,0.00,0.00,0.00,0.00,,21.39,,20.47,20.47,1.0181,1.0181,0.8256,0
62,24,0.00,0.00,0.00,0.00,0.00,0.00,0.00,,21.39,,20.66,20.66,1.0174,1.0174,0.8256,0
63,1,0.00,0.00,0.00,0.00,0.00,0.00,0.00,,21.33,,20.77,20.77,1.0169,1.0169,0.8256,0
63,2,0.00,0.00,0.00,0.00,0.00,0.00,0.00,,21.33,,20.92,20.92,1.0163,1.0163,0.8256,0
63,3,0.00,0.00,0.00,0.00,0.00,0.00,0.00,,21.33,,21.12,21.12,1.0155,1.0155,0.8256,0
63,3,0.00,0.00,0.00,0.00,0.00,0.00,0.00,,21.33,,21.13,21.13,1.0155,1.0155,0.8256,0
63,4,0.00,0.00,0.00,0.00,0.00,0.00,0.00,,21.33,,21.03,21.03,1.0159,1.0159,0.8256,0
63,5,0.00,0.00,0.00,0.00,0.00,0.00,0.00,,21.33,,20.76,20.76,1.0170,1.0170,0.8256,0
63,6,0.00,0.00,0.00,0.00,0.00,0.00,0.00,,21.33,,20.62,20.62,1.0175,1.0175,0.8256,0
63,7,34.02,0.00,0.14,0.11,0.14,0.11,0.00,,21.33,,21.47,21.47,1.0141,1.0141,0.8256,0
63,8,69.94,0.06,0.28,0.23,0.28,0.23,0.08,1440.00,21.33,21.38,22.37,22.00,1.0105,1.0120,0.8256,0
63,9,508.42,0.22,2.02,1.67,1.94,1.60,2.25,1440.00,21.33,22.68,36.89,26.22,0.9524,0.9951,0.8256,0
63,10,743.96,0.23,2.94,2.43,2.74,2.27,3.48,1440.00,21.33,23.41,44.52,28.01,0.9219,0.9879,0.8256,0
63,11,902.53,0.26,3.55,2.93,3.23,2.67,4.64,1440.00,21.33,24.11,51.22,29.19,0.8951,0.9832,0.8256,1
63,12,811.00,0.26,3.19,2.64,2.93,2.42,4.29,1440.00,21.33,23.90,49.17,28.79,0.9033,0.9849,0.8256,1
63,13,914.62,0.27,3.60,2.97,3.25,2.69,4.95,1440.00,21.33,24.29,52.74,29.25,0.8890,0.9830,0.8256,1
63,14,791.67,0.28,3.12,2.58,2.86,2.36,4.40,1440.00,21.33,23.96,49.59,28.69,0.9016,0.9852,0.8256,1
63,15,547.32,0.30,2.17,1.80,2.04,1.68,3.28,1440.00,21.33,23.29,42.27,26.71,0.9309,0.9931,0.8256,1
63,16,405.82,0.34,1.62,1.34,1.54,1.27,2.79,1440.00,21.33,23.00,38.14,24.91,0.9474,1.0004,0.8256,1
63,17,86.79,0.68,0.35,0.29,0.34,0.28,1.18,1440.00,21.33,22.04,27.65,22.03,0.9894,1.0119,0.8256,1
63,18,29.60,1.00,0.12,0.10,0.12,0.10,0.59,1440.00,21.33,21.69,25.38,22.57,0.9985,1.0097,0.8256,0
63,19,1.32,1.00,0.01,0.00,0.01,0.00,0.03,1440.00,21.33,21.35,23.67,23.55,1.0053,1.0058,0.8256,0
63,20,0.00,0.00,0.00,0.00,0.00,0.00,0.00,,21.33,,23.58,23.58,1.0057,1.0057,0.8256,0
63,21,0.00,0.00,0.00,0.00,0.00,0.00,0.00,,21.33,,23.01,23.01,1.0080,1.0080,0.8256,0
63,22,0.00,0.00,0.00,0.00,0.00,0.00,0.00,,21.33,,22.98,22.98,1.0081,1.0081,0.8256,0
63,23,0.00,0.00,0.00,0.00,0.00,0.00,0.00,,21.33,,22.83,22.83,1.0087,1.0087,0.8256,0
63,24,0.00,0.00,0.00,0.00,0.00,0.00,0.00,,21.33,,22.77,22.77,1.0089,1.0089,0.8256,0
64,1,0.00,0.00,0.00,0.00,0.00,0.00,0.00,,21.27,,22.67,22.67,1.0093,1.0093,0.8256,0
64,2,0.00,0.00,0.00,0.00,0.00,0.00,0.00,,21.27,,22.46,22.46,1.0102,1.0102,0.8256,0
64,3,0.00,0.00,0.00,0.00,0.00,0.00,0.00,,21.27,,22.39,22.39,1.0104,1.0104,0.8256,0
64,4,0.00,0.00,0.00,0.00,0.00,0.00,0.00,,21.27,,22.50,22.50,1.0100,1.0100,0.8256,0
64,5,0.00,0.00,0.00,0.00,0.00,0.00,0.00,,21.27,,22.12,22.12,1.0115,1.0115,0.8256,0
64,6,0.00,0.00,0.00,0.00,0.00,0.00,0.00,,21.27,,22.01,22.01,1.0120,1.0120,0.8256,0
64,7,28.82,0.35,0.12,0.10,0.12,0.10,0.20,1440.00,21.27,21.39,22.48,21.51,1.0101,1.0139,0.8256,0
64,8,75.29,0.20,0.30,0.25,0.30,0.25,0.31,1440.00,21.27,21.46,23.38,21.93,1.0065,1.0123,0.8256,0
64,9,519.01,0.24,2.07,1.71,1.97,1.63,2.53,1440.00,21.27,22.78,37.42,25.41,0.9503,0.9984,0.8256,0
64,10,758.01,0.25,3.00,2.48,2.79,2.30,3.72,1440.00,21.27,23.49,45.13,27.47,0.9195,0.9901,0.8256,0
64,11,922.59,0.25,3.63,3.00,3.30,2.73,4.70,1440.00,21.27,24.08,51.24,28.92,0.8950,0.9843,0.8256,1
64,12,996.49,0.26,3.91,3.23,3.52,2.91,5.18,1440.00,21.27,24.37,54.25,29.64,0.8830,0.9815,0.8256,1
64,13,948.30,0.26,3.73,3.08,3.38,2.79,4.87,1440.00,21.27,24.19,52.52,29.38,0.8899,0.9825,0.8256,1
64,14,654.54,0.26,2.60,2.14,2.43,2.01,3.37,1440.00,21.27,23.29,43.02,27.01,0.9279,0.9920,0.8256,1
64,15,683.32,0.25,2.70,2.23,2.53,2.09,3.37,1440.00,21.27,23.29,43.60,27.59,0.9256,0.9896,0.8256,1
64,16,528.19,0.24,2.10,1.73,2.00,1.65,2.56,1440.00,21.27,22.80,38.55,26.38,0.9458,0.9945,0.8256,1
64,17,328.87,0.24,1.32,1.09,1.28,1.06,1.55,1440.00,21.27,22.20,31.92,24.56,0.9723,1.0018,0.8256,1
64,18,112.53,0.24,0.45,0.38,0.45,0.37,0.55,1440.00,21.27,21.60,25.03,22.42,0.9999,1.0103,0.8256,0
64,19,4.65,0.49,0.02,0.02,0.02,0.02,0.05,1440.00,21.27,21.30,21.54,21.32,1.0139,1.0147,0.8256,0
64,20,0.00,0.00,0.00,0.00,0.00,0.00,0.00,,21.27,,21.39,21.39,1.0144,1.0144,0.8256,0
64,21,0.00,0.00,0.00,0.00,0.00,0.00,0.00,,21.27,,20.86,20.86,1.0166,1.0166,0.8256,0
64,22,0.00,0.00,0.00,0.00,0.00,0.00,0.00,,21.27,,20.64,20.64,1.0174,1.0174,0.8256,0
64,23,0.00,0.00,0.00,0.00,0.00,0.00,0.00,,21.27,,20.29,20.29,1.0188,1.0188,0.8256,0
64,24,0.00,0.00,0.00,0.00,0.00,0.00,0.00,,21.27,,20.05,20.05,1.0198,1.0198,0.8256,0
65,1,0.00,0.00,0.00,0.00,0.00,0.00,0.00,,21.21,,19.92,19.92,1.0203,1.0203,0.8256,0
65,2,0.00,0.00,0.00,0.00,0.00,0.00,0.00,,21.21,,19.74,19.74,1.0210,1.0210,0.8256,0
65,3,0.00,0.00,0.00,0.00,0.00,0.00,0.00,,21.21,,19.68,19.68,1.0213,1.0213,0.8256,0
65,4,0.00,0.00,0.00,0.00,0.00,0.00,0.00,,21.21,,19.60,19.60,1.0216,1.0216,0.8256,0
65,5,0.00,0.00,0.00,0.00,0.00,0.00,0.00,,21.21,,19.24,19.24,1.0230,1.0230,0.8256,0
65,6,0.00,0.00,0.00,0.00,0.00,0.00,0.00,,21.21,,19.18,19.18,1.0233,1.0233,0.8256,0
65,7,24.42,0.00,0.10,0.08,0.10,0.08,0.00,,21.21,,19.99,19.99,1.0200,1.0200,0.8256,0
65,8,73.25,0.00,0.30,0.25,0.30,0.25,0.00,,21.21,,21.47,21.47,1.0141,1.0141,0.8256,0
65,9,350.21,0.18,1.40,1.16,1.37,1.13,1.27,1440.00,21.21,21.97,30.52,24.48,0.9779,1.0021,0.8256,0
65,10,479.79,0.19,1.91,1.58,1.85,1.52,1.81,1440.00,21.21,22.29,34.52,25.93,0.9619,0.9963,0.8256,0
65,11,714.77,0.20,2.82,2.33,2.66,2.20,2.89,1440.00,21.21,22.94,42.20,28.46,0.9312,0.9861,0.8256,1
65,12,800.69,0.21,3.15,2.60,2.94,2.43,3.34,1440.00,21.21,23.21,45.29,29.42,0.9188,0.9823,0.8256,1
65,13,734.88,0.21,2.89,2.39,2.72,2.25,3.04,1440.00,21.21,23.03,43.37,28.91,0.9265,0.9844,0.8256,1
65,14,768.62,0.21,3.02,2.49,2.83,2.34,3.20,1440.00,21.21,23.12,44.63,29.42,0.9215,0.9823,0.8256,1
65,15,674.21,0.20,2.66,2.19,2.52,2.08,2.75,1440.00,21.21,22.85,41.61,28.56,0.9336,0.9858,0.8256,1
65,16,463.74,0.20,1.85,1.52,1.78,1.47,1.84,1440.00,21.21,22.31,35.01,26.26,0.9600,0.9949,0.8256,1
65,17,271.68,0.18,1.09,0.90,1.07,0.88,0.97,1440.00,21.21,21.79,28.77,24.14,0.9849,1.0034,0.8256,1
65,18,120.59,0.12,0.49,0.40,0.48,0.40,0.29,1440.00,21.21,21.38,23.88,22.50,1.0045,1.0100,0.8256,0
65,19,4.35,0.00,0.02,0.01,0.02,0.01,0.00,,21.21,,20.30,20.30,1.0188,1.0188,0.8256,0
65,20,0.00,0.00,0.00,0.00,0.00,0.00,0.00,,21.21,,20.24,20.24,1.0190,1.0190,0.8256,0
65,21,0.00,0.00,0.00,0.00,0.00,0.00,0.00,,21.21,,19.49,19.49,1.0220,1.0220,0.8256,0
65,22,0.00,0.00,0.00,0.00,0.00,0.00,0.00,,21.21,,19.04,19.04,1.0238,1.0238,0.8256,0
65,23,0.00,0.00,0.00,0.00,0.00,0.00,0.00,,21.21,,18.31,18.31,1.0268,1.0268,0.8256,0
65,24,0.00,0.00,0.00,0.00,0.00,0.00,0.00,,21.21,,17.99,17.99,1.0280,1.0280,0.8256,0
66,1,0.00,0.00,0.00,0.00,0.00,0.00,0.00,,21.15,,17.94,17.94,1.0282,1.0282,0.8256,0
66,2,0.00,0.00,0.00,0.00,0.00,0.00,0.00,,21.15,,17.96,17.96,1.0282,1.0282,0.8256,0
66,3,0.00,0.00,0.00,0.00,0.00,0.00,0.00,,21.15,,18.14,18.14,1.0274,1.0274,0.8256,0
66,4,0.00,0.00,0.00,0.00,0.00,0.00,0.00,,21.15,,18.19,18.19,1.0272,1.0272,0.8256,0
66,5,0.00,0.00,0.00,0.00,0.00,0.00,0.00,,21.15,,17.95,17.95,1.0282,1.0282,0.8256,0
66,6,0.00,0.00,0.00,0.00,0.00,0.00,0.00,,21.15,,17.75,17.75,1.0290,1.0290,0.8256,0
66,7,32.13,0.00,0.13,0.11,0.13,0.11,0.00,,21.15,,18.41,18.41,1.0263,1.0263,0.8256,0
66,8,74.01,0.00,0.30,0.25,0.30,0.25,0.00,,21.15,,19.36,19.36,1.0225,1.0225,0.8256,0
66,9,358.66,0.10,1.43,1.18,1.41,1.17,0.71,1440.00,21.15,21.57,28.50,25.15,0.9860,0.9994,0.8256,0
66,10,387.92,0.10,1.55,1.28,1.52,1.26,0.78,1440.00,21.15,21.61,29.38,25.68,0.9825,0.9973,0.8256,0
66,11,611.62,0.15,2.42,2.00,2.33,1.93,1.85,1440.00,21.15,22.25,36.53,27.74,0.9539,0.9890,0.8256,1
66,12,648.57,0.17,2.57,2.12,2.46,2.03,2.23,1440.00,21.15,22.48,37.97,27.38,0.9481,0.9905,0.8256,1
66,13,745.00,0.18,2.94,2.43,2.79,2.30,2.75,1440.00,21.15,22.79,41.05,27.99,0.9358,0.9880,0.8256,1
66,14,535.90,0.16,2.13,1.76,2.06,1.70,1.74,1440.00,21.15,22.19,34.65,26.39,0.9614,0.9945,0.8256,1
66,15,302.31,0.10,1.21,1.00,1.20,0.99,0.58,1440.00,21.15,21.49,26.92,24.18,0.9923,1.0033,0.8256,1
66,16,273.01,0.12,1.10,0.91,1.08,0.90,0.63,1440.00,21.15,21.53,26.77,23.76,0.9929,1.0050,0.8256,1
66,17,93.87,0.00,0.38,0.31,0.38,0.31,0.00,,21.15,,21.19,21.19,1.0152,1.0152,0.8256,1
66,18,40.35,0.00,0.17,0.14,0.17,0.14,0.00,,21.15,,18.36,18.36,1.0266,1.0266,0.8256,0
66,19,1.40,0.00,0.01,0.00,0.01,0.00,0.00,,21.15,,16.97,16.97,1.0321,1.0321,0.8256,0
66,20,0.00,0.00,0.00,0.00,0.00,0.00,0.00,,21.15,,17.37,17.37,1.0305,1.0305,0.8256,0
66,21,0.00,0.00,0.00,0.00,0.00,0.00,0.00,,21.15,,16.61,16.61,1.0336,1.0336,0.8256,0
66,22,0.00,0.00,0.00,0.00,0.00,0.00,0.00,,21.15,,16.78,16.78,1.0329,1.0329,0.8256,0
66,23,0.00,0.00,0.00,0.00,0.00,0.00,0.00,,21.15,,16.50,16.50,1.0340,1.0340,0.8256,0
66,24,0.00,0.00,0.00,0.00,0.00,0.00,0.00,,21.15,,16.64,16.64,1.0334,1.0334,0.8256,0
67,1,0.00,0.00,0.00,0.00,0.00,0.00,0.00,,21.08,,16.81,16.81,1.0328,1.0328,0.8256,0
67,2,0.00,0.00,0.00,0.00,0.00,0.00,0.00,,21.08,,16.62,16.62,1.0335,1.0335,0.8256,0
67,3,0.00,0.00,0.00,0.00,0.00,0.00,0.00,,21.08,,17.08,17.08,1.0317,1.0317,0.8256,0
67,4,0.00,0.00,0.00,0.00,0.00,0.00,0.00,,21.08,,16.82,16.82,1.0327,1.0327,0.8256,0
67,5,0.00,0.00,0.00,0.00,0.00,0.00,0.00,,21.08,,16.62,16.62,1.0335,1.0335,0.8256,0
67,6,0.00,0.00,0.00,0.00,0.00,0.00,0.00,,21.08,,16.43,16.43,1.0343,1.0343,0.8256,0
67,7,7.10,0.00,0.03,0.02,0.03,0.02,0.00,,21.08,,17.10,17.10,1.0316,1.0316,0.8256,0
67,8,29.53,0.00,0.12,0.10,0.12,0.10,0.00,,21.08,,18.06,18.06,1.0277,1.0277,0.8256,0
67,9,54.28,0.00,0.22,0.18,0.22,0.18,0.00,,21.08,,18.59,18.59,1.0257,1.0257,0.8256,0
67,10,83.22,0.00,0.34,0.28,0.34,0.28,0.00,,21.08,,19.33,19.33,1.0227,1.0227,0.8256,0
67,11,104.63,0.00,0.43,0.35,0.43,0.35,0.00,,21.08,,20.41,20.41,1.0184,1.0184,0.8256,1
67,12,85.18,0.00,0.35,0.29,0.35,0.29,0.00,,21.08,,20.72,20.72,1.0171,1.0171,0.8256,1
67,13,183.03,0.08,0.74,0.61,0.74,0.61,0.30,1440.00,21.08,21.26,23.98,22.55,1.0041,1.0098,0.8256,1
67,14,449.09,0.19,1.80,1.49,1.74,1.44,1.73,1440.00,21.08,22.12,32.87,24.64,0.9685,1.0015,0.8256,1
67,15,410.41,0.18,1.64,1.36,1.60,1.32,1.44,1440.00,21.08,21.94,31.74,24.90,0.9731,1.0004,0.8256,1
67,16,393.87,0.17,1.58,1.30,1.54,1.27,1.38,1440.00,21.08,21.91,31.39,24.85,0.9744,1.0006,0.8256,1
67,17,226.64,0.15,0.91,0.75,0.90,0.74,0.66,1440.00,21.08,21.48,26.40,23.26,0.9944,1.0070,0.8256,1
67,18,91.01,0.05,0.37,0.30,0.37,0.30,0.10,1440.00,21.08,21.14,22.32,21.87,1.0107,1.0125,0.8256,0
67,19,3.09,0.00,0.01,0.01,0.01,0.01,0.00,,21.08,,19.37,19.37,1.0225,1.0225,0.8256,0
67,20,0.00,0.00,0.00,0.00,0.00,0.00,0.00,,21.08,,19.50,19.50,1.0220,1.0220,0.8256,0
67,21,0.00,0.00,0.00,0.00,0.00,0.00,0.00,,21.08,,19.24,19.24,1.0230,1.0230,0.8256,0
67,22,0.00,0.00,0.00,0.00,0.00,0.00,0.00,,21.08,,19.14,19.14,1.0234,1.0234,0.8256,0
67,23,0.00,0.00,0.00,0.00,0.00,0.00,0.00,,21.08,,18.54,18.54,1.0258,1.0258,0.8256,0
67,24,0.00,0.00,0.00,0.00,0.00,0.00,0.00,,21.08,,18.37,18.37,1.0265,1.0265,0.8256,0
68,1,0.00,0.00,0.00,0.00,0.00,0.00,0.00,,21.02,,18.11,18.11,1.0276,1.0276,0.8256,0
68,2,0.00,0.00,0.00,0.00,0.00,0.00,0.00,,21.02,,17.66,17.66,1.0294,1.0294,0.8256,0
68,3,0.00,0.00,0.00,0.00,0.00,0.00,0.00,,21.02,,17.45,17.45,1.0302,1.0302,0.8256,0
68,4,0.00,0.00,0.00,0.00,0.00,0.00,0.00,,21.02,,17.30,17.30,1.0308,1.0308,0.8256,0
68,5,0.00,0.00,0.00,0.00,0.00,0.00,0.00,,21.02,,17.11,17.11,1.0316,1.0316,0.8256,0
68,6,0.00,0.00,0.00,0.00,0.00,0.00,0.00,,21.02,,17.08,17.08,1.0317,1.0317,0.8256,0
68,7,29.62,0.00,0.12,0.10,0.12,0.10,0.00,,21.02,,18.05,18.05,1.0278,1.0278,0.8256,0
68,8,60.71,0.00,0.25,0.21,0.25,0.21,0.00,,21.02,,19.09,19.09,1.0237,1.0237,0.8256,0
68,9,550.14,0.21,2.20,1.81,2.10,1.73,2.30,1440.00,21.02,22.39,36.34,25.40,0.9546,0.9984,0.8256,0
68,10,772.93,0.22,3.06,2.53,2.86,2.36,3.46,1440.00,21.02,23.08,43.97,27.55,0.9241,0.9898,0.8256,0
68,11,937.73,0.24,3.69,3.05,3.36,2.78,4.59,1440.00,21.02,23.76,50.91,29.13,0.8963,0.9835,0.8256,1
68,12,964.55,0.26,3.79,3.13,3.42,2.82,5.06,1440.00,21.02,24.04,53.28,29.26,0.8869,0.9830,0.8256,1
68,13,872.80,0.28,3.45,2.85,3.13,2.58,4.81,1440.00,21.02,23.89,50.87,28.01,0.8965,0.9880,0.8256,1
68,14,734.06,0.30,2.92,2.41,2.68,2.21,4.40,1440.00,21.02,23.65,47.14,26.24,0.9114,0.9951,0.8256,1
68,15,559.52,0.31,2.24,1.85,2.09,1.73,3.48,1440.00,21.02,23.10,41.54,25.03,0.9338,0.9999,0.8256,1
68,16,434.13,0.32,1.74,1.44,1.65,1.36,2.82,1440.00,21.02,22.70,37.31,23.92,0.9508,1.0043,0.8256,1
68,17,213.72,0.37,0.86,0.71,0.84,0.69,1.56,1440.00,21.02,21.95,29.83,22.40,0.9807,1.0104,0.8256,1
68,18,52.86,0.60,0.21,0.18,0.21,0.17,0.63,1440.00,21.02,21.40,24.37,21.37,1.0025,1.0145,0.8256,0
68,19,2.06,1.00,0.01,0.01,0.01,0.01,0.04,1440.00,21.02,21.04,22.30,22.11,1.0108,1.0116,0.8256,0
68,20,0.00,0.00,0.00,0.00,0.00,0.00,0.00,,21.02,,22.06,22.06,1.0118,1.0118,0.8256,0
68,21,0.00,0.00,0.00,0.00,0.00,0.00,0.00,,21.02,,20.72,20.72,1.0171,1.0171,0.8256,0
68,22,0.00,0.00,0.00,0.00,0.00,0.00,0.00,,21.02,,20.41,20.41,1.0184,1.0184,0.8256,0
68,23,0.00,0.00,0.00,0.00,0.00,0.00,0.00,,21.02,,19.45,19.45,1.0222,1.0222,0.8256,0
68,24,0.00,0.00,0.00,0.00,0.00,0.00,0.00,,21.02,,19.52,19.52,1.0219,1.0219,0.8256,0
69,1,0.00,0.00,0.00,0.00,0.00,0.00,0.00,,20.95,,19.77,19.77,1.0209,1.0209,0.8256,0
69,2,0.00,0.00,0.00,0.00,0.00,0.00,0.00,,20.95,,19.32,19.32,1.0227,1.0227,0.8256,0
69,3,0.00,0.00,0.00,0.00,0.00,0.00,0.00,,20.95,,19.22,19.22,1.0231,1.0231,0.8256,0
69,4,0.00,0.00,0.00,0.00,0.00,0.00,0.00,,20.95,,19.02,19.02,1.0239,1.0239,0.8256,0
69,5,0.00,0.00,0.00,0.00,0.00,0.00,0.00,,20.95,,18.39,18.39,1.0264,1.0264,0.8256,0
69,6,0.00,0.00,0.00,0.00,0.00,0.00,0.00,,20.95,,17.96,17.96,1.0282,1.0282,0.8256,0
69,7,31.37,0.00,0.13,0.11,0.13,0.11,0.00,,20.95,,18.90,18.90,1.0244,1.0244,0.8256,0
69,8,101.08,0.00,0.41,0.34,0.41,0.34,0.00,,20.95,,20.95,20.95,1.0162,1.0162,0.8256,0
69,9,492.19,0.20,1.98,1.63,1.90,1.57,2.01,1440.00,20.95,22.15,33.63,24.09,0.9655,1.0037,0.8256,0
69,10,726.79,0.23,2.90,2.40,2.72,2.24,3.39,1440.00,20.95,22.98,41.43,25.34,0.9343,0.9986,0.8256,0
69,11,905.96,0.26,3.61,2.98,3.28,2.71,4.77,1440.00,20.95,23.80,48.63,25.99,0.9055,0.9960,0.8256,1
69,12,973.40,0.27,3.86,3.19,3.47,2.87,5.31,1440.00,20.95,24.12,52.10,26.89,0.8916,0.9925,0.8256,1
69,13,931.89,0.26,3.68,3.04,3.34,2.76,4.80,1440.00,20.95,23.82,50.80,28.02,0.8968,0.9879,0.8256,1
69,14,665.81,0.25,2.64,2.18,2.48,2.05,3.26,1440.00,20.95,22.90,42.33,26.82,0.9307,0.9927,0.8256,1
69,15,508.17,0.24,2.03,1.67,1.93,1.60,2.40,1440.00,20.95,22.38,37.14,25.76,0.9514,0.9970,0.8256,1
69,16,466.09,0.23,1.86,1.54,1.78,1.47,2.16,1440.00,20.95,22.24,35.75,25.48,0.9570,0.9981,0.8256,1
69,17,315.29,0.22,1.27,1.05,1.23,1.02,1.41,1440.00,20.95,21.79,30.74,24.07,0.9770,1.0037,0.8256,1
69,18,99.44,0.21,0.40,0.33,0.40,0.33,0.42,1440.00,20.95,21.20,23.94,21.94,1.0042,1.0122,0.8256,0
69,19,2.72,0.00,0.01,0.01,0.01,0.01,0.00,,20.95,,20.93,20.93,1.0163,1.0163,0.8256,0
69,20,0.00,0.00,0.00,0.00,0.00,0.00,0.00,,20.95,,20.90,20.90,1.0164,1.0164,0.8256,0
69,21,0.00,0.00,0.00,0.00,0.00,0.00,0.00,,20.95,,20.25,20.25,1.0190,1.0190,0.8256,0
69,22,0.00,0.00,0.00,0.00,0.00,0.00,0.00,,20.95,,20.18,20.18,1.0193,1.0193,0.8256,0
69,23,0.00,0.00,0.00,0.00,0.00,0.00,0.00,,20.95,,19.89,19.89,1.0204,1.0204,0.8256,0
69,24,0.00,0.00,0.00,0.00,0.00,0.00,0.00,,20.95,,19.85,19.85,1.0206,1.0206,0.8256,0
70,1,0.00,0.00,0.00,0.00,0.00,0.00,0.00,,20.88,,19.81,19.81,1.0208,1.0208,0.8256,0
70,2,0.00,0.00,0.00,0.00,0.00,0.00,0.00,,20.88,,19.53,19.53,1.0219,1.0219,0.8256,0
70,3,0.00,0.00,0.00,0.00,0.00,0.00,0.00,,20.88,,19.40,19.40,1.0224,1.0224,0.8256,0
70,4,0.00,0.00,0.00,0.00,0.00,0.00,0.00,,20.88,,19.26,19.26,1.0230,1.0230,0.8256,0
70,5,0.00,0.00,0.00,0.00,0.00,0.00,0.00,,20.88,,18.67,18.67,1.0253,1.0253,0.8256,0
70,6,0.00,0.00,0.00,0.00,0.00,0.00,0.00,,20.88,,18.49,18.49,1.0260,1.0260,0.8256,0
70,7,29.01,0.00,0.12,0.10,0.12,0.10,0.00,,20.88,,19.24,19.24,1.0231,1.0231,0.8256,0
70,8,68.76,0.00,0.28,0.23,0.28,0.23,0.00,,20.88,,20.53,20.53,1.0179,1.0179,0.8256,0
70,9,536.69,0.24,2.15,1.78,2.05,1.69,2.55,1440.00,20.88,22.41,36.46,24.33,0.9542,1.0027,0.8256,0
70,10,732.48,0.25,2.93,2.42,2.72,2.25,3.68,1440.00,20.88,23.08,42.78,25.31,0.9289,0.9988,0.8256,0
70,11,791.75,0.27,3.16,2.61,2.91,2.40,4.22,1440.00,20.88,23.41,45.37,25.33,0.9185,0.9987,0.8256,1
70,12,709.00,0.28,2.84,2.34,2.63,2.17,3.92,1440.00,20.88,23.23,43.58,24.94,0.9257,1.0002,0.8256,1
70,13,636.60,0.27,2.55,2.10,2.38,1.97,3.45,1440.00,20.88,22.95,41.28,24.90,0.9349,1.0004,0.8256,1
70,14,624.28,0.26,2.49,2.06,2.34,1.93,3.26,1440.00,20.88,22.83,41.05,25.59,0.9358,0.9976,0.8256,1
70,15,785.79,0.25,3.11,2.57,2.88,2.38,3.89,1440.00,20.88,23.21,46.01,27.52,0.9160,0.9899,0.8256,1
70,16,586.80,0.25,2.34,1.93,2.21,1.82,2.90,1440.00,20.88,22.61,40.00,26.24,0.9400,0.9950,0.8256,1
70,17,358.30,0.25,1.44,1.19,1.39,1.15,1.77,1440.00,20.88,21.94,32.59,24.20,0.9697,1.0032,0.8256,1
70,18,120.32,0.28,0.49,0.40,0.48,0.40,0.68,1440.00,20.88,21.29,25.17,21.96,0.9993,1.0122,0.8256,0
70,19,2.39,1.00,0.01,0.01,0.01,0.01,0.05,1440.00,20.88,20.91,21.49,21.27,1.0140,1.0149,0.8256,0
70,20,0.00,0.00,0.00,0.00,0.00,0.00,0.00,,20.88,,21.49,21.49,1.0140,1.0140,0.8256,0
70,21,0.00,0.00,0.00,0.00,0.00,0.00,0.00,,20.88,,20.60,20.60,1.0176,1.0176,0.8256,0
70,22,0.00,0.00,0.00,0.00,0.00,0.00,0.00,,20.88,,20.51,20.51,1.0180,1.0180,0.8256,0
70,23,0.00,0.00,0.00,0.00,0.00,0.00,0.00,,20.88,,20.09,20.09,1.0196,1.0196,0.8256,0
70,24,0.00,0.00,0.00,0.00,0.00,0.00,0.00,,20.88,,20.00,20.00,1.0200,1.0200,0.8256,0
71,1,0.00,0.00,0.00,0.00,0.00,0.00,0.00,,20.82,,20.18,20.18,1.0193,1.0193,0.8256,0
71,2,0.00,0.00,0.00,0.00,0.00,0.00,0.00,,20.82,,20.28,20.28,1.0189,1.0189,0.8256,0
71,3,0.00,0.00,0.00,0.00,0.00,0.00,0.00,,20.82,,20.29,20.29,1.0188,1.0188,0.8256,0
71,4,0.00,0.00,0.00,0.00,0.00,0.00,0.00,,20.82,,19.74,19.74,1.0210,1.0210,0.8256,0
71,5,0.00,0.00,0.00,0.00,0.00,0.00,0.00,,20.82,,19.49,19.49,1.0220,1.0220,0.8256,0
71,6,0.00,0.00,0.00,0.00,0.00,0.00,0.00,,20.82,,19.59,19.59,1.0216,1.0216,0.8256,0
71,7,29.72,0.00,0.12,0.10,0.12,0.10,0.00,,20.82,,20.80,20.80,1.0168,1.0168,0.8256,0
71,8,94.64,0.13,0.38,0.32,0.38,0.32,0.24,1440.00,20.82,20.96,22.63,21.47,1.0095,1.0141,0.8256,0
71,9,404.56,0.28,1.63,1.35,1.56,1.29,2.25,1440.00,20.82,22.16,33.77,23.09,0.9649,1.0076,0.8256,0
71,10,459.23,0.27,1.84,1.52,1.76,1.45,2.44,1440.00,20.82,22.27,35.49,23.91,0.9580,1.0044,0.8256,0
71,11,539.22,0.26,2.16,1.78,2.04,1.69,2.80,1440.00,20.82,22.49,38.41,25.11,0.9464,0.9995,0.8256,1
71,12,659.32,0.26,2.62,2.16,2.45,2.03,3.38,1440.00,20.82,22.83,42.45,26.42,0.9302,0.9943,0.8256,1
71,13,663.71,0.26,2.64,2.18,2.46,2.04,3.41,1440.00,20.82,22.86,42.88,26.67,0.9285,0.9933,0.8256,1
71,14,597.24,0.26,2.38,1.96,2.23,1.85,3.14,1440.00,20.82,22.69,41.13,26.21,0.9355,0.9952,0.8256,1
71,15,583.00,0.26,2.32,1.92,2.19,1.80,3.05,1440.00,20.82,22.64,40.71,26.20,0.9372,0.9952,0.8256,1
71,16,406.65,0.27,1.63,1.34,1.56,1.29,2.19,1440.00,20.82,22.13,35.11,24.68,0.9596,1.0013,0.8256,1
71,17,280.43,0.27,1.13,0.93,1.10,0.90,1.54,1440.00,20.82,21.74,30.85,23.54,0.9766,1.0058,0.8256,1
71,18,90.31,0.36,0.37,0.30,0.36,0.30,0.65,1440.00,20.82,21.21,24.77,21.68,1.0009,1.0133,0.8256,0
71,19,1.32,1.00,0.01,0.00,0.01,0.00,0.03,1440.00,20.82,20.83,21.88,21.76,1.0125,1.0130,0.8256,0
71,20,0.00,0.00,0.00,0.00,0.00,0.00,0.00,,20.82,,21.83,21.83,1.0127,1.0127,0.8256,0
71,21,0.00,0.00,0.00,0.00,0.00,0.00,0.00,,20.82,,21.07,21.07,1.0157,1.0157,0.8256,0
71,22,0.00,0.00,0.00,0.00,0.00,0.00,0.00,,20.82,,21.05,21.05,1.0158,1.0158,0.8256,0
71,23,0.00,0.00,0.00,0.00,0.00,0.00,0.00,,20.82,,20.30,20.30,1.0188,1.0188,0.8256,0
71,24,0.00,0.00,0.00,0.00,0.00,0.00,0.00,,20.82,,20.28,20.28,1.0189,1.0189,0.8256,0
72,1,0.00,0.00,0.00,0.00,0.00,0.00,0.00,,20.75,,20.14,20.14,1.0194,1.0194,0.8256,0
72,2,0.00,0.00,0.00,0.00,0.00,0.00,0.00,,20.75,,19.56,19.56,1.0218,1.0218,0.8256,0
72,3,0.00,0.00,0.00,0.00,0.00,0.00,0.00,,20.75,,19.47,19.47,1.0221,1.0221,0.8256,0
72,4,0.00,0.00,0.00,0.00,0.00,0.00,0.00,,20.75,,19.29,19.29,1.0228,1.0228,0.8256,0
72,5,0.00,0.00,0.00,0.00,0.00,0.00,0.00,,20.75,,18.89,18.89,1.0244,1.0244,0.8256,0
72,6,0.00,0.00,0.00,0.00,0.00,0.00,0.00,,20.75,,19.51,19.51,1.0220,1.0220,0.8256,0
72,7,27.11,0.00,0.11,0.09,0.11,0.09,0.00,,20.75,,20.48,20.48,1.0181,1.0181,0.8256,0
72,8,63.46,0.01,0.26,0.21,0.26,0.21,0.02,1440.00,20.75,20.76,21.22,21.13,1.0151,1.0155,0.8256,0
72,9,466.96,0.27,1.88,1.55,1.79,1.48,2.54,1440.00,20.75,22.27,35.42,23.35,0.9583,1.0066,0.8256,0
72,10,688.45,0.28,2.76,2.28,2.56,2.11,3.79,1440.00,20.75,23.01,42.52,24.54,0.9299,1.0018,0.8256,0
72,11,841.79,0.29,3.36,2.78,3.05,2.52,4.85,1440.00,20.75,23.65,48.39,25.34,0.9065,0.9986,0.8256,1
72,12,940.91,0.29,3.74,3.09,3.35,2.77,5.49,1440.00,20.75,24.03,52.41,26.34,0.8903,0.9946,0.8256,1
72,13,877.56,0.28,3.49,2.88,3.15,2.60,5.00,1440.00,20.75,23.73,50.43,26.71,0.8983,0.9932,0.8256,1
72,14,915.05,0.28,3.62,2.99,3.27,2.70,5.05,1440.00,20.75,23.77,51.74,27.74,0.8931,0.9890,0.8256,1
72,15,798.51,0.28,3.17,2.61,2.90,2.39,4.40,1440.00,20.75,23.37,48.06,27.19,0.9077,0.9912,0.8256,1
72,16,568.88,0.28,2.27,1.87,2.13,1.76,3.22,1440.00,20.75,22.67,40.84,25.52,0.9366,0.9979,0.8256,1
72,17,347.94,0.29,1.40,1.15,1.34,1.11,2.02,1440.00,20.75,21.95,33.45,23.87,0.9662,1.0045,0.8256,1
72,18,114.21,0.39,0.46,0.38,0.45,0.38,0.89,1440.00,20.75,21.28,26.06,21.85,0.9958,1.0126,0.8256,0
72,19,1.55,1.00,0.01,0.01,0.01,0.01,0.03,1440.00,20.75,20.77,22.29,22.14,1.0108,1.0114,0.8256,0
72,20,0.00,0.00,0.00,0.00,0.00,0.00,0.00,,20.75,,22.26,22.26,1.0110,1.0110,0.8256,0
72,21,0.00,0.00,0.00,0.00,0.00,0.00,0.00,,20.75,,21.09,21.09,1.0156,1.0156,0.8256,0
72,22,0.00,0.00,0.00,0.00,0.00,0.00,0.00,,20.75,,21.14,21.14,1.0154,1.0154,0.8256,0
72,23,0.00,0.00,0.00,0.00,0.00,0.00,0.00,,20.75,,20.60,20.60,1.0176,1.0176,0.8256,0
72,24,0.00,0.00,0.00,0.00,0.00,0.00,0.00,,20.75,,20.43,20.43,1.0183,1.0183,0.8256,0
73,1,0.00,0.00,0.00,0.00,0.00,0.00,0.00,,20.68,,20.15,20.15,1.0194,1.0194,0.8256,0
73,2,0.00,0.00,0.00,0.00,0.00,0.00,0.00,,20.68,,19.47,19.47,1.0221,1.0221,0.8256,0
73,3,0.00,0.00,0.00,0.00,0.00,0.00,0.00,,20.68,,19.50,19.50,1.0220,1.0220,0.8256,0
73,4,0.00,0.00,0.00,0.00,0.00,0.00,0.00,,20.68,,19.84,19.84,1.0206,1.0206,0.8256,0
73,5,0.00,0.00,0.00,0.00,0.00,0.00,0.00,,20.68,,19.43,19.43,1.0223,1.0223,0.8256,0
73,6,0.00,0.00,0.00,0.00,0.00,0.00,0.00,,20.68,,19.28,19.28,1.0229,1.0229,0.8256,0
73,7,27.97,0.00,0.11,0.09,0.11,0.09,0.00,,20.68,,20.40,20.40,1.0184,1.0184,0.8256,0
73,8,80.68,0.07,0.33,0.27,0.33,0.27,0.11,1440.00,20.68,20.74,21.72,21.21,1.0131,1.0152,0.8256,0
73,9,494.90,0.25,1.99,1.64,1.90,1.57,2.50,1440.00,20.68,22.17,35.55,23.67,0.9578,1.0053,0.8256,0
73,10,651.58,0.25,2.61,2.15,2.44,2.02,3.30,1440.00,20.68,22.65,40.68,25.03,0.9373,0.9999,0.8256,0
73,11,794.16,0.26,3.15,2.60,2.91,2.40,4.10,1440.00,20.68,23.13,46.20,26.75,0.9152,0.9930,0.8256,1
73,12,728.40,0.27,2.89,2.39,2.68,2.21,3.90,1440.00,20.68,23.01,45.13,26.63,0.9195,0.9935,0.8256,1
73,13,822.22,0.26,3.25,2.69,2.99,2.47,4.28,1440.00,20.68,23.24,48.01,27.67,0.9079,0.9893,0.8256,1
73,14,728.05,0.26,2.89,2.38,2.68,2.21,3.82,1440.00,20.68,22.96,45.22,27.10,0.9191,0.9916,0.8256,1
73,15,613.35,0.26,2.44,2.02,2.29,1.89,3.24,1440.00,20.68,22.61,41.61,26.22,0.9336,0.9951,0.8256,1
73,16,467.83,0.27,1.87,1.54,1.78,1.47,2.54,1440.00,20.68,22.20,37.12,25.05,0.9515,0.9998,0.8256,1
73,17,239.99,0.30,0.97,0.80,0.94,0.78,1.43,1440.00,20.68,21.54,29.81,23.00,0.9808,1.0080,0.8256,1
73,18,64.24,0.48,0.26,0.22,0.26,0.21,0.62,1440.00,20.68,21.05,24.25,21.30,1.0030,1.0148,0.8256,0
73,19,0.90,1.00,0.00,0.00,0.00,0.00,0.02,1440.00,20.68,20.69,22.28,22.19,1.0109,1.0112,0.8256,0
73,20,0.00,0.00,0.00,0.00,0.00,0.00,0.00,,20.68,,22.37,22.37,1.0105,1.0105,0.8256,0
73,21,0.00,0.00,0.00,0.00,0.00,0.00,0.00,,20.68,,21.85,21.85,1.0126,1.0126,0.8256,0
73,22,0.00,0.00,0.00,0.00,0.00,0.00,0.00,,20.68,,21.83,21.83,1.0127,1.0127,0.8256,0
73,23,0.00,0.00,0.00,0.00,0.00,0.00,0.00,,20.68,,21.32,21.32,1.0147,1.0147,0.8256,0
73,24,0.00,0.00,0.00,0.00,0.00,0.00,0.00,,20.68,,21.10,21.10,1.0156,1.0156,0.8256,0
74,1,0.00,0.00,0.00,0.00,0.00,0.00,0.00,,20.61,,20.86,20.86,1.0166,1.0166,0.8256,0
74,2,0.00,0.00,0.00,0.00,0.00,0.00,0.00,,20.61,,20.49,20.49,1.0180,1.0180,0.8256,0
74,3,0.00,0.00,0.00,0.00,0.00,0.00,0.00,,20.61,,20.27,20.27,1.0189,1.0189,0.8256,0
74,4,0.00,0.00,0.00,0.00,0.00,0.00,0.00,,20.61,,20.48,20.48,1.0181,1.0181,0.8256,0
74,5,0.00,0.00,0.00,0.00,0.00,0.00,0.00,,20.61,,20.62,20.62,1.0175,1.0175,0.8256,0
74,6,0.00,0.00,0.00,0.00,0.00,0.00,0.00,,20.61,,20.58,20.58,1.0177,1.0177,0.8256,0
74,7,38.23,0.23,0.16,0.13,0.15,0.13,0.17,1440.00,20.61,20.71,21.69,20.88,1.0132,1.0165,0.8256,0
74,8,111.01,0.22,0.45,0.37,0.45,0.37,0.50,1440.00,20.61,20.91,23.75,21.39,1.0050,1.0145,0.8256,0
74,9,355.58,0.26,1.43,1.18,1.38,1.14,1.82,1440.00,20.61,21.69,31.86,23.23,0.9726,1.0071,0.8256,0
74,10,511.01,0.26,2.05,1.69,1.95,1.61,2.62,1440.00,20.61,22.17,36.94,24.51,0.9522,1.0019,0.8256,0
74,11,675.13,0.27,2.70,2.23,2.51,2.07,3.65,1440.00,20.61,22.79,42.83,25.48,0.9287,0.9981,0.8256,1
74,12,728.87,0.29,2.91,2.40,2.67,2.21,4.25,1440.00,20.61,23.15,45.76,25.56,0.9170,0.9978,0.8256,1
74,13,746.53,0.29,2.98,2.46,2.73,2.25,4.34,1440.00,20.61,23.20,46.47,25.88,0.9141,0.9965,0.8256,1
74,14,778.36,0.28,3.09,2.55,2.83,2.34,4.43,1440.00,20.61,23.25,47.80,26.77,0.9088,0.9929,0.8256,1
74,15,622.54,0.29,2.48,2.05,2.31,1.91,3.58,1440.00,20.61,22.75,43.01,26.03,0.9279,0.9959,0.8256,1
74,16,521.82,0.29,2.08,1.72,1.96,1.62,2.98,1440.00,20.61,22.39,39.77,25.62,0.9409,0.9975,0.8256,1
74,17,278.49,0.32,1.12,0.93,1.08,0.89,1.76,1440.00,20.61,21.66,31.78,23.41,0.9729,1.0064,0.8256,1
74,18,91.13,0.47,0.37,0.31,0.36,0.30,0.86,1440.00,20.61,21.12,25.63,21.53,0.9975,1.0139,0.8256,0
74,19,0.66,1.00,0.00,0.00,0.00,0.00,0.01,1440.00,20.61,20.62,22.70,22.64,1.0092,1.0094,0.8256,0
74,20,0.00,0.00,0.00,0.00,0.00,0.00,0.00,,20.61,,22.76,22.76,1.0090,1.0090,0.8256,0
74,21,0.00,0.00,0.00,0.00,0.00,0.00,0.00,,20.61,,22.00,22.00,1.0120,1.0120,0.8256,0
74,22,0.00,0.00,0.00,0.00,0.00,0.00,0.00,,20.61,,21.96,21.96,1.0122,1.0122,0.8256,0
74,23,0.00,0.00,0.00,0.00,0.00,0.00,0.00,,20.61,,21.43,21.43,1.0143,1.0143,0.8256,0
74,24,0.00,0.00,0.00,0.00,0.00,0.00,0.00,,20.61,,21.37,21.37,1.0145,1.0145,0.8256,0
75,1,0.00,0.00,0.00,0.00,0.00,0.00,0.00,,20.54,,21.22,21.22,1.0151,1.0151,0.8256,0
75,2,0.00,0.00,0.00,0.00,0.00,0.00,0.00,,20.54,,20.77,20.77,1.0169,1.0169,0.8256,0
75,3,0.00,0.00,0.00,0.00,0.00,0.00,0.00,,20.54,,20.66,20.66,1.0174,1.0174,0.8256,0
75,4,0.00,0.00,0.00,0.00,0.00,0.00,0.00,,20.54,,20.50,20.50,1.0180,1.0180,0.8256,0
75,5,0.00,0.00,0.00,0.00,0.00,0.00,0.00,,20.54,,20.27,20.27,1.0189,1.0189,0.8256,0
75,6,0.00,0.00,0.00,0.00,0.00,0.00,0.00,,20.54,,20.27,20.27,1.0189,1.0189,0.8256,0
75,7,30.14,0.16,0.12,0.10,0.12,0.10,0.10,1440.00,20.54,20.59,21.21,20.76,1.0152,1.0170,0.8256,0
75,8,99.42,0.20,0.40,0.33,0.40,0.33,0.40,1440.00,20.54,20.78,23.17,21.25,1.0073,1.0150,0.8256,0
75,9,315.28,0.26,1.27,1.05,1.23,1.02,1.64,1440.00,20.54,21.52,30.31,22.53,0.9788,1.0099,0.8256,0
75,10,591.38,0.26,2.37,1.96,2.23,1.84,3.12,1440.00,20.54,22.40,39.20,24.36,0.9432,1.0026,0.8256,0
75,11,861.41,0.28,3.43,2.83,3.11,2.57,4.82,1440.00,20.54,23.41,49.21,26.34,0.9032,0.9946,0.8256,1
75,12,991.29,0.29,3.93,3.25,3.49,2.88,5.84,1440.00,20.54,24.03,54.79,27.06,0.8808,0.9918,0.8256,1
75,13,1001.07,0.30,3.97,3.28,3.52,2.90,5.93,1440.00,20.54,24.08,55.32,27.17,0.8787,0.9913,0.8256,1
75,14,887.23,0.29,3.52,2.90,3.17,2.61,5.20,1440.00,20.54,23.65,51.90,27.18,0.8924,0.9913,0.8256,1
75,15,699.70,0.29,2.78,2.30,2.56,2.12,4.13,1440.00,20.54,23.00,46.05,26.45,0.9158,0.9942,0.8256,1
75,16,527.04,0.31,2.11,1.74,1.97,1.63,3.30,1440.00,20.54,22.51,41.00,25.32,0.9360,0.9987,0.8256,1
75,17,286.60,0.36,1.15,0.95,1.11,0.92,2.08,1440.00,20.54,21.78,33.17,23.31,0.9673,1.0068,0.8256,1
75,18,82.33,0.65,0.33,0.28,0.33,0.27,1.06,1440.00,20.54,21.17,26.43,21.38,0.9943,1.0145,0.8256,0
75,19,0.47,1.00,0.00,0.00,0.00,0.00,0.01,1440.00,20.54,20.54,23.84,23.80,1.0046,1.0048,0.8256,0
75,20,0.00,0.00,0.00,0.00,0.00,0.00,0.00,,20.54,,23.81,23.81,1.0048,1.0048,0.8256,0
75,21,0.00,0.00,0.00,0.00,0.00,0.00,0.00,,20.54,,23.18,23.18,1.0073,1.0073,0.8256,0
75,22,0.00,0.00,0.00,0.00,0.00,0.00,0.00,,20.54,,23.01,23.01,1.0080,1.0080,0.8256,0
75,23,0.00,0.00,0.00,0.00,0.00,0.00,0.00,,20.54,,22.63,22.63,1.0095,1.0095,0.8256,0
75,24,0.00,0.00,0.00,0.00,0.00,0.00,0.00,,20.54,,22.47,22.47,1.0101,1.0101,0.8256,0
76,1,0.00,0.00,0.00,0.00,0.00,0.00,0.00,,20.47,,22.28,22.28,1.0109,1.0109,0.8256,0
76,2,0.00,0.00,0.00,0.00,0.00,0.00,0.00,,20.47,,21.85,21.85,1.0126,1.0126,0.8256,0
76,3,0.00,0.00,0.00,0.00,0.00,0.00,0.00,,20.47,,21.74,21.74,1.0130,1.0130,0.8256,0
76,4,0.00,0.00,0.00,0.00,0.00,0.00,0.00,,20.47,,21.51,21.51,1.0140,1.0140,0.8256,0
76,5,0.00,0.00,0.00,0.00,0.00,0.00,0.00,,20.47,,21.34,21.34,1.0146,1.0146,0.8256,0
76,6,0.00,0.00,0.00,0.00,0.00,0.00,0.00,,20.47,,20.53,20.53,1.0179,1.0179,0.8256,0
76,7,0.00,0.00,0.00,0.00,0.00,0.00,0.00,,20.47,,19.99,19.99,1.0200,1.0200,0.8256,0
76,8,24.61,0.02,0.10,0.08,0.10,0.08,0.01,1440.00,20.47,20.47,20.78,20.73,1.0169,1.0171,0.8256,0
76,9,62.18,0.08,0.25,0.21,0.25,0.21,0.10,1440.00,20.47,20.53,21.58,21.10,1.0137,1.0156,0.8256,0
76,10,83.24,0.11,0.34,0.28,0.34,0.28,0.18,1440.00,20.47,20.57,22.19,21.32,1.0112,1.0147,0.8256,0
76,11,123.65,0.16,0.50,0.41,0.50,0.41,0.39,1440.00,20.47,20.70,23.58,21.72,1.0057,1.0131,0.8256,1
76,12,240.49,0.20,0.97,0.80,0.95,0.79,0.96,1440.00,20.47,21.04,27.41,22.83,0.9904,1.0087,0.8256,1
76,13,254.88,0.20,1.03,0.85,1.01,0.83,1.04,1440.00,20.47,21.09,27.90,22.94,0.9884,1.0082,0.8256,1
76,14,288.00,0.21,1.16,0.96,1.13,0.94,1.19,1440.00,20.47,21.18,29.07,23.40,0.9837,1.0064,0.8256,1
76,15,340.36,0.21,1.37,1.13,1.33,1.10,1.40,1440.00,20.47,21.30,30.85,24.19,0.9766,1.0032,0.8256,1
76,16,290.79,0.20,1.17,0.97,1.14,0.94,1.16,1440.00,20.47,21.16,29.29,23.76,0.9829,1.0050,0.8256,1
76,17,218.94,0.19,0.88,0.73,0.87,0.72,0.85,1440.00,20.47,20.97,27.01,22.99,0.9920,1.0080,0.8256,1
76,18,61.97,0.16,0.25,0.21,0.25,0.21,0.20,1440.00,20.47,20.59,22.14,21.18,1.0115,1.0153,0.8256,0
76,19,0.33,0.00,0.00,0.00,0.00,0.00,0.00,,20.47,,20.12,20.12,1.0195,1.0195,0.8256,0
76,20,0.00,0.00,0.00,0.00,0.00,0.00,0.00,,20.47,,20.07,20.07,1.0197,1.0197,0.8256,0
76,21,0.00,0.00,0.00,0.00,0.00,0.00,0.00,,20.47,,19.88,19.88,1.0205,1.0205,0.8256,0
76,22,0.00,0.00,0.00,0.00,0.00,0.00,0.00,,20.47,,19.79,19.79,1.0208,1.0208,0.8256,0
76,23,0.00,0.00,0.00,0.00,0.00,0.00,0.00,,20.47,,19.67,19.67,1.0213,1.0213,0.8256,0
76,24,0.00,0.00,0.00,0.00,0.00,0.00,0.00,,20.47,,19.72,19.72,1.0211,1.0211,0.8256,0
77,1,0.00,0.00,0.00,0.00,0.00,0.00,0.00,,20.39,,19.82,19.82,1.0207,1.0207,0.8256,0
77,2,0.00,0.00,0.00,0.00,0.00,0.00,0.00,,20.39,,19.53,19.53,1.0219,1.0219,0.8256,0
77,3,0.00,0.00,0.00,0.00,0.00,0.00,0.00,,20.39,,19.35,19.35,1.0226,1.0226,0.8256,0
77,4,0.00,0.00,0.00,0.00,0.00,0.00,0.00,,20.39,,19.18,19.18,1.0233,1.0233,0.8256,0
77,5,0.00,0.00,0.00,0.00,0.00,0.00,0.00,,20.39,,18.87,18.87,1.0245,1.0245,0.8256,0
77,6,0.00,0.00,0.00,0.00,0.00,0.00,0.00,,20.39,,18.93,18.93,1.0243,1.0243,0.8256,0
77,7,0.00,0.00,0.00,0.00,0.00,0.00,0.00,,20.39,,18.98,18.98,1.0241,1.0241,0.8256,0
77,8,88.82,0.05,0.36,0.30,0.36,0.30,0.08,1440.00,20.39,20.44,21.75,21.35,1.0130,1.0146,0.8256,0
77,9,380.04,0.18,1.52,1.26,1.48,1.22,1.40,1440.00,20.39,21.23,31.01,24.35,0.9760,1.0026,0.8256,0
77,10,401.01,0.19,1.61,1.33,1.56,1.29,1.51,1440.00,20.39,21.29,31.86,24.70,0.9726,1.0012,0.8256,0
77,11,547.33,0.20,2.18,1.80,2.09,1.72,2.18,1440.00,20.39,21.70,36.86,26.50,0.9525,0.9940,0.8256,1
77,12,812.85,0.21,3.19,2.64,2.99,2.47,3.35,1440.00,20.39,22.39,45.33,29.42,0.9187,0.9823,0.8256,1
77,13,823.55,0.21,3.23,2.67,3.02,2.49,3.44,1440.00,20.39,22.45,45.99,29.63,0.9161,0.9815,0.8256,1
77,14,751.78,0.22,2.96,2.45,2.78,2.29,3.24,1440.00,20.39,22.33,44.15,28.78,0.9234,0.9849,0.8256,1
77,15,592.10,0.22,2.35,1.94,2.23,1.84,2.61,1440.00,20.39,21.95,39.31,26.94,0.9427,0.9922,0.8256,1
77,16,389.95,0.22,1.56,1.29,1.51,1.25,1.73,1440.00,20.39,21.42,32.93,24.72,0.9683,1.0011,0.8256,1
77,17,288.89,0.22,1.16,0.96,1.13,0.94,1.27,1440.00,20.39,21.15,29.60,23.59,0.9816,1.0057,0.8256,1
77,18,77.05,0.21,0.31,0.26,0.31,0.26,0.32,1440.00,20.39,20.58,22.74,21.24,1.0090,1.0151,0.8256,0
77,19,0.19,0.00,0.00,0.00,0.00,0.00,0.00,,20.39,,19.76,19.76,1.0210,1.0210,0.8256,0
77,20,0.00,0.00,0.00,0.00,0.00,0.00,0.00,,20.39,,19.84,19.84,1.0206,1.0206,0.8256,0
77,21,0.00,0.00,0.00,0.00,0.00,0.00,0.00,,20.39,,19.18,19.18,1.0233,1.0233,0.8256,0
77,22,0.00,0.00,0.00,0.00,0.00,0.00,0.00,,20.39,,19.44,19.44,1.0222,1.0222,0.8256,0
77,23,0.00,0.00,0.00,0.00,0.00,0.00,0.00,,20.39,,19.50,19.50,1.0220,1.0220,0.8256,0
77,24,0.00,0.00,0.00,0.00,0.00,0.00,0.00,,20.39,,19.75,19.75,1.0210,1.0210,0.8256,0
78,1,0.00,0.00,0.00,0.00,0.00,0.00,0.00,,20.32,,19.72,19.72,1.0211,1.0211,0.8256,0
78,2,0.00,0.00,0.00,0.00,0.00,0.00,0.00,,20.32,,19.67,19.67,1.0213,1.0213,0.8256,0
78,3,0.00,0.00,0.00,0.00,0.00,0.00,0.00,,20.32,,19.59,19.59,1.0216,1.0216,0.8256,0
78,4,0.00,0.00,0.00,0.00,0.00,0.00,0.00,,20.32,,19.49,19.49,1.0220,1.0220,0.8256,0
78,5,0.00,0.00,0.00,0.00,0.00,0.00,0.00,,20.32,,19.49,19.49,1.0220,1.0220,0.8256,0
78,6,0.00,0.00,0.00,0.00,0.00,0.00,0.00,,20.32,,19.57,19.57,1.0217,1.0217,0.8256,0
78,7,0.00,0.00,0.00,0.00,0.00,0.00,0.00,,20.32,,19.67,19.67,1.0213,1.0213,0.8256,0
78,8,67.67,0.10,0.27,0.23,0.27,0.23,0.13,1440.00,20.32,20.40,21.67,21.05,1.0133,1.0158,0.8256,0
78,9,353.99,0.22,1.42,1.17,1.38,1.14,1.54,1440.00,20.32,21.24,31.21,23.89,0.9752,1.0044,0.8256,0
78,10,516.07,0.21,2.06,1.70,1.97,1.63,2.14,1440.00,20.32,21.60,36.11,25.94,0.9556,0.9962,0.8256,0
78,11,473.97,0.21,1.89,1.56,1.82,1.50,2.02,1440.00,20.32,21.53,35.12,25.54,0.9595,0.9979,0.8256,1
78,12,660.88,0.22,2.62,2.16,2.47,2.04,2.86,1440.00,20.32,22.03,41.10,27.52,0.9356,0.9899,0.8256,1
78,13,669.69,0.22,2.65,2.19,2.50,2.07,2.96,1440.00,20.32,22.09,41.55,27.51,0.9338,0.9900,0.8256,1
78,14,588.18,0.23,2.34,1.93,2.22,1.83,2.65,1440.00,20.32,21.91,39.15,26.54,0.9434,0.9938,0.8256,1
78,15,437.03,0.23,1.75,1.44,1.68,1.39,2.02,1440.00,20.32,21.53,34.46,24.85,0.9622,1.0006,0.8256,1
78,16,310.23,0.23,1.25,1.03,1.21,1.00,1.45,1440.00,20.32,21.19,30.45,23.55,0.9782,1.0058,0.8256,1
78,17,240.01,0.23,0.97,0.80,0.95,0.78,1.08,1440.00,20.32,20.97,27.94,22.79,0.9882,1.0088,0.8256,1
78,18,82.61,0.23,0.34,0.28,0.33,0.28,0.39,1440.00,20.32,20.55,22.99,21.15,1.0080,1.0154,0.8256,0
78,19,0.05,1.00,0.00,0.00,0.00,0.00,0.00,1440.00,20.32,20.32,20.45,20.45,1.0182,1.0182,0.8256,0
78,20,0.00,0.00,0.00,0.00,0.00,0.00,0.00,,20.32,,20.50,20.50,1.0180,1.0180,0.8256,0
78,21,0.00,0.00,0.00,0.00,0.00,0.00,0.00,,20.32,,20.38,20.38,1.0185,1.0185,0.8256,0
78,22,0.00,0.00,0.00,0.00,0.00,0.00,0.00,,20.32,,20.59,20.59,1.0176,1.0176,0.8256,0
78,23,0.00,0.00,0.00,0.00,0.00,0.00,0.00,,20.32,,20.53,20.53,1.0179,1.0179,0.8256,0
78,24,0.00,0.00,0.00,0.00,0.00,0.00,0.00,,20.32,,20.38,20.38,1.0185,1.0185,0.8256,0
79,1,0.00,0.00,0.00,0.00,0.00,0.00,0.00,,20.25,,20.18,20.18,1.0193,1.0193,0.8256,0
79,2,0.00,0.00,0.00,0.00,0.00,0.00,0.00,,20.25,,19.99,19.99,1.0200,1.0200,0.8256,0
79,3,0.00,0.00,0.00,0.00,0.00,0.00,0.00,,20.25,,19.85,19.85,1.0206,1.0206,0.8256,0
79,4,0.00,0.00,0.00,0.00,0.00,0.00,0.00,,20.25,,19.72,19.72,1.0211,1.0211,0.8256,0
79,5,0.00,0.00,0.00,0.00,0.00,0.00,0.00,,20.25,,19.35,19.35,1.0226,1.0226,0.8256,0
79,6,0.00,0.00,0.00,0.00,0.00,0.00,0.00,,20.25,,19.28,19.28,1.0229,1.0229,0.8256,0
79,7,0.00,0.00,0.00,0.00,0.00,0.00,0.00,,20.25,,19.40,19.40,1.0224,1.0224,0.8256,0
79,8,65.21,0.10,0.27,0.22,0.26,0.22,0.13,1440.00,20.25,20.32,21.37,20.74,1.0145,1.0170,0.8256,0
79,9,478.81,0.26,1.92,1.59,1.83,1.51,2.50,1440.00,20.25,21.74,35.72,23.85,0.9571,1.0046,0.8256,0
79,10,654.00,0.26,2.61,2.16,2.44,2.02,3.41,1440.00,20.25,22.28,41.40,25.21,0.9344,0.9992,0.8256,0
79,11,747.59,0.27,2.98,2.46,2.75,2.27,3.97,1440.00,20.25,22.62,44.78,25.92,0.9209,0.9963,0.8256,1
79,12,724.03,0.27,2.89,2.38,2.67,2.21,3.93,1440.00,20.25,22.59,44.45,25.78,0.9222,0.9969,0.8256,1
79,13,663.02,0.27,2.65,2.19,2.47,2.04,3.55,1440.00,20.25,22.37,42.29,25.42,0.9308,0.9983,0.8256,1
79,14,699.68,0.27,2.79,2.30,2.59,2.14,3.73,1440.00,20.25,22.47,43.50,25.78,0.9260,0.9969,0.8256,1
79,15,536.71,0.27,2.15,1.78,2.03,1.68,2.90,1440.00,20.25,21.98,38.24,24.49,0.9470,1.0020,0.8256,1
79,16,398.51,0.28,1.60,1.32,1.54,1.27,2.21,1440.00,20.25,21.57,34.00,23.50,0.9640,1.0060,0.8256,1
79,17,227.06,0.29,0.92,0.76,0.90,0.74,1.32,1440.00,20.25,21.04,28.40,22.11,0.9864,1.0115,0.8256,1
79,18,68.35,0.40,0.28,0.23,0.28,0.23,0.54,1440.00,20.25,20.57,23.38,20.80,1.0065,1.0168,0.8256,0
79,19,0.05,1.00,0.00,0.00,0.00,0.00,0.00,1440.00,20.25,20.25,21.22,21.22,1.0151,1.0151,0.8256,0
79,20,0.00,0.00,0.00,0.00,0.00,0.00,0.00,,20.25,,21.37,21.37,1.0145,1.0145,0.8256,0
79,21,0.00,0.00,0.00,0.00,0.00,0.00,0.00,,20.25,,20.67,20.67,1.0173,1.0173,0.8256,0
79,22,0.00,0.00,0.00,0.00,0.00,0.00,0.00,,20.25,,20.64,20.64,1.0174,1.0174,0.8256,0
79,23,0.00,0.00,0.00,0.00,0.00,0.00,0.00,,20.25,,20.35,20.35,1.0186,1.0186,0.8256,0
79,24,0.00,0.00,0.00,0.00,0.00,0.00,0.00,,20.25,,20.23,20.23,1.0191,1.0191,0.8256,0
80,1,0.00,0.00,0.00,0.00,0.00,0.00,0.00,,20.17,,20.25,20.25,1.0190,1.0190,0.8256,0
80,2,0.00,0.00,0.00,0.00,0.00,0.00,0.00,,20.17,,20.14,20.14,1.0194,1.0194,0.8256,0
80,3,0.00,0.00,0.00,0.00,0.00,0.00,0.00,,20.17,,19.98,19.98,1.0201,1.0201,0.8256,0
80,4,0.00,0.00,0.00,0.00,0.00,0.00,0.00,,20.17,,19.83,19.83,1.0207,1.0207,0.8256,0
80,5,0.00,0.00,0.00,0.00,0.00,0.00,0.00,,20.17,,19.58,19.58,1.0217,1.0217,0.8256,0
80,6,0.00,0.00,0.00,0.00,0.00,0.00,0.00,,20.17,,19.51,19.51,1.0220,1.0220,0.8256,0
80,7,0.00,0.00,0.00,0.00,0.00,0.00,0.00,,20.17,,19.53,19.53,1.0219,1.0219,0.8256,0
80,8,76.09,0.16,0.31,0.26,0.31,0.25,0.25,1440.00,20.17,20.32,21.91,20.72,1.0124,1.0171,0.8256,0
80,9,403.92,0.25,1.63,1.34,1.56,1.29,2.04,1440.00,20.17,21.39,33.03,23.37,0.9679,1.0065,0.8256,0
80,10,590.55,0.25,2.36,1.95,2.23,1.84,2.94,1440.00,20.17,21.93,39.20,25.25,0.9432,0.9990,0.8256,0
80,11,602.97,0.26,2.41,1.99,2.26,1.87,3.14,1440.00,20.17,22.05,40.42,25.52,0.9383,0.9979,0.8256,1
80,12,746.67,0.27,2.97,2.45,2.74,2.26,4.07,1440.00,20.17,22.60,45.87,26.55,0.9165,0.9938,0.8256,1
80,13,925.26,0.27,3.66,3.02,3.30,2.73,5.05,1440.00,20.17,23.19,51.76,27.79,0.8929,0.9889,0.8256,1
80,14,837.85,0.28,3.32,2.74,3.02,2.50,4.65,1440.00,20.17,22.95,49.41,27.33,0.9023,0.9907,0.8256,1
80,15,682.44,0.28,2.72,2.24,2.52,2.08,3.86,1440.00,20.17,22.48,44.62,26.30,0.9215,0.9948,0.8256,1
80,16,536.38,0.29,2.14,1.77,2.02,1.66,3.14,1440.00,20.17,22.05,40.06,25.13,0.9398,0.9995,0.8256,1
80,17,317.76,0.33,1.28,1.06,1.23,1.02,2.09,1440.00,20.17,21.42,33.05,23.14,0.9678,1.0074,0.8256,1
80,18,80.07,0.60,0.33,0.27,0.32,0.26,0.96,1440.00,20.17,20.74,25.48,20.92,0.9981,1.0163,0.8256,0
80,19,0.00,0.00,0.00,0.00,0.00,0.00,0.00,,20.17,,22.96,22.96,1.0082,1.0082,0.8256,0
80,20,0.00,0.00,0.00,0.00,0.00,0.00,0.00,,20.17,,23.18,23.18,1.0073,1.0073,0.8256,0
80,21,0.00,0.00,0.00,0.00,0.00,0.00,0.00,,20.17,,22.41,22.41,1.0104,1.0104,0.8256,0
80,22,0.00,0.00,0.00,0.00,0.00,0.00,0.00,,20.17,,22.26,22.26,1.0110,1.0110,0.8256,0
80,23,0.00,0.00,0.00,0.00,0.00,0.00,0.00,,20.17,,21.78,21.78,1.0129,1.0129,0.8256,0
80,24,0.00,0.00,0.00,0.00,0.00,0.00,0.00,,20.17,,21.56,21.56,1.0138,1.0138,0.8256,0
81,1,0.00,0.00,0.00,0.00,0.00,0.00,0.00,,20.10,,21.00,21.00,1.0160,1.0160,0.8256,0
81,2,0.00,0.00,0.00,0.00,0.00,0.00,0.00,,20.10,,20.29,20.29,1.0188,1.0188,0.8256,0
81,3,0.00,0.00,0.00,0.00,0.00,0.00,0.00,,20.10,,19.44,19.44,1.0222,1.0222,0.8256,0
81,4,0.00,0.00,0.00,0.00,0.00,0.00,0.00,,20.10,,19.35,19.35,1.0226,1.0226,0.8256,0
81,5,0.00,0.00,0.00,0.00,0.00,0.00,0.00,,20.10,,19.11,19.11,1.0236,1.0236,0.8256,0
81,6,0.00,0.00,0.00,0.00,0.00,0.00,0.00,,20.10,,19.03,19.03,1.0239,1.0239,0.8256,0
81,7,0.00,0.00,0.00,0.00,0.00,0.00,0.00,,20.10,,18.99,18.99,1.0240,1.0240,0.8256,0
81,8,82.48,0.09,0.34,0.28,0.33,0.28,0.15,1440.00,20.10,20.19,21.68,20.96,1.0133,1.0161,0.8256,0
81,9,237.83,0.19,0.96,0.79,0.94,0.78,0.90,1440.00,20.10,20.64,26.71,22.42,0.9932,1.0103,0.8256,0
81,10,341.75,0.21,1.38,1.14,1.34,1.11,1.44,1440.00,20.10,20.96,30.04,23.18,0.9798,1.0073,0.8256,0
81,11,342.44,0.22,1.38,1.14,1.34,1.11,1.47,1440.00,20.10,20.98,30.08,23.08,0.9797,1.0077,0.8256,1
81,12,402.97,0.23,1.62,1.34,1.56,1.29,1.88,1440.00,20.10,21.22,32.30,23.39,0.9708,1.0064,0.8256,1
81,13,367.28,0.23,1.48,1.22,1.43,1.18,1.71,1440.00,20.10,21.12,31.12,23.00,0.9755,1.0080,0.8256,1
81,14,377.47,0.24,1.52,1.26,1.47,1.21,1.80,1440.00,20.10,21.17,31.60,23.04,0.9736,1.0078,0.8256,1
81,15,269.80,0.23,1.09,0.90,1.07,0.88,1.27,1440.00,20.10,20.85,28.20,22.19,0.9872,1.0113,0.8256,1
81,16,182.29,0.23,0.74,0.61,0.73,0.60,0.84,1440.00,20.10,20.60,25.42,21.43,0.9983,1.0143,0.8256,1
81,17,70.38,0.19,0.29,0.24,0.29,0.24,0.26,1440.00,20.10,20.25,21.81,20.57,1.0128,1.0177,0.8256,1
81,18,15.62,0.07,0.06,0.05,0.06,0.05,0.02,1440.00,20.10,20.11,20.30,20.19,1.0188,1.0192,0.8256,0
81,19,0.00,0.00,0.00,0.00,0.00,0.00,0.00,,20.10,,19.87,19.87,1.0205,1.0205,0.8256,0
81,20,0.00,0.00,0.00,0.00,0.00,0.00,0.00,,20.10,,20.01,20.01,1.0200,1.0200,0.8256,0
81,21,0.00,0.00,0.00,0.00,0.00,0.00,0.00,,20.10,,19.66,19.66,1.0214,1.0214,0.8256,0
81,22,0.00,0.00,0.00,0.00,0.00,0.00,0.00,,20.10,,19.95,19.95,1.0202,1.0202,0.8256,0
81,23,0.00,0.00,0.00,0.00,0.00,0.00,0.00,,20.10,,20.02,20.02,1.0199,1.0199,0.8256,0
81,24,0.00,0.00,0.00,0.00,0.00,0.00,0.00,,20.10,,19.98,19.98,1.0201,1.0201,0.8256,0
82,1,0.00,0.00,0.00,0.00,0.00,0.00,0.00,,20.02,,19.93,19.93,1.0203,1.0203,0.8256,0
82,2,0.00,0.00,0.00,0.00,0.00,0.00,0.00,,20.02,,19.74,19.74,1.0210,1.0210,0.8256,0
82,3,0.00,0.00,0.00,0.00,0.00,0.00,0.00,,20.02,,19.67,19.67,1.0213,1.0213,0.8256,0
82,4,0.00,0.00,0.00,0.00,0.00,0.00,0.00,,20.02,,19.61,19.61,1.0216,1.0216,0.8256,0
82,5,0.00,0.00,0.00,0.00,0.00,0.00,0.00,,20.02,,19.33,19.33,1.0227,1.0227,0.8256,0
82,6,0.00,0.00,0.00,0.00,0.00,0.00,0.00,,20.02,,19.13,19.13,1.0235,1.0235,0.8256,0
82,7,0.00,0.00,0.00,0.00,0.00,0.00,0.00,,20.02,,19.01,19.01,1.0240,1.0240,0.8256,0
82,8,55.70,0.04,0.23,0.19,0.23,0.19,0.05,1440.00,20.02,20.05,20.63,20.41,1.0175,1.0184,0.8256,0
82,9,557.17,0.25,2.24,1.85,2.12,1.75,2.84,1440.00,20.02,21.72,37.31,23.83,0.9508,1.0047,0.8256,0
82,10,784.53,0.25,3.13,2.58,2.89,2.39,3.98,1440.00,20.02,22.40,44.72,25.81,0.9211,0.9968,0.8256,0
82,11,956.89,0.26,3.79,3.13,3.43,2.83,5.04,1440.00,20.02,23.03,51.18,27.23,0.8953,0.9911,0.8256,1
82,12,1042.72,0.26,4.11,3.39,3.67,3.03,5.50,1440.00,20.02,23.31,54.77,28.66,0.8809,0.9854,0.8256,1
82,13,1043.90,0.26,4.11,3.39,3.68,3.03,5.48,1440.00,20.02,23.30,54.94,28.89,0.8802,0.9844,0.8256,1
82,14,963.76,0.27,3.81,3.15,3.42,2.83,5.28,1440.00,20.02,23.18,52.93,27.85,0.8883,0.9886,0.8256,1
82,15,809.21,0.28,3.22,2.66,2.93,2.42,4.60,1440.00,20.02,22.77,48.43,26.59,0.9063,0.9936,0.8256,1
82,16,590.48,0.30,2.36,1.95,2.20,1.82,3.56,1440.00,20.02,22.15,41.99,25.07,0.9320,0.9997,0.8256,1
82,17,330.29,0.34,1.33,1.10,1.27,1.05,2.24,1440.00,20.02,21.36,33.75,23.13,0.9650,1.0075,0.8256,1
82,18,84.96,0.60,0.35,0.29,0.34,0.28,1.02,1440.00,20.02,20.63,25.68,20.85,0.9973,1.0166,0.8256,0
82,19,0.00,0.00,0.00,0.00,0.00,0.00,0.00,,20.02,,22.13,22.13,1.0115,1.0115,0.8256,0
82,20,0.00,0.00,0.00,0.00,0.00,0.00,0.00,,20.02,,21.44,21.44,1.0142,1.0142,0.8256,0
82,21,0.00,0.00,0.00,0.00,0.00,0.00,0.00,,20.02,,19.38,19.38,1.0225,1.0225,0.8256,0
82,22,0.00,0.00,0.00,0.00,0.00,0.00,0.00,,20.02,,18.77,18.77,1.0249,1.0249,0.8256,0
82,23,0.00,0.00,0.00,0.00,0.00,0.00,0.00,,20.02,,17.66,17.66,1.0294,1.0294,0.8256,0
82,24,0.00,0.00,0.00,0.00,0.00,0.00,0.00,,20.02,,17.27,17.27,1.0309,1.0309,0.8256,0
83,1,0.00,0.00,0.00,0.00,0.00,0.00,0.00,,19.94,,16.92,16.92,1.0323,1.0323,0.8256,0
83,2,0.00,0.00,0.00,0.00,0.00,0.00,0.00,,19.94,,16.15,16.15,1.0354,1.0354,0.8256,0
83,3,0.00,0.00,0.00,0.00,0.00,0.00,0.00,,19.94,,15.93,15.93,1.0363,1.0363,0.8256,0
83,4,0.00,0.00,0.00,0.00,0.00,0.00,0.00,,19.94,,15.77,15.77,1.0369,1.0369,0.8256,0
83,5,0.00,0.00,0.00,0.00,0.00,0.00,0.00,,19.94,,15.22,15.22,1.0391,1.0391,0.8256,0
83,6,0.00,0.00,0.00,0.00,0.00,0.00,0.00,,19.94,,15.07,15.07,1.0397,1.0397,0.8256,0
83,7,0.00,0.00,0.00,0.00,0.00,0.00,0.00,,19.94,,14.94,14.94,1.0402,1.0402,0.8256,0
83,8,54.99,0.00,0.23,0.19,0.23,0.19,0.00,,19.94,,16.53,16.53,1.0339,1.0339,0.8256,0
83,9,578.46,0.15,2.31,1.91,2.23,1.84,1.78,1440.00,19.94,21.01,34.14,25.66,0.9635,0.9974,0.8256,0
83,10,799.40,0.18,3.16,2.61,2.99,2.47,2.87,1440.00,19.94,21.66,41.32,27.67,0.9347,0.9893,0.8256,0
83,11,963.58,0.21,3.80,3.14,3.50,2.89,4.00,1440.00,19.94,22.33,47.69,28.69,0.9092,0.9852,0.8256,1
83,12,1046.93,0.23,4.13,3.41,3.74,3.09,4.89,1440.00,19.94,22.87,51.74,28.50,0.8931,0.9860,0.8256,1
83,13,1047.64,0.25,4.15,3.42,3.73,3.08,5.20,1440.00,19.94,23.05,52.25,27.56,0.8910,0.9898,0.8256,1
83,14,964.31,0.27,3.84,3.17,3.46,2.86,5.14,1440.00,19.94,23.02,50.60,26.18,0.8976,0.9953,0.8256,1
83,15,806.91,0.28,3.23,2.67,2.96,2.44,4.50,1440.00,19.94,22.64,46.05,24.65,0.9158,1.0014,0.8256,1
83,16,577.10,0.29,2.33,1.92,2.18,1.80,3.39,1440.00,19.94,21.97,39.16,23.07,0.9433,1.0077,0.8256,1
83,17,319.50,0.30,1.29,1.07,1.25,1.03,1.91,1440.00,19.94,21.09,30.95,21.87,0.9762,1.0125,0.8256,1
83,18,72.16,0.39,0.29,0.24,0.29,0.24,0.56,1440.00,19.94,20.28,23.11,20.44,1.0076,1.0182,0.8256,0
83,19,0.00,0.00,0.00,0.00,0.00,0.00,0.00,,19.94,,20.61,20.61,1.0176,1.0176,0.8256,0
83,20,0.00,0.00,0.00,0.00,0.00,0.00,0.00,,19.94,,20.66,20.66,1.0174,1.0174,0.8256,0
83,21,0.00,0.00,0.00,0.00,0.00,0.00,0.00,,19.94,,18.46,18.46,1.0262,1.0262,0.8256,0
83,22,0.00,0.00,0.00,0.00,0.00,0.00,0.00,,19.94,,18.37,18.37,1.0265,1.0265,0.8256,0
83,23,0.00,0.00,0.00,0.00,0.00,0.00,0.00,,19.94,,17.76,17.76,1.0290,1.0290,0.8256,0
83,24,0.00,0.00,0.00,0.00,0.00,0.00,0.00,,19.94,,17.64,17.64,1.0294,1.0294,0.8256,0
84,1,0.00,0.00,0.00,0.00,0.00,0.00,0.00,,19.87,,17.46,17.46,1.0302,1.0302,0.8256,0
84,2,0.00,0.00,0.00,0.00,0.00,0.00,0.00,,19.87,,16.96,16.96,1.0322,1.0322,0.8256,0
84,3,0.00,0.00,0.00,0.00,0.00,0.00,0.00,,19.87,,16.33,16.33,1.0347,1.0347,0.8256,0
84,4,0.00,0.00,0.00,0.00,0.00,0.00,0.00,,19.87,,16.00,16.00,1.0360,1.0360,0.8256,0
84,5,0.00,0.00,0.00,0.00,0.00,0.00,0.00,,19.87,,15.97,15.97,1.0361,1.0361,0.8256,0
84,6,0.00,0.00,0.00,0.00,0.00,0.00,0.00,,19.87,,15.78,15.78,1.0369,1.0369,0.8256,0
84,7,0.00,0.00,0.00,0.00,0.00,0.00,0.00,,19.87,,15.83,15.83,1.0367,1.0367,0.8256,0
84,8,75.05,0.00,0.31,0.25,0.31,0.25,0.00,,19.87,,18.19,18.19,1.0273,1.0273,0.8256,0
84,9,416.67,0.19,1.68,1.39,1.63,1.35,1.61,1440.00,19.87,20.83,30.47,22.81,0.9781,1.0088,0.8256,0
84,10,552.52,0.20,2.22,1.83,2.12,1.75,2.26,1440.00,19.87,21.22,34.69,23.94,0.9613,1.0042,0.8256,0
84,11,549.07,0.22,2.21,1.82,2.11,1.74,2.41,1440.00,19.87,21.30,35.38,23.95,0.9585,1.0042,0.8256,1
84,12,481.80,0.23,1.94,1.60,1.86,1.53,2.23,1440.00,19.87,21.20,34.05,23.47,0.9638,1.0061,0.8256,1
84,13,460.19,0.23,1.85,1.53,1.78,1.47,2.16,1440.00,19.87,21.16,33.66,23.41,0.9654,1.0064,0.8256,1
84,14,393.63,0.24,1.59,1.31,1.53,1.26,1.91,1440.00,19.87,21.01,31.99,22.94,0.9720,1.0082,0.8256,1
84,15,204.60,0.24,0.83,0.69,0.81,0.67,1.00,1440.00,19.87,20.46,26.18,21.44,0.9953,1.0142,0.8256,1
84,16,150.96,0.24,0.61,0.51,0.61,0.50,0.72,1440.00,19.87,20.30,24.42,21.00,1.0023,1.0160,0.8256,1
84,17,123.27,0.22,0.50,0.41,0.50,0.41,0.53,1440.00,19.87,20.18,23.31,20.79,1.0068,1.0168,0.8256,1
84,18,28.74,0.00,0.12,0.10,0.12,0.10,0.00,,19.87,,20.06,20.06,1.0198,1.0198,0.8256,0
84,19,0.00,0.00,0.00,0.00,0.00,0.00,0.00,,19.87,,19.21,19.21,1.0232,1.0232,0.8256,0
84,20,0.00,0.00,0.00,0.00,0.00,0.00,0.00,,19.87,,19.43,19.43,1.0223,1.0223,0.8256,0
84,21,0.00,0.00,0.00,0.00,0.00,0.00,0.00,,19.87,,19.44,19.44,1.0222,1.0222,0.8256,0
84,22,0.00,0.00,0.00,0.00,0.00,0.00,0.00,,19.87,,19.51,19.51,1.0220,1.0220,0.8256,0
84,23,0.00,0.00,0.00,0.00,0.00,0.00,0.00,,19.87,,18.79,18.79,1.0248,1.0248,0.8256,0
84,24,0.00,0.00,0.00,0.00,0.00,0.00,0.00,,19.87,,19.05,19.05,1.0238,1.0238,0.8256,0
85,1,0.00,0.00,0.00,0.00,0.00,0.00,0.00,,19.79,,19.29,19.29,1.0228,1.0228,0.8256,0
85,2,0.00,0.00,0.00,0.00,0.00,0.00,0.00,,19.79,,18.82,18.82,1.0247,1.0247,0.8256,0
85,3,0.00,0.00,0.00,0.00,0.00,0.00,0.00,,19.79,,18.62,18.62,1.0255,1.0255,0.8256,0
85,4,0.00,0.00,0.00,0.00,0.00,0.00,0.00,,19.79,,18.01,18.01,1.0280,1.0280,0.8256,0
85,5,0.00,0.00,0.00,0.00,0.00,0.00,0.00,,19.79,,17.67,17.67,1.0293,1.0293,0.8256,0
85,6,0.00,0.00,0.00,0.00,0.00,0.00,0.00,,19.79,,17.47,17.47,1.0301,1.0301,0.8256,0
85,7,0.00,0.00,0.00,0.00,0.00,0.00,0.00,,19.79,,17.66,17.66,1.0294,1.0294,0.8256,0
85,8,57.21,0.00,0.23,0.19,0.23,0.19,0.00,,19.79,,19.23,19.23,1.0231,1.0231,0.8256,0
85,9,432.68,0.24,1.75,1.44,1.68,1.39,2.11,1440.00,19.79,21.05,32.26,22.24,0.9710,1.0110,0.8256,0
85,10,475.05,0.25,1.92,1.58,1.83,1.51,2.37,1440.00,19.79,21.20,33.95,22.71,0.9642,1.0092,0.8256,0
85,11,798.23,0.26,3.19,2.63,2.94,2.43,4.11,1440.00,19.79,22.25,44.82,25.30,0.9207,0.9988,0.8256,1
85,12,891.13,0.26,3.54,2.93,3.23,2.66,4.68,1440.00,19.79,22.58,48.72,26.50,0.9051,0.9940,0.8256,1
85,13,773.61,0.26,3.08,2.54,2.84,2.35,4.05,1440.00,19.79,22.21,45.24,25.99,0.9191,0.9960,0.8256,1
85,14,778.92,0.26,3.10,2.56,2.86,2.36,4.07,1440.00,19.79,22.22,45.71,26.37,0.9172,0.9945,0.8256,1
85,15,511.11,0.27,2.05,1.69,1.94,1.60,2.81,1440.00,19.79,21.47,37.62,24.30,0.9495,1.0028,0.8256,1
85,16,444.07,0.28,1.78,1.47,1.70,1.40,2.51,1440.00,19.79,21.29,35.75,23.82,0.9570,1.0047,0.8256,1
85,17,253.73,0.32,1.03,0.85,1.00,0.82,1.60,1440.00,19.79,20.75,29.69,22.08,0.9812,1.0117,0.8256,1
85,18,60.47,0.56,0.25,0.20,0.24,0.20,0.68,1440.00,19.79,20.20,23.57,20.34,1.0057,1.0186,0.8256,0
85,19,0.00,0.00,0.00,0.00,0.00,0.00,0.00,,19.79,,21.76,21.76,1.0130,1.0130,0.8256,0
85,20,0.00,0.00,0.00,0.00,0.00,0.00,0.00,,19.79,,21.82,21.82,1.0127,1.0127,0.8256,0
85,21,0.00,0.00,0.00,0.00,0.00,0.00,0.00,,19.79,,21.00,21.00,1.0160,1.0160,0.8256,0
85,22,0.00,0.00,0.00,0.00,0.00,0.00,0.00,,19.79,,20.94,20.94,1.0162,1.0162,0.8256,0
85,23,0.00,0.00,0.00,0.00,0.00,0.00,0.00,,19.79,,20.47,20.47,1.0181,1.0181,0.8256,0
85,24,0.00,0.00,0.00,0.00,0.00,0.00,0.00,,19.79,,20.22,20.22,1.0191,1.0191,0.8256,0
86,1,0.00,0.00,0.00,0.00,0.00,0.00,0.00,,19.71,,19.80,19.80,1.0208,1.0208,0.8256,0
86,2,0.00,0.00,0.00,0.00,0.00,0.00,0.00,,19.71,,20.00,20.00,1.0200,1.0200,0.8256,0
86,3,0.00,0.00,0.00,0.00,0.00,0.00,0.00,,19.71,,19.90,19.90,1.0204,1.0204,0.8256,0
86,4,0.00,0.00,0.00,0.00,0.00,0.00,0.00,,19.71,,19.86,19.86,1.0206,1.0206,0.8256,0
86,5,0.00,0.00,0.00,0.00,0.00,0.00,0.00,,19.71,,19.78,19.78,1.0209,1.0209,0.8256,0
86,6,0.00,0.00,0.00,0.00,0.00,0.00,0.00,,19.71,,19.71,19.71,1.0212,1.0212,0.8256,0
86,7,0.00,0.00,0.00,0.00,0.00,0.00,0.00,,19.71,,19.68,19.68,1.0213,1.0213,0.8256,0
86,8,88.30,0.24,0.36,0.30,0.36,0.29,0.42,1440.00,19.71,19.96,22.32,20.34,1.0107,1.0186,0.8256,0
86,9,469.57,0.28,1.89,1.56,1.80,1.49,2.61,1440.00,19.71,21.27,35.18,22.80,0.9593,1.0088,0.8256,0
86,10,725.27,0.28,2.91,2.40,2.69,2.22,4.01,1440.00,19.71,22.11,43.47,24.44,0.9261,1.0022,0.8256,0
86,11,841.63,0.28,3.36,2.77,3.06,2.52,4.73,1440.00,19.71,22.54,48.05,25.60,0.9078,0.9976,0.8256,1
86,12,748.54,0.30,2.99,2.47,2.74,2.26,4.42,1440.00,19.71,22.35,46.08,25.07,0.9157,0.9997,0.8256,1
86,13,777.86,0.29,3.11,2.57,2.84,2.34,4.57,1440.00,19.71,22.44,47.06,25.37,0.9118,0.9985,0.8256,1
86,14,606.42,0.30,2.43,2.01,2.26,1.87,3.70,1440.00,19.71,21.92,41.91,24.35,0.9324,1.0026,0.8256,1
86,15,537.79,0.30,2.16,1.78,2.02,1.67,3.28,1440.00,19.71,21.67,39.67,24.11,0.9413,1.0036,0.8256,1
86,16,246.19,0.36,1.00,0.82,0.96,0.80,1.78,1440.00,19.71,20.78,30.30,21.83,0.9788,1.0127,0.8256,1
86,17,110.32,0.49,0.45,0.37,0.44,0.36,1.08,1440.00,19.71,20.35,25.77,20.66,0.9969,1.0174,0.8256,1
86,18,23.08,1.00,0.09,0.08,0.09,0.08,0.46,1440.00,19.71,19.99,22.83,20.64,1.0087,1.0174,0.8256,0
86,19,0.00,0.00,0.00,0.00,0.00,0.00,0.00,,19.71,,22.09,22.09,1.0116,1.0116,0.8256,0
86,20,0.00,0.00,0.00,0.00,0.00,0.00,0.00,,19.71,,22.08,22.08,1.0117,1.0117,0.8256,0
86,21,0.00,0.00,0.00,0.00,0.00,0.00,0.00,,19.71,,21.70,21.70,1.0132,1.0132,0.8256,0
86,22,0.00,0.00,0.00,0.00,0.00,0.00,0.00,,19.71,,21.52,21.52,1.0139,1.0139,0.8256,0
86,23,0.00,0.00,0.00,0.00,0.00,0.00,0.00,,19.71,,21.26,21.26,1.0150,1.0150,0.8256,0
86,24,0.00,0.00,0.00,0.00,0.00,0.00,0.00,,19.71,,21.22,21.22,1.0151,1.0151,0.8256,0
87,1,0.00,0.00,0.00,0.00,0.00,0.00,0.00,,19.63,,20.99,20.99,1.0160,1.0160,0.8256,0
87,2,0.00,0.00,0.00,0.00,0.00,0.00,0.00,,19.63,,20.53,20.53,1.0179,1.0179,0.8256,0
87,3,0.00,0.00,0.00,0.00,0.00,0.00,0.00,,19.63,,19.97,19.97,1.0201,1.0201,0.8256,0
87,4,0.00,0.00,0.00,0.00,0.00,0.00,0.00,,19.63,,19.88,19.88,1.0205,1.0205,0.8256,0
87,5,0.00,0.00,0.00,0.00,0.00,0.00,0.00,,19.63,,19.79,19.79,1.0208,1.0208,0.8256,0
87,6,0.00,0.00,0.00,0.00,0.00,0.00,0.00,,19.63,,20.01,20.01,1.0200,1.0200,0.8256,0
87,7,0.00,0.00,0.00,0.00,0.00,0.00,0.00,,19.63,,20.04,20.04,1.0198,1.0198,0.8256,0
87,8,80.82,0.30,0.33,0.27,0.33,0.27,0.48,1440.00,19.63,19.92,22.52,20.24,1.0099,1.0190,0.8256,0
87,9,254.69,0.30,1.03,0.85,1.00,0.83,1.52,1440.00,19.63,20.54,28.61,21.39,0.9856,1.0144,0.8256,0
87,10,405.11,0.28,1.64,1.35,1.57,1.29,2.29,1440.00,19.63,21.00,33.38,22.49,0.9665,1.0100,0.8256,0
87,11,554.11,0.29,2.23,1.84,2.10,1.73,3.18,1440.00,19.63,21.53,38.67,23.57,0.9453,1.0057,0.8256,1
87,12,521.59,0.30,2.10,1.73,1.98,1.63,3.09,1440.00,19.63,21.48,38.08,23.40,0.9477,1.0064,0.8256,1
87,13,501.74,0.29,2.02,1.67,1.91,1.58,2.94,1440.00,19.63,21.39,37.30,23.34,0.9508,1.0067,0.8256,1
87,14,560.18,0.29,2.25,1.86,2.11,1.74,3.22,1440.00,19.63,21.56,39.24,23.94,0.9431,1.0042,0.8256,1
87,15,547.09,0.29,2.20,1.81,2.07,1.71,3.17,1440.00,19.63,21.53,38.96,23.90,0.9442,1.0044,0.8256,1
87,16,300.66,0.33,1.22,1.00,1.17,0.97,1.96,1440.00,19.63,20.80,31.37,22.07,0.9745,1.0117,0.8256,1
87,17,165.90,0.38,0.67,0.56,0.66,0.54,1.27,1440.00,19.63,20.39,27.07,21.05,0.9917,1.0158,0.8256,1
87,18,32.57,0.88,0.13,0.11,0.13,0.11,0.57,1440.00,19.63,19.98,22.65,19.93,1.0094,1.0203,0.8256,0
87,19,0.00,0.00,0.00,0.00,0.00,0.00,0.00,,19.63,,21.71,21.71,1.0132,1.0132,0.8256,0
87,20,0.00,0.00,0.00,0.00,0.00,0.00,0.00,,19.63,,21.91,21.91,1.0124,1.0124,0.8256,0
87,21,0.00,0.00,0.00,0.00,0.00,0.00,0.00,,19.63,,21.49,21.49,1.0140,1.0140,0.8256,0
87,22,0.00,0.00,0.00,0.00,0.00,0.00,0.00,,19.63,,21.28,21.28,1.0149,1.0149,0.8256,0
87,23,0.00,0.00,0.00,0.00,0.00,0.00,0.00,,19.63,,20.79,20.79,1.0168,1.0168,0.8256,0
87,24,0.00,0.00,0.00,0.00,0.00,0.00,0.00,,19.63,,20.72,20.72,1.0171,1.0171,0.8256,0
88,1,0.00,0.00,0.00,0.00,0.00,0.00,0.00,,19.55,,20.55,20.55,1.0178,1.0178,0.8256,0
88,2,0.00,0.00,0.00,0.00,0.00,0.00,0.00,,19.55,,19.83,19.83,1.0207,1.0207,0.8256,0
88,3,0.00,0.00,0.00,0.00,0.00,0.00,0.00,,19.55,,19.64,19.64,1.0214,1.0214,0.8256,0
88,4,0.00,0.00,0.00,0.00,0.00,0.00,0.00,,19.55,,19.40,19.40,1.0224,1.0224,0.8256,0
88,5,0.00,0.00,0.00,0.00,0.00,0.00,0.00,,19.55,,18.80,18.80,1.0248,1.0248,0.8256,0
88,6,0.00,0.00,0.00,0.00,0.00,0.00,0.00,,19.55,,18.72,18.72,1.0251,1.0251,0.8256,0
88,7,0.00,0.00,0.00,0.00,0.00,0.00,0.00,,19.55,,18.67,18.67,1.0253,1.0253,0.8256,0
88,8,53.09,0.12,0.22,0.18,0.22,0.18,0.13,1440.00,19.55,19.63,20.52,19.90,1.0179,1.0204,0.8256,0
88,9,490.26,0.27,1.98,1.63,1.88,1.55,2.63,1440.00,19.55,21.12,35.09,22.62,0.9596,1.0095,0.8256,0
88,10,709.28,0.27,2.85,2.35,2.64,2.18,3.84,1440.00,19.55,21.85,42.01,23.77,0.9320,1.0049,0.8256,0
88,11,858.72,0.29,3.45,2.84,3.12,2.58,5.00,1440.00,19.55,22.54,47.99,24.24,0.9081,1.0030,0.8256,1
88,12,909.54,0.31,3.65,3.01,3.26,2.69,5.60,1440.00,19.55,22.90,50.74,24.13,0.8970,1.0035,0.8256,1
88,13,965.67,0.30,3.87,3.19,3.44,2.84,5.87,1440.00,19.55,23.06,52.68,24.78,0.8893,1.0009,0.8256,1
88,14,885.28,0.30,3.54,2.92,3.18,2.63,5.32,1440.00,19.55,22.74,50.33,25.05,0.8987,0.9998,0.8256,1
88,15,686.98,0.30,2.75,2.27,2.54,2.09,4.14,1440.00,19.55,22.03,44.15,24.47,0.9234,1.0021,0.8256,1
88,16,396.45,0.34,1.60,1.32,1.52,1.26,2.71,1440.00,19.55,21.18,35.35,22.46,0.9586,1.0102,0.8256,1
88,17,184.54,0.40,0.75,0.62,0.73,0.60,1.49,1440.00,19.55,20.44,27.94,20.88,0.9883,1.0165,0.8256,1
88,18,33.74,0.80,0.14,0.11,0.14,0.11,0.54,1440.00,19.55,19.88,22.34,19.78,1.0106,1.0209,0.8256,0
88,19,0.00,0.00,0.00,0.00,0.00,0.00,0.00,,19.55,,21.01,21.01,1.0160,1.0160,0.8256,0
88,20,0.00,0.00,0.00,0.00,0.00,0.00,0.00,,19.55,,20.88,20.88,1.0165,1.0165,0.8256,0
88,21,0.00,0.00,0.00,0.00,0.00,0.00,0.00,,19.55,,20.59,20.59,1.0176,1.0176,0.8256,0
88,22,0.00,0.00,0.00,0.00,0.00,0.00,0.00,,19.55,,20.16,20.16,1.0194,1.0194,0.8256,0
88,23,0.00,0.00,0.00,0.00,0.00,0.00,0.00,,19.55,,19.38,19.38,1.0225,1.0225,0.8256,0
88,24,0.00,0.00,0.00,0.00,0.00,0.00,0.00,,19.55,,19.30,19.30,1.0228,1.0228,0.8256,0
89,1,0.00,0.00,0.00,0.00,0.00,0.00,0.00,,19.47,,19.26,19.26,1.0230,1.0230,0.8256,0
89,2,0.00,0.00,0.00,0.00,0.00,0.00,0.00,,19.47,,18.80,18.80,1.0248,1.0248,0.8256,0
89,3,0.00,0.00,0.00,0.00,0.00,0.00,0.00,,19.47,,18.59,18.59,1.0256,1.0256,0.8256,0
89,4,0.00,0.00,0.00,0.00,0.00,0.00,0.00,,19.47,,18.23,18.23,1.0271,1.0271,0.8256,0
89,5,0.00,0.00,0.00,0.00,0.00,0.00,0.00,,19.47,,17.73,17.73,1.0291,1.0291,0.8256,0
89,6,0.00,0.00,0.00,0.00,0.00,0.00,0.00,,19.47,,17.71,17.71,1.0292,1.0292,0.8256,0
89,7,0.00,0.00,0.00,0.00,0.00,0.00,0.00,,19.47,,17.64,17.64,1.0294,1.0294,0.8256,0
89,8,69.75,0.00,0.28,0.24,0.28,0.24,0.00,,19.47,,19.77,19.77,1.0209,1.0209,0.8256,0
89,9,394.20,0.24,1.59,1.32,1.54,1.27,1.87,1440.00,19.47,20.59,31.11,22.22,0.9756,1.0111,0.8256,0
89,10,552.19,0.24,2.22,1.84,2.11,1.74,2.66,1440.00,19.47,21.07,35.97,23.31,0.9561,1.0067,0.8256,0
89,11,624.73,0.26,2.51,2.07,2.36,1.95,3.20,1440.00,19.47,21.39,38.94,23.75,0.9442,1.0050,0.8256,1
89,12,736.30,0.27,2.95,2.44,2.73,2.25,4.04,1440.00,19.47,21.89,43.46,24.28,0.9262,1.0029,0.8256,1
89,13,742.90,0.28,2.98,2.46,2.75,2.27,4.14,1440.00,19.47,21.95,43.86,24.20,0.9246,1.0032,0.8256,1
89,14,756.68,0.28,3.03,2.50,2.79,2.30,4.23,1440.00,19.47,22.00,44.76,24.65,0.9210,1.0014,0.8256,1
89,15,547.72,0.29,2.21,1.82,2.07,1.71,3.20,1440.00,19.47,21.39,38.51,23.31,0.9460,1.0068,0.8256,1
89,16,410.35,0.30,1.66,1.37,1.58,1.30,2.49,1440.00,19.47,20.96,34.33,22.50,0.9627,1.0100,0.8256,1
89,17,235.19,0.34,0.96,0.79,0.93,0.76,1.61,1440.00,19.47,20.43,28.78,21.15,0.9849,1.0154,0.8256,1
89,18,44.09,0.67,0.18,0.15,0.18,0.15,0.59,1440.00,19.47,19.83,22.57,19.76,1.0097,1.0210,0.8256,0
89,19,0.00,0.00,0.00,0.00,0.00,0.00,0.00,,19.47,,21.21,21.21,1.0152,1.0152,0.8256,0
89,20,0.00,0.00,0.00,0.00,0.00,0.00,0.00,,19.47,,21.02,21.02,1.0159,1.0159,0.8256,0
89,21,0.00,0.00,0.00,0.00,0.00,0.00,0.00,,19.47,,20.75,20.75,1.0170,1.0170,0.8256,0
89,22,0.00,0.00,0.00,0.00,0.00,0.00,0.00,,19.47,,20.60,20.60,1.0176,1.0176,0.8256,0
89,23,0.00,0.00,0.00,0.00,0.00,0.00,0.00,,19.47,,19.73,19.73,1.0211,1.0211,0.8256,0
89,24,0.00,0.00,0.00,0.00,0.00,0.00,0.00,,19.47,,19.49,19.49,1.0220,1.0220,0.8256,0
90,1,0.00,0.00,0.00,0.00,0.00,0.00,0.00,,19.39,,19.35,19.35,1.0226,1.0226,0.8256,0
90,2,0.00,0.00,0.00,0.00,0.00,0.00,0.00,,19.39,,18.83,18.83,1.0247,1.0247,0.8256,0
90,3,0.00,0.00,0.00,0.00,0.00,0.00,0.00,,19.39,,18.59,18.59,1.0256,1.0256,0.8256,0
90,4,0.00,0.00,0.00,0.00,0.00,0.00,0.00,,19.39,,18.12,18.12,1.0275,1.0275,0.8256,0
90,5,0.00,0.00,0.00,0.00,0.00,0.00,0.00,,19.39,,17.77,17.77,1.0289,1.0289,0.8256,0
90,6,0.00,0.00,0.00,0.00,0.00,0.00,0.00,,19.39,,17.30,17.30,1.0308,1.0308,0.8256,0
90,7,0.00,0.00,0.00,0.00,0.00,0.00,0.00,,19.39,,17.06,17.06,1.0318,1.0318,0.8256,0
90,8,71.74,0.00,0.29,0.24,0.29,0.24,0.00,,19.39,,18.96,18.96,1.0242,1.0242,0.8256,0
90,9,449.75,0.23,1.82,1.50,1.75,1.44,2.03,1440.00,19.39,20.61,32.12,22.47,0.9715,1.0101,0.8256,0
90,10,647.30,0.24,2.60,2.15,2.45,2.02,3.13,1440.00,19.39,21.26,38.65,23.79,0.9454,1.0048,0.8256,0
90,11,829.62,0.27,3.32,2.74,3.04,2.51,4.49,1440.00,19.39,22.08,46.10,24.76,0.9156,1.0010,0.8256,1
90,12,937.46,0.29,3.75,3.10,3.36,2.77,5.49,1440.00,19.39,22.67,51.03,24.97,0.8959,1.0001,0.8256,1
90,13,937.91,0.31,3.76,3.10,3.35,2.77,5.72,1440.00,19.39,22.81,51.59,24.42,0.8936,1.0023,0.8256,1
90,14,922.51,0.32,3.71,3.06,3.29,2.72,5.90,1440.00,19.39,22.92,51.78,23.74,0.8929,1.0050,0.8256,1
90,15,768.11,0.32,3.09,2.55,2.80,2.31,4.94,1440.00,19.39,22.34,47.03,23.58,0.9119,1.0057,0.8256,1
90,16,533.18,0.33,2.15,1.78,2.01,1.66,3.54,1440.00,19.39,21.51,39.52,22.70,0.9419,1.0092,0.8256,1
90,17,287.54,0.37,1.17,0.96,1.12,0.92,2.14,1440.00,19.39,20.67,31.51,21.35,0.9740,1.0146,0.8256,1
90,18,56.65,0.82,0.23,0.19,0.23,0.19,0.93,1440.00,19.39,19.95,24.24,19.81,1.0030,1.0208,0.8256,0
90,19,0.00,0.00,0.00,0.00,0.00,0.00,0.00,,19.39,,22.46,22.46,1.0102,1.0102,0.8256,0
90,20,0.00,0.00,0.00,0.00,0.00,0.00,0.00,,19.39,,22.52,22.52,1.0099,1.0099,0.8256,0
90,21,0.00,0.00,0.00,0.00,0.00,0.00,0.00,,19.39,,20.88,20.88,1.0165,1.0165,0.8256,0
90,22,0.00,0.00,0.00,0.00,0.00,0.00,0.00,,19.39,,20.58,20.58,1.0177,1.0177,0.8256,0
90,23,0.00,0.00,0.00,0.00,0.00,0.00,0.00,,19.39,,19.74,19.74,1.0210,1.0210,0.8256,0
90,24,0.00,0.00,0.00,0.00,0.00,0.00,0.00,,19.39,,19.71,19.71,1.0212,1.0212,0.8256,0
91,1,0.00,0.00,0.00,0.00,0.00,0.00,0.00,,19.31,,19.66,19.66,1.0214,1.0214,0.8256,0
91,2,0.00,0.00,0.00,0.00,0.00,0.00,0.00,,19.31,,19.04,19.04,1.0238,1.0238,0.8256,0
91,3,0.00,0.00,0.00,0.00,0.00,0.00,0.00,,19.31,,19.11,19.11,1.0236,1.0236,0.8256,0
91,4,0.00,0.00,0.00,0.00,0.00,0.00,0.00,,19.31,,19.04,19.04,1.0238,1.0238,0.8256,0
91,5,0.00,0.00,0.00,0.00,0.00,0.00,0.00,,19.31,,18.97,18.97,1.0241,1.0241,0.8256,0
91,6,0.00,0.00,0.00,0.00,0.00,0.00,0.00,,19.31,,18.90,18.90,1.0244,1.0244,0.8256,0
91,7,0.00,0.00,0.00,0.00,0.00,0.00,0.00,,19.31,,18.83,18.83,1.0247,1.0247,0.8256,0
91,8,50.92,0.13,0.21,0.17,0.21,0.17,0.13,1440.00,19.31,19.39,20.35,19.71,1.0186,1.0212,0.8256,0
91,9,548.57,0.23,2.20,1.82,2.10,1.73,2.53,1440.00,19.31,20.83,35.83,23.82,0.9567,1.0047,0.8256,0
91,10,755.35,0.23,3.01,2.49,2.81,2.32,3.45,1440.00,19.31,21.38,42.21,25.83,0.9311,0.9967,0.8256,0
91,11,568.31,0.22,2.28,1.88,2.17,1.79,2.49,1440.00,19.31,20.80,36.30,24.46,0.9548,1.0022,0.8256,1
91,12,813.82,0.22,3.23,2.67,3.01,2.48,3.55,1440.00,19.31,21.44,43.90,27.02,0.9244,0.9919,0.8256,1
91,13,742.15,0.21,2.95,2.43,2.77,2.29,3.15,1440.00,19.31,21.19,41.59,26.65,0.9336,0.9934,0.8256,1
91,14,357.60,0.19,1.44,1.19,1.40,1.16,1.37,1440.00,19.31,20.13,29.50,23.00,0.9820,1.0080,0.8256,1
91,15,279.68,0.18,1.13,0.93,1.11,0.92,0.99,1440.00,19.31,19.90,27.00,22.32,0.9920,1.0107,0.8256,1
91,16,299.83,0.17,1.21,1.00,1.19,0.98,1.03,1440.00,19.31,19.93,27.56,22.66,0.9898,1.0094,0.8256,1
91,17,56.20,0.00,0.23,0.19,0.23,0.19,0.00,,19.31,,19.88,19.88,1.0205,1.0205,0.8256,1
91,18,5.02,0.00,0.02,0.02,0.02,0.02,0.00,,19.31,,18.21,18.21,1.0272,1.0272,0.8256,0
91,19,0.00,0.00,0.00,0.00,0.00,0.00,0.00,,19.31,,17.51,17.51,1.0300,1.0300,0.8256,0
91,20,0.00,0.00,0.00,0.00,0.00,0.00,0.00,,19.31,,17.25,17.25,1.0310,1.0310,0.8256,0
91,21,0.00,0.00,0.00,0.00,0.00,0.00,0.00,,19.31,,18.18,18.18,1.0273,1.0273,0.8256,0
91,22,0.00,0.00,0.00,0.00,0.00,0.00,0.00,,19.31,,18.09,18.09,1.0276,1.0276,0.8256,0
91,23,0.00,0.00,0.00,0.00,0.00,0.00,0.00,,19.31,,17.54,17.54,1.0298,1.0298,0.8256,0
91,24,0.00,0.00,0.00,0.00,0.00,0.00,0.00,,19.31,,17.03,17.03,1.0319,1.0319,0.8256,0
92,1,0.00,0.00,0.00,0.00,0.00,0.00,0.00,,19.23,,16.61,16.61,1.0336,1.0336,0.8256,0
92,2,0.00,0.00,0.00,0.00,0.00,0.00,0.00,,19.23,,16.42,16.42,1.0343,1.0343,0.8256,0
92,3,0.00,0.00,0.00,0.00,0.00,0.00,0.00,,19.23,,16.19,16.19,1.0352,1.0352,0.8256,0
92,4,0.00,0.00,0.00,0.00,0.00,0.00,0.00,,19.23,,16.20,16.20,1.0352,1.0352,0.8256,0
92,5,0.00,0.00,0.00,0.00,0.00,0.00,0.00,,19.23,,16.19,16.19,1.0352,1.0352,0.8256,0
92,6,0.00,0.00,0.00,0.00,0.00,0.00,0.00,,19.23,,16.22,16.22,1.0351,1.0351,0.8256,0
92,7,0.00,0.00,0.00,0.00,0.00,0.00,0.00,,19.23,,16.38,16.38,1.0345,1.0345,0.8256,0
92,8,63.17,0.00,0.26,0.21,0.26,0.21,0.00,,19.23,,18.58,18.58,1.0257,1.0257,0.8256,0
92,9,403.18,0.19,1.63,1.35,1.58,1.31,1.53,1440.00,19.23,20.15,29.71,22.42,0.9812,1.0103,0.8256,0
92,10,429.83,0.21,1.73,1.43,1.68,1.38,1.76,1440.00,19.23,20.29,31.30,22.93,0.9748,1.0083,0.8256,0
92,11,459.59,0.22,1.85,1.53,1.78,1.47,2.00,1440.00,19.23,20.43,32.83,23.34,0.9687,1.0067,0.8256,1
92,12,451.62,0.23,1.82,1.50,1.75,1.44,2.07,1440.00,19.23,20.47,33.12,23.29,0.9675,1.0068,0.8256,1
92,13,623.29,0.24,2.50,2.06,2.35,1.94,3.05,1440.00,19.23,21.05,39.10,24.63,0.9436,1.0015,0.8256,1
92,14,556.82,0.25,2.24,1.85,2.12,1.75,2.81,1440.00,19.23,20.91,37.18,23.85,0.9513,1.0046,0.8256,1
92,15,387.34,0.26,1.57,1.29,1.51,1.24,2.01,1440.00,19.23,20.43,31.88,22.34,0.9725,1.0107,0.8256,1
92,16,251.16,0.25,1.02,0.84,1.00,0.82,1.28,1440.00,19.23,20.00,27.25,21.17,0.9910,1.0153,0.8256,1
92,17,146.84,0.28,0.60,0.49,0.59,0.49,0.82,1440.00,19.23,19.72,24.21,20.32,1.0032,1.0187,0.8256,1
92,18,30.51,0.42,0.12,0.10,0.12,0.10,0.25,1440.00,19.23,19.38,20.66,19.46,1.0173,1.0222,0.8256,0
92,19,0.00,0.00,0.00,0.00,0.00,0.00,0.00,,19.23,,19.59,19.59,1.0216,1.0216,0.8256,0
92,20,0.00,0.00,0.00,0.00,0.00,0.00,0.00,,19.23,,19.48,19.48,1.0221,1.0221,0.8256,0
92,21,0.00,0.00,0.00,0.00,0.00,0.00,0.00,,19.23,,18.67,18.67,1.0253,1.0253,0.8256,0
92,22,0.00,0.00,0.00,0.00,0.00,0.00,0.00,,19.23,,18.37,18.37,1.0265,1.0265,0.8256,0
92,23,0.00,0.00,0.00,0.00,0.00,0.00,0.00,,19.23,,18.12,18.12,1.0275,1.0275,0.8256,0
92,24,0.00,0.00,0.00,0.00,0.00,0.00,0.00,,19.23,,18.18,18.18,1.0273,1.0273,0.8256,0
93,1,0.00,0.00,0.00,0.00,0.00,0.00,0.00,,19.15,,17.66,17.66,1.0294,1.0294,0.8256,0
93,2,0.00,0.00,0.00,0.00,0.00,0.00,0.00,,19.15,,18.12,18.12,1.0275,1.0275,0.8256,0
93,3,0.00,0.00,0.00,0.00,0.00,0.00,0.00,,19.15,,18.36,18.36,1.0266,1.0266,0.8256,0
93,4,0.00,0.00,0.00,0.00,0.00,0.00,0.00,,19.15,,18.45,18.45,1.0262,1.0262,0.8256,0
93,5,0.00,0.00,0.00,0.00,0.00,0.00,0.00,,19.15,,18.50,18.50,1.0260,1.0260,0.8256,0
93,6,0.00,0.00,0.00,0.00,0.00,0.00,0.00,,19.15,,18.57,18.57,1.0257,1.0257,0.8256,0
93,7,0.00,0.00,0.00,0.00,0.00,0.00,0.00,,19.15,,18.27,18.27,1.0269,1.0269,0.8256,0
93,8,55.93,0.12,0.23,0.19,0.23,0.19,0.14,1440.00,19.15,19.23,20.09,19.45,1.0196,1.0222,0.8256,0
93,9,236.34,0.22,0.96,0.80,0.94,0.78,1.03,1440.00,19.15,19.77,25.24,20.34,0.9991,1.0186,0.8256,0
93,10,291.64,0.23,1.19,0.98,1.16,0.96,1.34,1440.00,19.15,19.95,27.09,20.73,0.9916,1.0171,0.8256,0
93,11,344.01,0.24,1.40,1.15,1.35,1.12,1.68,1440.00,19.15,20.16,28.89,20.92,0.9844,1.0163,0.8256,1
93,12,493.62,0.27,2.00,1.65,1.90,1.57,2.63,1440.00,19.15,20.72,34.33,21.85,0.9627,1.0126,0.8256,1
93,13,507.18,0.27,2.05,1.69,1.95,1.61,2.71,1440.00,19.15,20.77,35.23,22.38,0.9591,1.0105,0.8256,1
93,14,531.39,0.27,2.14,1.77,2.03,1.67,2.82,1440.00,19.15,20.84,36.46,23.05,0.9542,1.0078,0.8256,1
93,15,541.34,0.25,2.18,1.80,2.07,1.71,2.75,1440.00,19.15,20.80,36.56,23.49,0.9538,1.0060,0.8256,1
93,16,325.97,0.27,1.32,1.09,1.28,1.05,1.74,1440.00,19.15,20.19,30.35,22.08,0.9786,1.0117,0.8256,1
93,17,179.79,0.32,0.73,0.60,0.72,0.59,1.14,1440.00,19.15,19.83,26.16,20.77,0.9954,1.0169,0.8256,1
93,18,39.78,0.66,0.16,0.13,0.16,0.13,0.52,1440.00,19.15,19.47,22.00,19.52,1.0120,1.0219,0.8256,0
93,19,0.00,0.00,0.00,0.00,0.00,0.00,0.00,,19.15,,20.58,20.58,1.0177,1.0177,0.8256,0
93,20,0.00,0.00,0.00,0.00,0.00,0.00,0.00,,19.15,,20.54,20.54,1.0178,1.0178,0.8256,0
93,21,0.00,0.00,0.00,0.00,0.00,0.00,0.00,,19.15,,20.78,20.78,1.0169,1.0169,0.8256,0
93,22,0.00,0.00,0.00,0.00,0.00,0.00,0.00,,19.15,,20.44,20.44,1.0182,1.0182,0.8256,0
93,23,0.00,0.00,0.00,0.00,0.00,0.00,0.00,,19.15,,20.09,20.09,1.0196,1.0196,0.8256,0
93,24,0.00,0.00,0.00,0.00,0.00,0.00,0.00,,19.15,,19.77,19.77,1.0209,1.0209,0.8256,0
94,1,0.00,0.00,0.00,0.00,0.00,0.00,0.00,,19.07,,19.76,19.76,1.0210,1.0210,0.8256,0
94,2,0.00,0.00,0.00,0.00,0.00,0.00,0.00,,19.07,,19.49,19.49,1.0220,1.0220,0.8256,0
94,3,0.00,0.00,0.00,0.00,0.00,0.00,0.00,,19.07,,19.21,19.21,1.0232,1.0232,0.8256,0
94,4,0.00,0.00,0.00,0.00,0.00,0.00,0.00,,19.07,,19.52,19.52,1.0219,1.0219,0.8256,0
94,5,0.00,0.00,0.00,0.00,0.00,0.00,0.00,,19.07,,19.49,19.49,1.0220,1.0220,0.8256,0
94,6,0.00,0.00,0.00,0.00,0.00,0.00,0.00,,19.07,,19.09,19.09,1.0236,1.0236,0.8256,0
94,7,0.00,0.00,0.00,0.00,0.00,0.00,0.00,,19.07,,18.42,18.42,1.0263,1.0263,0.8256,0
94,8,61.80,0.11,0.25,0.21,0.25,0.21,0.14,1440.00,19.07,19.15,20.17,19.52,1.0193,1.0219,0.8256,0
94,9,423.23,0.27,1.71,1.42,1.64,1.35,2.30,1440.00,19.07,20.45,32.70,21.77,0.9692,1.0129,0.8256,0
94,10,525.78,0.28,2.13,1.76,2.01,1.66,2.95,1440.00,19.07,20.83,36.31,22.30,0.9548,1.0108,0.8256,0
94,11,672.80,0.28,2.71,2.24,2.52,2.08,3.78,1440.00,19.07,21.33,41.17,23.21,0.9353,1.0072,0.8256,1
94,12,526.42,0.28,2.13,1.76,2.01,1.66,2.99,1440.00,19.07,20.86,36.61,22.39,0.9536,1.0104,0.8256,1
94,13,587.78,0.28,2.37,1.96,2.22,1.83,3.31,1440.00,19.07,21.05,38.72,23.00,0.9451,1.0080,0.8256,1
94,14,511.74,0.29,2.07,1.71,1.95,1.61,2.96,1440.00,19.07,20.84,36.51,22.46,0.9540,1.0101,0.8256,1
94,15,479.21,0.29,1.94,1.60,1.84,1.52,2.74,1440.00,19.07,20.71,35.25,22.25,0.9590,1.0110,0.8256,1
94,16,337.28,0.30,1.37,1.13,1.32,1.09,1.99,1440.00,19.07,20.26,30.94,21.47,0.9762,1.0141,0.8256,1
94,17,214.34,0.32,0.87,0.72,0.85,0.70,1.37,1440.00,19.07,19.89,27.26,20.74,0.9910,1.0170,0.8256,1
94,18,42.98,0.51,0.18,0.15,0.17,0.14,0.44,1440.00,19.07,19.33,21.51,19.42,1.0139,1.0223,0.8256,0
94,19,0.00,0.00,0.00,0.00,0.00,0.00,0.00,,19.07,,19.65,19.65,1.0214,1.0214,0.8256,0
94,20,0.00,0.00,0.00,0.00,0.00,0.00,0.00,,19.07,,19.18,19.18,1.0233,1.0233,0.8256,0
94,21,0.00,0.00,0.00,0.00,0.00,0.00,0.00,,19.07,,20.23,20.23,1.0191,1.0191,0.8256,0
94,22,0.00,0.00,0.00,0.00,0.00,0.00,0.00,,19.07,,20.63,20.63,1.0175,1.0175,0.8256,0
94,23,0.00,0.00,0.00,0.00,0.00,0.00,0.00,,19.07,,20.17,20.17,1.0193,1.0193,0.8256,0
94,24,0.00,0.00,0.00,0.00,0.00,0.00,0.00,,19.07,,19.64,19.64,1.0214,1.0214,0.8256,0
95,1,0.00,0.00,0.00,0.00,0.00,0.00,0.00,,18.99,,19.28,19.28,1.0229,1.0229,0.8256,0
95,2,0.00,0.00,0.00,0.00,0.00,0.00,0.00,,18.99,,18.99,18.99,1.0240,1.0240,0.8256,0
95,3,0.00,0.00,0.00,0.00,0.00,0.00,0.00,,18.99,,18.82,18.82,1.0247,1.0247,0.8256,0
95,4,0.00,0.00,0.00,0.00,0.00,0.00,0.00,,18.99,,18.65,18.65,1.0254,1.0254,0.8256,0
95,5,0.00,0.00,0.00,0.00,0.00,0.00,0.00,,18.99,,18.48,18.48,1.0261,1.0261,0.8256,0
95,6,0.00,0.00,0.00,0.00,0.00,0.00,0.00,,18.99,,18.33,18.33,1.0267,1.0267,0.8256,0
95,7,0.00,0.00,0.00,0.00,0.00,0.00,0.00,,18.99,,18.39,18.39,1.0264,1.0264,0.8256,0
95,8,69.18,0.18,0.28,0.23,0.28,0.23,0.25,1440.00,18.99,19.14,20.75,19.54,1.0170,1.0218,0.8256,0
95,9,358.27,0.27,1.45,1.20,1.40,1.16,1.90,1440.00,18.99,20.12,30.64,21.61,0.9775,1.0135,0.8256,0
95,10,607.19,0.26,2.44,2.02,2.29,1.89,3.19,1440.00,18.99,20.89,38.89,23.76,0.9444,1.0050,0.8256,0
95,11,740.41,0.25,2.96,2.44,2.75,2.27,3.77,1440.00,18.99,21.24,43.14,25.24,0.9274,0.9990,0.8256,1
95,12,875.51,0.26,3.48,2.87,3.18,2.63,4.48,1440.00,18.99,21.67,47.90,26.61,0.9084,0.9935,0.8256,1
95,13,778.32,0.26,3.10,2.56,2.86,2.36,4.10,1440.00,18.99,21.44,45.30,25.85,0.9188,0.9966,0.8256,1
95,14,734.28,0.27,2.93,2.42,2.71,2.24,3.96,1440.00,18.99,21.36,44.21,25.38,0.9232,0.9985,0.8256,1
95,15,679.16,0.28,2.72,2.25,2.52,2.08,3.78,1440.00,18.99,21.25,42.70,24.76,0.9292,1.0010,0.8256,1
95,16,482.46,0.30,1.95,1.61,1.84,1.52,2.88,1440.00,18.99,20.71,36.62,22.96,0.9535,1.0082,0.8256,1
95,17,220.56,0.36,0.90,0.74,0.87,0.72,1.60,1440.00,18.99,19.95,28.39,20.78,0.9864,1.0169,0.8256,1
95,18,38.13,0.86,0.16,0.13,0.15,0.13,0.65,1440.00,18.99,19.38,22.39,19.29,1.0104,1.0228,0.8256,0
95,19,0.00,0.00,0.00,0.00,0.00,0.00,0.00,,18.99,,20.77,20.77,1.0169,1.0169,0.8256,0
95,20,0.00,0.00,0.00,0.00,0.00,0.00,0.00,,18.99,,20.34,20.34,1.0186,1.0186,0.8256,0
95,21,0.00,0.00,0.00,0.00,0.00,0.00,0.00,,18.99,,20.60,20.60,1.0176,1.0176,0.8256,0
95,22,0.00,0.00,0.00,0.00,0.00,0.00,0.00,,18.99,,20.37,20.37,1.0185,1.0185,0.8256,0
95,23,0.00,0.00,0.00,0.00,0.00,0.00,0.00,,18.99,,19.90,19.90,1.0204,1.0204,0.8256,0
95,24,0.00,0.00,0.00,0.00,0.00,0.00,0.00,,18.99,,19.64,19.64,1.0214,1.0214,0.8256,0
96,1,0.00,0.00,0.00,0.00,0.00,0.00,0.00,,18.91,,19.72,19.72,1.0211,1.0211,0.8256,0
96,2,0.00,0.00,0.00,0.00,0.00,0.00,0.00,,18.91,,19.49,19.49,1.0220,1.0220,0.8256,0
96,3,0.00,0.00,0.00,0.00,0.00,0.00,0.00,,18.91,,19.22,19.22,1.0231,1.0231,0.8256,0
96,4,0.00,0.00,0.00,0.00,0.00,0.00,0.00,,18.91,,18.77,18.77,1.0249,1.0249,0.8256,0
96,5,0.00,0.00,0.00,0.00,0.00,0.00,0.00,,18.91,,18.56,18.56,1.0258,1.0258,0.8256,0
96,6,0.00,0.00,0.00,0.00,0.00,0.00,0.00,,18.91,,18.45,18.45,1.0262,1.0262,0.8256,0
96,7,0.00,0.00,0.00,0.00,0.00,0.00,0.00,,18.91,,18.33,18.33,1.0267,1.0267,0.8256,0
96,8,86.45,0.22,0.35,0.29,0.35,0.29,0.38,1440.00,18.91,19.14,21.24,19.42,1.0150,1.0223,0.8256,0
96,9,374.09,0.28,1.52,1.25,1.46,1.21,2.10,1440.00,18.91,20.16,31.09,21.13,0.9756,1.0155,0.8256,0
96,10,440.26,0.29,1.79,1.47,1.70,1.40,2.57,1440.00,18.91,20.44,33.76,21.57,0.9650,1.0137,0.8256,0
96,11,556.98,0.30,2.25,1.86,2.11,1.75,3.33,1440.00,18.91,20.90,37.81,21.98,0.9488,1.0121,0.8256,1
96,12,642.71,0.30,2.60,2.15,2.41,1.99,3.88,1440.00,18.91,21.23,40.74,22.31,0.9370,1.0107,0.8256,1
96,13,506.44,0.32,2.05,1.70,1.93,1.59,3.24,1440.00,18.91,20.84,36.97,21.59,0.9521,1.0136,0.8256,1
96,14,527.88,0.32,2.14,1.77,2.00,1.65,3.38,1440.00,18.91,20.92,37.80,21.76,0.9488,1.0129,0.8256,1
96,15,400.25,0.34,1.63,1.34,1.54,1.27,2.70,1440.00,18.91,20.52,33.99,21.18,0.9640,1.0153,0.8256,1
96,16,297.38,0.36,1.21,1.00,1.16,0.96,2.14,1440.00,18.91,20.18,30.84,20.69,0.9766,1.0172,0.8256,1
96,17,137.21,0.46,0.56,0.46,0.55,0.45,1.27,1440.00,18.91,19.67,25.80,19.77,0.9968,1.0209,0.8256,1
96,18,24.03,1.00,0.10,0.08,0.10,0.08,0.48,1440.00,18.91,19.19,22.05,19.77,1.0118,1.0209,0.8256,0
96,19,0.00,0.00,0.00,0.00,0.00,0.00,0.00,,18.91,,20.89,20.89,1.0164,1.0164,0.8256,0
96,20,0.00,0.00,0.00,0.00,0.00,0.00,0.00,,18.91,,20.54,20.54,1.0178,1.0178,0.8256,0
96,21,0.00,0.00,0.00,0.00,0.00,0.00,0.00,,18.91,,20.31,20.31,1.0188,1.0188,0.8256,0
96,22,0.00,0.00,0.00,0.00,0.00,0.00,0.00,,18.91,,20.11,20.11,1.0196,1.0196,0.8256,0
96,23,0.00,0.00,0.00,0.00,0.00,0.00,0.00,,18.91,,19.95,19.95,1.0202,1.0202,0.8256,0
96,24,0.00,0.00,0.00,0.00,0.00,0.00,0.00,,18.91,,19.78,19.78,1.0209,1.0209,0.8256,0
97,1,0.00,0.00,0.00,0.00,0.00,0.00,0.00,,18.82,,19.55,19.55,1.0218,1.0218,0.8256,0
97,2,0.00,0.00,0.00,0.00,0.00,0.00,0.00,,18.82,,19.30,19.30,1.0228,1.0228,0.8256,0
97,3,0.00,0.00,0.00,0.00,0.00,0.00,0.00,,18.82,,19.10,19.10,1.0236,1.0236,0.8256,0
97,4,0.00,0.00,0.00,0.00,0.00,0.00,0.00,,18.82,,18.69,18.69,1.0252,1.0252,0.8256,0
97,5,0.00,0.00,0.00,0.00,0.00,0.00,0.00,,18.82,,18.43,18.43,1.0263,1.0263,0.8256,0
97,6,0.00,0.00,0.00,0.00,0.00,0.00,0.00,,18.82,,18.53,18.53,1.0259,1.0259,0.8256,0
97,7,0.00,0.00,0.00,0.00,0.00,0.00,0.00,,18.82,,18.00,18.00,1.0280,1.0280,0.8256,0
97,8,64.83,0.20,0.27,0.22,0.26,0.22,0.26,1440.00,18.82,18.98,20.65,19.41,1.0174,1.0223,0.8256,0
97,9,268.57,0.25,1.09,0.90,1.06,0.88,1.37,1440.00,18.82,19.64,27.76,21.28,0.9889,1.0149,0.8256,0
97,10,298.19,0.26,1.21,1.00,1.17,0.97,1.53,1440.00,18.82,19.74,28.76,21.49,0.9850,1.0141,0.8256,0
97,11,277.48,0.26,1.13,0.93,1.10,0.91,1.42,1440.00,18.82,19.68,27.85,21.09,0.9886,1.0156,0.8256,1
97,12,349.35,0.26,1.42,1.17,1.37,1.13,1.85,1440.00,18.82,19.93,30.14,21.37,0.9795,1.0145,0.8256,1
97,13,352.93,0.26,1.43,1.18,1.38,1.14,1.85,1440.00,18.82,19.93,30.74,21.96,0.9770,1.0122,0.8256,1
97,14,496.10,0.26,2.00,1.65,1.90,1.57,2.57,1440.00,18.82,20.36,35.86,23.65,0.9565,1.0054,0.8256,1
97,15,506.01,0.29,2.04,1.68,1.92,1.59,2.91,1440.00,18.82,20.57,37.33,23.50,0.9507,1.0060,0.8256,1
97,16,401.42,0.33,1.62,1.34,1.54,1.27,2.66,1440.00,18.82,20.41,35.05,22.43,0.9598,1.0103,0.8256,1
97,17,224.55,0.41,0.91,0.75,0.88,0.73,1.86,1440.00,18.82,19.94,29.70,20.86,0.9812,1.0165,0.8256,1
97,18,25.09,1.00,0.10,0.08,0.10,0.08,0.50,1440.00,18.82,19.12,22.93,20.55,1.0083,1.0178,0.8256,0
97,19,0.00,0.00,0.00,0.00,0.00,0.00,0.00,,18.82,,21.62,21.62,1.0135,1.0135,0.8256,0
97,20,0.00,0.00,0.00,0.00,0.00,0.00,0.00,,18.82,,21.47,21.47,1.0141,1.0141,0.8256,0
97,21,0.00,0.00,0.00,0.00,0.00,0.00,0.00,,18.82,,21.33,21.33,1.0147,1.0147,0.8256,0
97,22,0.00,0.00,0.00,0.00,0.00,0.00,0.00,,18.82,,20.47,20.47,1.0181,1.0181,0.8256,0
97,23,0.00,0.00,0.00,0.00,0.00,0.00,0.00,,18.82,,19.95,19.95,1.0202,1.0202,0.8256,0
97,24,0.00,0.00,0.00,0.00,0.00,0.00,0.00,,18.82,,19.50,19.50,1.0220,1.0220,0.8256,0
98,1,0.00,0.00,0.00,0.00,0.00,0.00,0.00,,18.74,,18.83,18.83,1.0247,1.0247,0.8256,0
98,2,0.00,0.00,0.00,0.00,0.00,0.00,0.00,,18.74,,18.43,18.43,1.0263,1.0263,0.8256,0
98,3,0.00,0.00,0.00,0.00,0.00,0.00,0.00,,18.74,,18.14,18.14,1.0274,1.0274,0.8256,0
98,4,0.00,0.00,0.00,0.00,0.00,0.00,0.00,,18.74,,17.86,17.86,1.0286,1.0286,0.8256,0
98,5,0.00,0.00,0.00,0.00,0.00,0.00,0.00,,18.74,,17.52,17.52,1.0299,1.0299,0.8256,0
98,6,0.00,0.00,0.00,0.00,0.00,0.00,0.00,,18.74,,17.30,17.30,1.0308,1.0308,0.8256,0
98,7,0.00,0.00,0.00,0.00,0.00,0.00,0.00,,18.74,,17.25,17.25,1.0310,1.0310,0.8256,0
98,8,64.78,0.00,0.27,0.22,0.27,0.22,0.00,,18.74,,19.32,19.32,1.0227,1.0227,0.8256,0
98,9,464.07,0.21,1.87,1.54,1.80,1.49,1.94,1440.00,18.74,19.90,32.63,23.43,0.9695,1.0063,0.8256,0
98,10,725.26,0.22,2.89,2.38,2.71,2.23,3.24,1440.00,18.74,20.68,41.71,26.34,0.9331,0.9947,0.8256,0
98,11,894.14,0.23,3.53,2.91,3.25,2.68,4.11,1440.00,18.74,21.20,47.95,28.44,0.9082,0.9863,0.8256,1
98,12,900.46,0.24,3.55,2.93,3.26,2.69,4.26,1440.00,18.74,21.29,49.01,28.79,0.9040,0.9848,0.8256,1
98,13,858.94,0.26,3.40,2.80,3.11,2.57,4.39,1440.00,18.74,21.36,48.74,27.92,0.9050,0.9883,0.8256,1
98,14,716.27,0.28,2.85,2.35,2.63,2.18,3.97,1440.00,18.74,21.12,45.11,26.24,0.9195,0.9950,0.8256,1
98,15,507.15,0.30,2.03,1.68,1.92,1.58,3.06,1440.00,18.74,20.57,38.89,24.35,0.9444,1.0026,0.8256,1
98,16,434.96,0.31,1.75,1.44,1.66,1.37,2.70,1440.00,18.74,20.36,36.58,23.74,0.9537,1.0051,0.8256,1
98,17,184.20,0.44,0.75,0.62,0.73,0.60,1.62,1440.00,18.74,19.71,28.60,20.93,0.9856,1.0163,0.8256,1
98,18,31.79,1.00,0.13,0.11,0.13,0.11,0.64,1440.00,18.74,19.12,23.17,20.15,1.0073,1.0194,0.8256,0
98,19,0.00,0.00,0.00,0.00,0.00,0.00,0.00,,18.74,,21.13,21.13,1.0155,1.0155,0.8256,0
98,20,0.00,0.00,0.00,0.00,0.00,0.00,0.00,,18.74,,20.18,20.18,1.0193,1.0193,0.8256,0
98,21,0.00,0.00,0.00,0.00,0.00,0.00,0.00,,18.74,,19.15,19.15,1.0234,1.0234,0.8256,0
98,22,0.00,0.00,0.00,0.00,0.00,0.00,0.00,,18.74,,18.67,18.67,1.0253,1.0253,0.8256,0
98,23,0.00,0.00,0.00,0.00,0.00,0.00,0.00,,18.74,,18.26,18.26,1.0270,1.0270,0.8256,0
98,24,0.00,0.00,0.00,0.00,0.00,0.00,0.00,,18.74,,17.87,17.87,1.0285,1.0285,0.8256,0
99,1,0.00,0.00,0.00,0.00,0.00,0.00,0.00,,18.66,,17.53,17.53,1.0299,1.0299,0.8256,0
99,2,0.00,0.00,0.00,0.00,0.00,0.00,0.00,,18.66,,17.29,17.29,1.0308,1.0308,0.8256,0
99,3,0.00,0.00,0.00,0.00,0.00,0.00,0.00,,18.66,,17.02,17.02,1.0319,1.0319,0.8256,0
99,4,0.00,0.00,0.00,0.00,0.00,0.00,0.00,,18.66,,16.67,16.67,1.0333,1.0333,0.8256,0
99,5,0.00,0.00,0.00,0.00,0.00,0.00,0.00,,18.66,,16.32,16.32,1.0347,1.0347,0.8256,0
99,6,0.00,0.00,0.00,0.00,0.00,0.00,0.00,,18.66,,15.98,15.98,1.0361,1.0361,0.8256,0
99,7,0.00,0.00,0.00,0.00,0.00,0.00,0.00,,18.66,,15.69,15.69,1.0372,1.0372,0.8256,0
99,8,47.79,0.00,0.20,0.16,0.20,0.16,0.00,,18.66,,17.10,17.10,1.0316,1.0316,0.8256,0
99,9,535.36,0.18,2.14,1.77,2.07,1.71,1.92,1440.00,18.66,19.81,33.74,24.60,0.9650,1.0016,0.8256,0
99,10,758.33,0.19,3.00,2.48,2.84,2.35,2.82,1440.00,18.66,20.34,40.74,27.37,0.9370,0.9905,0.8256,0
99,11,922.77,0.19,3.63,2.99,3.38,2.79,3.58,1440.00,18.66,20.80,46.33,29.31,0.9147,0.9828,0.8256,1
99,12,969.49,0.21,3.81,3.15,3.51,2.90,4.05,1440.00,18.66,21.08,48.47,29.22,0.9061,0.9831,0.8256,1
99,13,878.71,0.22,3.47,2.87,3.21,2.65,3.89,1440.00,18.66,20.98,46.38,27.91,0.9145,0.9884,0.8256,1
99,14,851.20,0.23,3.37,2.78,3.12,2.58,3.85,1440.00,18.66,20.96,45.90,27.62,0.9164,0.9895,0.8256,1
99,15,700.33,0.23,2.79,2.30,2.62,2.16,3.20,1440.00,18.66,20.57,41.21,26.03,0.9352,0.9959,0.8256,1
99,16,474.19,0.23,1.91,1.57,1.83,1.51,2.15,1440.00,18.66,19.95,33.97,23.75,0.9641,1.0050,0.8256,1
99,17,167.17,0.23,0.68,0.56,0.67,0.55,0.77,1440.00,18.66,19.12,24.16,20.51,1.0033,1.0180,0.8256,1
99,18,27.33,0.09,0.11,0.09,0.11,0.09,0.05,1440.00,18.66,18.69,19.21,18.97,1.0231,1.0241,0.8256,0
99,19,0.00,0.00,0.00,0.00,0.00,0.00,0.00,,18.66,,17.45,17.45,1.0302,1.0302,0.8256,0
99,20,0.00,0.00,0.00,0.00,0.00,0.00,0.00,,18.66,,16.86,16.86,1.0326,1.0326,0.8256,0
99,21,0.00,0.00,0.00,0.00,0.00,0.00,0.00,,18.66,,16.65,16.65,1.0334,1.0334,0.8256,0
99,22,0.00,0.00,0.00,0.00,0.00,0.00,0.00,,18.66,,16.09,16.09,1.0356,1.0356,0.8256,0
99,23,0.00,0.00,0.00,0.00,0.00,0.00,0.00,,18.66,,15.70,15.70,1.0372,1.0372,0.8256,0
99,24,0.00,0.00,0.00,0.00,0.00,0.00,0.00,,18.66,,15.30,15.30,1.0388,1.0388,0.8256,0
100,1,0.00,0.00,0.00,0.00,0.00,0.00,0.00,,18.58,,14.94,14.94,1.0402,1.0402,0.8256,0
100,2,0.00,0.00,0.00,0.00,0.00,0.00,0.00,,18.58,,14.67,14.67,1.0413,1.0413,0.8256,0
100,3,0.00,0.00,0.00,0.00,0.00,0.00,0.00,,18.58,,14.36,14.36,1.0426,1.0426,0.8256,0
100,4,0.00,0.00,0.00,0.00,0.00,0.00,0.00,,18.58,,14.03,14.03,1.0439,1.0439,0.8256,0
100,5,0.00,0.00,0.00,0.00,0.00,0.00,0.00,,18.58,,13.75,13.75,1.0450,1.0450,0.8256,0
100,6,0.00,0.00,0.00,0.00,0.00,0.00,0.00,,18.58,,13.49,13.49,1.0460,1.0460,0.8256,0
100,7,0.00,0.00,0.00,0.00,0.00,0.00,0.00,,18.58,,13.22,13.22,1.0471,1.0471,0.8256,0
100,8,54.04,0.00,0.22,0.19,0.22,0.19,0.00,,18.58,,15.11,15.11,1.0396,1.0396,0.8256,0
100,9,552.70,0.15,2.22,1.83,2.15,1.78,1.66,1440.00,18.58,19.57,31.77,23.89,0.9729,1.0044,0.8256,0
100,10,767.66,0.18,3.06,2.53,2.89,2.39,2.83,1440.00,18.58,20.27,39.30,25.84,0.9428,0.9967,0.8256,0
100,11,909.06,0.21,3.61,2.98,3.35,2.77,3.74,1440.00,18.58,20.81,44.65,26.88,0.9214,0.9925,0.8256,1
100,12,938.12,0.22,3.73,3.08,3.43,2.83,4.13,1440.00,18.58,21.04,46.30,26.70,0.9148,0.9932,0.8256,1
100,13,959.59,0.23,3.82,3.15,3.49,2.88,4.50,1440.00,18.58,21.26,47.67,26.32,0.9093,0.9947,0.8256,1
100,14,778.49,0.24,3.12,2.58,2.89,2.39,3.81,1440.00,18.58,20.85,42.62,24.53,0.9295,1.0019,0.8256,1
100,15,635.22,0.26,2.56,2.11,2.40,1.98,3.24,1440.00,18.58,20.51,38.79,23.40,0.9448,1.0064,0.8256,1
100,16,382.96,0.28,1.55,1.28,1.49,1.23,2.14,1440.00,18.58,19.85,31.48,21.32,0.9741,1.0147,0.8256,1
100,17,212.34,0.30,0.87,0.71,0.85,0.70,1.29,1440.00,18.58,19.35,26.22,20.10,0.9951,1.0196,0.8256,1
100,18,28.62,0.40,0.12,0.10,0.12,0.10,0.23,1440.00,18.58,18.71,19.87,18.80,1.0205,1.0248,0.8256,0
100,19,0.00,0.00,0.00,0.00,0.00,0.00,0.00,,18.58,,17.60,17.60,1.0296,1.0296,0.8256,0
100,20,0.00,0.00,0.00,0.00,0.00,0.00,0.00,,18.58,,16.47,16.47,1.0341,1.0341,0.8256,0
100,21,0.00,0.00,0.00,0.00,0.00,0.00,0.00,,18.58,,16.05,16.05,1.0358,1.0358,0.8256,0
100,22,0.00,0.00,0.00,0.00,0.00,0.00,0.00,,18.58,,15.30,15.30,1.0388,1.0388,0.8256,0
100,23,0.00,0.00,0.00,0.00,0.00,0.00,0.00,,18.58,,14.76,14.76,1.0410,1.0410,0.8256,0
100,24,0.00,0.00,0.00,0.00,0.00,0.00,0.00,,18.58,,14.34,14.34,1.0426,1.0426,0.8256,0
101,1,0.00,0.00,0.00,0.00,0.00,0.00,0.00,,18.49,,13.99,13.99,1.0440,1.0440,0.8256,0
101,2,0.00,0.00,0.00,0.00,0.00,0.00,0.00,,18.49,,13.74,13.74,1.0450,1.0450,0.8256,0
101,3,0.00,0.00,0.00,0.00,0.00,0.00,0.00,,18.49,,13.42,13.42,1.0463,1.0463,0.8256,0
101,4,0.00,0.00,0.00,0.00,0.00,0.00,0.00,,18.49,,13.19,13.19,1.0472,1.0472,0.8256,0
101,5,0.00,0.00,0.00,0.00,0.00,0.00,0.00,,18.49,,12.92,12.92,1.0483,1.0483,0.8256,0
101,6,0.00,0.00,0.00,0.00,0.00,0.00,0.00,,18.49,,12.79,12.79,1.0488,1.0488,0.8256,0
101,7,0.00,0.00,0.00,0.00,0.00,0.00,0.00,,18.49,,12.68,12.68,1.0493,1.0493,0.8256,0
101,8,49.97,0.00,0.21,0.17,0.21,0.17,0.00,,18.49,,14.60,14.60,1.0416,1.0416,0.8256,0
101,9,535.13,0.16,2.16,1.78,2.09,1.72,1.72,1440.00,18.49,19.52,31.22,23.07,0.9751,1.0077,0.8256,0
101,10,689.44,0.19,2.76,2.28,2.62,2.16,2.68,1440.00,18.49,20.09,37.34,24.61,0.9507,1.0016,0.8256,0
101,11,819.29,0.22,3.27,2.70,3.04,2.51,3.60,1440.00,18.49,20.65,42.83,25.72,0.9287,0.9971,0.8256,1
101,12,901.20,0.24,3.59,2.96,3.29,2.72,4.30,1440.00,18.49,21.06,46.57,26.15,0.9137,0.9954,0.8256,1
101,13,866.35,0.25,3.45,2.85,3.17,2.61,4.29,1440.00,18.49,21.06,46.52,26.13,0.9139,0.9955,0.8256,1
101,14,393.68,0.27,1.59,1.31,1.53,1.26,2.16,1440.00,18.49,19.78,32.52,22.28,0.9699,1.0109,0.8256,1
101,15,355.69,0.28,1.44,1.19,1.39,1.14,2.02,1440.00,18.49,19.70,31.53,21.93,0.9739,1.0123,0.8256,1
101,16,309.32,0.28,1.25,1.04,1.21,1.00,1.74,1440.00,18.49,19.53,29.78,21.52,0.9809,1.0139,0.8256,1
101,17,166.38,0.32,0.68,0.56,0.66,0.55,1.07,1440.00,18.49,19.13,25.23,20.16,0.9991,1.0194,0.8256,1
101,18,20.70,0.81,0.08,0.07,0.08,0.07,0.33,1440.00,18.49,18.69,20.29,18.70,1.0189,1.0252,0.8256,0
101,19,0.00,0.00,0.00,0.00,0.00,0.00,0.00,,18.49,,18.84,18.84,1.0246,1.0246,0.8256,0
101,20,0.00,0.00,0.00,0.00,0.00,0.00,0.00,,18.49,,18.40,18.40,1.0264,1.0264,0.8256,0
101,21,0.00,0.00,0.00,0.00,0.00,0.00,0.00,,18.49,,18.17,18.17,1.0273,1.0273,0.8256,0
101,22,0.00,0.00,0.00,0.00,0.00,0.00,0.00,,18.49,,18.01,18.01,1.0280,1.0280,0.8256,0
101,23,0.00,0.00,0.00,0.00,0.00,0.00,0.00,,18.49,,17.70,17.70,1.0292,1.0292,0.8256,0
101,24,0.00,0.00,0.00,0.00,0.00,0.00,0.00,,18.49,,17.37,17.37,1.0305,1.0305,0.8256,0
102,1,0.00,0.00,0.00,0.00,0.00,0.00,0.00,,18.41,,17.12,17.12,1.0315,1.0315,0.8256,0
102,2,0.00,0.00,0.00,0.00,0.00,0.00,0.00,,18.41,,16.81,16.81,1.0328,1.0328,0.8256,0
102,3,0.00,0.00,0.00,0.00,0.00,0.00,0.00,,18.41,,16.63,16.63,1.0335,1.0335,0.8256,0
102,4,0.00,0.00,0.00,0.00,0.00,0.00,0.00,,18.41,,16.33,16.33,1.0347,1.0347,0.8256,0
102,5,0.00,0.00,0.00,0.00,0.00,0.00,0.00,,18.41,,16.11,16.11,1.0356,1.0356,0.8256,0
102,6,0.00,0.00,0.00,0.00,0.00,0.00,0.00,,18.41,,15.97,15.97,1.0361,1.0361,0.8256,0
102,7,0.00,0.00,0.00,0.00,0.00,0.00,0.00,,18.41,,15.83,15.83,1.0367,1.0367,0.8256,0
102,8,64.02,0.00,0.26,0.22,0.26,0.22,0.00,,18.41,,18.01,18.01,1.0280,1.0280,0.8256,0
102,9,523.52,0.22,2.12,1.75,2.03,1.67,2.33,1440.00,18.41,19.80,33.05,21.99,0.9678,1.0120,0.8256,0
102,10,665.11,0.25,2.68,2.21,2.51,2.08,3.31,1440.00,18.41,20.39,38.70,22.96,0.9452,1.0081,0.8256,0
102,11,833.25,0.26,3.34,2.76,3.07,2.53,4.28,1440.00,18.41,20.97,44.85,24.51,0.9206,1.0019,0.8256,1
102,12,521.73,0.28,2.11,1.74,1.99,1.65,2.92,1440.00,18.41,20.16,36.03,22.15,0.9559,1.0114,0.8256,1
102,13,199.78,0.30,0.82,0.67,0.80,0.66,1.22,1440.00,18.41,19.14,25.56,19.79,0.9977,1.0208,0.8256,1
102,14,198.86,0.29,0.81,0.67,0.79,0.66,1.16,1440.00,18.41,19.10,25.21,19.71,0.9991,1.0212,0.8256,1
102,15,190.01,0.31,0.78,0.64,0.76,0.63,1.20,1440.00,18.41,19.12,25.19,19.51,0.9992,1.0220,0.8256,1
102,16,119.04,0.36,0.49,0.40,0.48,0.40,0.85,1440.00,18.41,18.92,23.14,19.09,1.0074,1.0237,0.8256,1
102,17,123.87,0.38,0.51,0.42,0.50,0.41,0.93,1440.00,18.41,18.97,23.50,19.08,1.0060,1.0237,0.8256,1
102,18,14.07,0.99,0.06,0.05,0.06,0.05,0.28,1440.00,18.41,18.58,19.82,18.50,1.0207,1.0260,0.8256,0
102,19,0.00,0.00,0.00,0.00,0.00,0.00,0.00,,18.41,,18.75,18.75,1.0250,1.0250,0.8256,0
102,20,0.00,0.00,0.00,0.00,0.00,0.00,0.00,,18.41,,18.29,18.29,1.0268,1.0268,0.8256,0
102,21,0.00,0.00,0.00,0.00,0.00,0.00,0.00,,18.41,,18.33,18.33,1.0267,1.0267,0.8256,0
102,22,0.00,0.00,0.00,0.00,0.00,0.00,0.00,,18.41,,18.42,18.42,1.0263,1.0263,0.8256,0
102,23,0.00,0.00,0.00,0.00,0.00,0.00,0.00,,18.41,,17.89,17.89,1.0284,1.0284,0.8256,0
102,24,0.00,0.00,0.00,0.00,0.00,0.00,0.00,,18.41,,17.21,17.21,1.0312,1.0312,0.8256,0
103,1,0.00,0.00,0.00,0.00,0.00,0.00,0.00,,18.33,,17.16,17.16,1.0314,1.0314,0.8256,0
103,2,0.00,0.00,0.00,0.00,0.00,0.00,0.00,,18.33,,16.84,16.84,1.0326,1.0326,0.8256,0
103,3,0.00,0.00,0.00,0.00,0.00,0.00,0.00,,18.33,,16.29,16.29,1.0348,1.0348,0.8256,0
103,4,0.00,0.00,0.00,0.00,0.00,0.00,0.00,,18.33,,15.96,15.96,1.0362,1.0362,0.8256,0
103,5,0.00,0.00,0.00,0.00,0.00,0.00,0.00,,18.33,,15.87,15.87,1.0365,1.0365,0.8256,0
103,6,0.00,0.00,0.00,0.00,0.00,0.00,0.00,,18.33,,15.92,15.92,1.0363,1.0363,0.8256,0
103,7,0.00,0.00,0.00,0.00,0.00,0.00,0.00,,18.33,,16.05,16.05,1.0358,1.0358,0.8256,0
103,8,51.11,0.00,0.21,0.17,0.21,0.17,0.00,,18.33,,17.96,17.96,1.0282,1.0282,0.8256,0
103,9,358.18,0.21,1.45,1.20,1.41,1.17,1.49,1440.00,18.33,19.22,28.50,21.43,0.9860,1.0143,0.8256,0
103,10,527.43,0.22,2.13,1.75,2.03,1.68,2.34,1440.00,18.33,19.73,34.27,23.14,0.9629,1.0074,0.8256,0
103,11,599.37,0.23,2.41,1.99,2.28,1.88,2.72,1440.00,18.33,19.95,37.08,24.19,0.9517,1.0033,0.8256,1
103,12,685.39,0.23,2.74,2.26,2.58,2.13,3.15,1440.00,18.33,20.21,40.15,25.21,0.9394,0.9992,0.8256,1
103,13,573.28,0.24,2.30,1.90,2.18,1.80,2.73,1440.00,18.33,19.96,36.95,23.99,0.9522,1.0040,0.8256,1
103,14,605.76,0.24,2.43,2.01,2.30,1.90,2.86,1440.00,18.33,20.03,37.79,24.22,0.9488,1.0031,0.8256,1
103,15,463.36,0.24,1.87,1.54,1.79,1.48,2.25,1440.00,18.33,19.67,33.57,22.91,0.9657,1.0084,0.8256,1
103,16,345.30,0.25,1.40,1.15,1.35,1.12,1.70,1440.00,18.33,19.34,29.91,21.83,0.9804,1.0127,0.8256,1
103,17,106.43,0.30,0.44,0.36,0.43,0.36,0.63,1440.00,18.33,18.70,22.39,19.38,1.0105,1.0225,0.8256,1
103,18,10.48,0.47,0.04,0.04,0.04,0.04,0.10,1440.00,18.33,18.39,18.90,18.43,1.0244,1.0263,0.8256,0
103,19,0.00,0.00,0.00,0.00,0.00,0.00,0.00,,18.33,,18.03,18.03,1.0279,1.0279,0.8256,0
103,20,0.00,0.00,0.00,0.00,0.00,0.00,0.00,,18.33,,17.82,17.82,1.0287,1.0287,0.8256,0
103,21,0.00,0.00,0.00,0.00,0.00,0.00,0.00,,18.33,,17.89,17.89,1.0284,1.0284,0.8256,0
103,22,0.00,0.00,0.00,0.00,0.00,0.00,0.00,,18.33,,17.78,17.78,1.0289,1.0289,0.8256,0
103,23,0.00,0.00,0.00,0.00,0.00,0.00,0.00,,18.33,,17.57,17.57,1.0297,1.0297,0.8256,0
103,24,0.00,0.00,0.00,0.00,0.00,0.00,0.00,,18.33,,17.41,17.41,1.0304,1.0304,0.8256,0
104,1,0.00,0.00,0.00,0.00,0.00,0.00,0.00,,18.24,,17.00,17.00,1.0320,1.0320,0.8256,0
104,2,0.00,0.00,0.00,0.00,0.00,0.00,0.00,,18.24,,16.87,16.87,1.0325,1.0325,0.8256,0
104,3,0.00,0.00,0.00,0.00,0.00,0.00,0.00,,18.24,,16.74,16.74,1.0330,1.0330,0.8256,0
104,4,0.00,0.00,0.00,0.00,0.00,0.00,0.00,,18.24,,16.63,16.63,1.0335,1.0335,0.8256,0
104,5,0.00,0.00,0.00,0.00,0.00,0.00,0.00,,18.24,,16.80,16.80,1.0328,1.0328,0.8256,0
104,6,0.00,0.00,0.00,0.00,0.00,0.00,0.00,,18.24,,16.92,16.92,1.0323,1.0323,0.8256,0
104,7,0.00,0.00,0.00,0.00,0.00,0.00,0.00,,18.24,,17.02,17.02,1.0319,1.0319,0.8256,0
104,8,40.55,0.00,0.17,0.14,0.17,0.14,0.00,,18.24,,18.33,18.33,1.0267,1.0267,0.8256,0
104,9,278.13,0.24,1.13,0.93,1.10,0.91,1.31,1440.00,18.24,19.03,26.83,20.62,0.9927,1.0175,0.8256,0
104,10,332.70,0.25,1.35,1.12,1.31,1.08,1.64,1440.00,18.24,19.22,29.06,21.28,0.9838,1.0149,0.8256,0
104,11,551.71,0.25,2.22,1.83,2.11,1.74,2.71,1440.00,18.24,19.86,36.09,23.23,0.9556,1.0071,0.8256,1
104,12,606.84,0.25,2.44,2.01,2.30,1.90,3.00,1440.00,18.24,20.04,38.07,23.82,0.9477,1.0047,0.8256,1
104,13,687.85,0.25,2.76,2.27,2.58,2.13,3.42,1440.00,18.24,20.29,40.90,24.64,0.9364,1.0014,0.8256,1
104,14,564.58,0.25,2.27,1.88,2.15,1.77,2.88,1440.00,18.24,19.96,37.13,23.46,0.9515,1.0062,0.8256,1
104,15,432.13,0.26,1.75,1.44,1.67,1.38,2.26,1440.00,18.24,19.59,32.96,22.24,0.9681,1.0111,0.8256,1
104,16,259.74,0.29,1.06,0.87,1.03,0.85,1.50,1440.00,18.24,19.14,27.74,20.62,0.9891,1.0175,0.8256,1
104,17,112.39,0.34,0.46,0.38,0.45,0.37,0.77,1440.00,18.24,18.71,22.91,19.24,1.0084,1.0230,0.8256,1
104,18,16.15,0.70,0.07,0.05,0.07,0.05,0.23,1440.00,18.24,18.38,19.46,18.38,1.0221,1.0265,0.8256,0
104,19,0.00,0.00,0.00,0.00,0.00,0.00,0.00,,18.24,,18.23,18.23,1.0271,1.0271,0.8256,0
104,20,0.00,0.00,0.00,0.00,0.00,0.00,0.00,,18.24,,17.69,17.69,1.0292,1.0292,0.8256,0
104,21,0.00,0.00,0.00,0.00,0.00,0.00,0.00,,18.24,,18.26,18.26,1.0270,1.0270,0.8256,0
104,22,0.00,0.00,0.00,0.00,0.00,0.00,0.00,,18.24,,18.05,18.05,1.0278,1.0278,0.8256,0
104,23,0.00,0.00,0.00,0.00,0.00,0.00,0.00,,18.24,,17.83,17.83,1.0287,1.0287,0.8256,0
104,24,0.00,0.00,0.00,0.00,0.00,0.00,0.00,,18.24,,17.51,17.51,1.0300,1.0300,0.8256,0
105,1,0.00,0.00,0.00,0.00,0.00,0.00,0.00,,18.16,,17.37,17.37,1.0305,1.0305,0.8256,0
105,2,0.00,0.00,0.00,0.00,0.00,0.00,0.00,,18.16,,17.12,17.12,1.0315,1.0315,0.8256,0
105,3,0.00,0.00,0.00,0.00,0.00,0.00,0.00,,18.16,,16.72,16.72,1.0331,1.0331,0.8256,0
105,4,0.00,0.00,0.00,0.00,0.00,0.00,0.00,,18.16,,16.38,16.38,1.0345,1.0345,0.8256,0
105,5,0.00,0.00,0.00,0.00,0.00,0.00,0.00,,18.16,,15.88,15.88,1.0365,1.0365,0.8256,0
105,6,0.00,0.00,0.00,0.00,0.00,0.00,0.00,,18.16,,15.52,15.52,1.0379,1.0379,0.8256,0
105,7,0.00,0.00,0.00,0.00,0.00,0.00,0.00,,18.16,,15.08,15.08,1.0397,1.0397,0.8256,0
105,8,51.48,0.00,0.21,0.18,0.21,0.18,0.00,,18.16,,16.73,16.73,1.0331,1.0331,0.8256,0
105,9,514.05,0.22,2.08,1.72,2.00,1.65,2.21,1440.00,18.16,19.48,32.37,21.87,0.9705,1.0125,0.8256,0
105,10,738.54,0.25,2.97,2.46,2.77,2.29,3.65,1440.00,18.16,20.34,40.59,23.26,0.9376,1.0070,0.8256,0
105,11,862.53,0.26,3.46,2.86,3.16,2.61,4.55,1440.00,18.16,20.88,45.76,24.16,0.9169,1.0034,0.8256,1
105,12,884.79,0.28,3.55,2.93,3.22,2.66,4.87,1440.00,18.16,21.07,47.60,24.45,0.9096,1.0022,0.8256,1
105,13,801.16,0.30,3.22,2.66,2.93,2.42,4.74,1440.00,18.16,20.99,46.23,23.73,0.9151,1.0051,0.8256,1
105,14,774.78,0.30,3.11,2.57,2.84,2.34,4.71,1440.00,18.16,20.97,46.20,23.84,0.9152,1.0047,0.8256,1
105,15,649.97,0.32,2.62,2.16,2.42,1.99,4.14,1440.00,18.16,20.64,42.74,23.06,0.9290,1.0078,0.8256,1
105,16,393.23,0.36,1.59,1.32,1.51,1.25,2.82,1440.00,18.16,19.84,34.89,21.50,0.9604,1.0140,0.8256,1
105,17,164.51,0.50,0.67,0.55,0.65,0.54,1.65,1440.00,18.16,19.15,27.53,19.68,0.9899,1.0213,0.8256,1
105,18,18.74,1.00,0.08,0.06,0.08,0.06,0.37,1440.00,18.16,18.38,22.24,20.46,1.0111,1.0182,0.8256,0
105,19,0.00,0.00,0.00,0.00,0.00,0.00,0.00,,18.16,,21.22,21.22,1.0151,1.0151,0.8256,0
105,20,0.00,0.00,0.00,0.00,0.00,0.00,0.00,,18.16,,21.16,21.16,1.0154,1.0154,0.8256,0
105,21,0.00,0.00,0.00,0.00,0.00,0.00,0.00,,18.16,,21.21,21.21,1.0152,1.0152,0.8256,0
105,22,0.00,0.00,0.00,0.00,0.00,0.00,0.00,,18.16,,21.08,21.08,1.0157,1.0157,0.8256,0
105,23,0.00,0.00,0.00,0.00,0.00,0.00,0.00,,18.16,,20.84,20.84,1.0166,1.0166,0.8256,0
105,24,0.00,0.00,0.00,0.00,0.00,0.00,0.00,,18.16,,20.73,20.73,1.0171,1.0171,0.8256,0
106,1,0.00,0.00,0.00,0.00,0.00,0.00,0.00,,18.08,,20.59,20.59,1.0176,1.0176,0.8256,0
106,2,0.00,0.00,0.00,0.00,0.00,0.00,0.00,,18.08,,20.55,20.55,1.0178,1.0178,0.8256,0
106,3,0.00,0.00,0.00,0.00,0.00,0.00,0.00,,18.08,,20.51,20.51,1.0180,1.0180,0.8256,0
106,4,0.00,0.00,0.00,0.00,0.00,0.00,0.00,,18.08,,20.43,20.43,1.0183,1.0183,0.8256,0
106,5,0.00,0.00,0.00,0.00,0.00,0.00,0.00,,18.08,,20.21,20.21,1.0192,1.0192,0.8256,0
106,6,0.00,0.00,0.00,0.00,0.00,0.00,0.00,,18.08,,20.16,20.16,1.0194,1.0194,0.8256,0
106,7,0.00,0.00,0.00,0.00,0.00,0.00,0.00,,18.08,,20.15,20.15,1.0194,1.0194,0.8256,0
106,8,20.30,1.00,0.08,0.07,0.08,0.07,0.41,1440.00,18.08,18.32,20.98,19.06,1.0161,1.0238,0.8256,0
106,9,69.46,0.63,0.28,0.24,0.28,0.23,0.88,1440.00,18.08,18.60,22.90,18.73,1.0084,1.0251,0.8256,0
106,10,83.21,0.62,0.34,0.28,0.33,0.28,1.04,1440.00,18.08,18.70,23.80,18.87,1.0048,1.0245,0.8256,0
106,11,136.46,0.50,0.56,0.46,0.54,0.45,1.37,1440.00,18.08,18.90,25.95,19.43,0.9962,1.0223,0.8256,1
106,12,467.43,0.32,1.89,1.56,1.78,1.47,3.00,1440.00,18.08,19.87,36.96,22.70,0.9522,1.0092,0.8256,1
106,13,672.51,0.31,2.70,2.23,2.48,2.05,4.17,1440.00,18.08,20.57,44.12,24.33,0.9235,1.0027,0.8256,1
106,14,401.22,0.40,1.63,1.34,1.53,1.26,3.22,1440.00,18.08,20.00,36.69,21.40,0.9532,1.0144,0.8256,1
106,15,365.83,0.40,1.49,1.23,1.40,1.16,2.93,1440.00,18.08,19.83,35.05,21.15,0.9598,1.0154,0.8256,1
106,16,435.80,0.31,1.76,1.45,1.67,1.38,2.70,1440.00,18.08,19.69,35.17,22.36,0.9593,1.0106,0.8256,1
106,17,216.17,0.40,0.88,0.73,0.85,0.70,1.75,1440.00,18.08,19.12,28.41,20.11,0.9864,1.0196,0.8256,1
106,18,20.72,1.00,0.08,0.07,0.08,0.07,0.41,1440.00,18.08,18.32,21.76,19.79,1.0130,1.0208,0.8256,0
106,19,0.00,0.00,0.00,0.00,0.00,0.00,0.00,,18.08,,20.27,20.27,1.0189,1.0189,0.8256,0
106,20,0.00,0.00,0.00,0.00,0.00,0.00,0.00,,18.08,,19.62,19.62,1.0215,1.0215,0.8256,0
106,21,0.00,0.00,0.00,0.00,0.00,0.00,0.00,,18.08,,18.77,18.77,1.0249,1.0249,0.8256,0
106,22,0.00,0.00,0.00,0.00,0.00,0.00,0.00,,18.08,,17.84,17.84,1.0286,1.0286,0.8256,0
106,23,0.00,0.00,0.00,0.00,0.00,0.00,0.00,,18.08,,17.32,17.32,1.0307,1.0307,0.8256,0
106,24,0.00,0.00,0.00,0.00,0.00,0.00,0.00,,18.08,,16.76,16.76,1.0330,1.0330,0.8256,0
107,1,0.00,0.00,0.00,0.00,0.00,0.00,0.00,,17.99,,16.21,16.21,1.0352,1.0352,0.8256,0
107,2,0.00,0.00,0.00,0.00,0.00,0.00,0.00,,17.99,,15.82,15.82,1.0367,1.0367,0.8256,0
107,3,0.00,0.00,0.00,0.00,0.00,0.00,0.00,,17.99,,15.64,15.64,1.0374,1.0374,0.8256,0
107,4,0.00,0.00,0.00,0.00,0.00,0.00,0.00,,17.99,,15.42,15.42,1.0383,1.0383,0.8256,0
107,5,0.00,0.00,0.00,0.00,0.00,0.00,0.00,,17.99,,15.23,15.23,1.0391,1.0391,0.8256,0
107,6,0.00,0.00,0.00,0.00,0.00,0.00,0.00,,17.99,,15.40,15.40,1.0384,1.0384,0.8256,0
107,7,0.00,0.00,0.00,0.00,0.00,0.00,0.00,,17.99,,15.54,15.54,1.0378,1.0378,0.8256,0
107,8,44.01,0.00,0.18,0.15,0.18,0.15,0.00,,17.99,,17.08,17.08,1.0317,1.0317,0.8256,0
107,9,342.40,0.22,1.39,1.15,1.35,1.12,1.52,1440.00,17.99,18.90,27.74,20.52,0.9890,1.0179,0.8256,0
107,10,548.57,0.25,2.22,1.83,2.11,1.74,2.71,1440.00,17.99,19.61,35.06,22.22,0.9597,1.0111,0.8256,0
107,11,736.25,0.26,2.96,2.44,2.75,2.27,3.79,1440.00,17.99,20.26,41.79,23.78,0.9328,1.0049,0.8256,1
107,12,709.67,0.27,2.86,2.36,2.65,2.19,3.80,1440.00,17.99,20.26,41.53,23.49,0.9339,1.0060,0.8256,1
107,13,594.58,0.28,2.40,1.98,2.25,1.86,3.37,1440.00,17.99,20.01,38.64,22.63,0.9454,1.0095,0.8256,1
107,14,479.15,0.29,1.94,1.60,1.84,1.52,2.81,1440.00,17.99,19.67,35.09,21.76,0.9596,1.0130,0.8256,1
107,15,458.28,0.30,1.86,1.53,1.76,1.46,2.72,1440.00,17.99,19.62,34.55,21.64,0.9618,1.0134,0.8256,1
107,16,292.13,0.32,1.19,0.98,1.15,0.95,1.89,1440.00,17.99,19.12,29.36,20.37,0.9826,1.0185,0.8256,1
107,17,198.11,0.35,0.81,0.67,0.79,0.65,1.38,1440.00,17.99,18.82,26.23,19.67,0.9951,1.0213,0.8256,1
107,18,17.14,1.00,0.07,0.06,0.07,0.06,0.34,1440.00,17.99,18.20,20.21,18.58,1.0192,1.0257,0.8256,0
107,19,0.00,0.00,0.00,0.00,0.00,0.00,0.00,,17.99,,19.07,19.07,1.0237,1.0237,0.8256,0
107,20,0.00,0.00,0.00,0.00,0.00,0.00,0.00,,17.99,,18.73,18.73,1.0251,1.0251,0.8256,0
107,21,0.00,0.00,0.00,0.00,0.00,0.00,0.00,,17.99,,18.26,18.26,1.0270,1.0270,0.8256,0
107,22,0.00,0.00,0.00,0.00,0.00,0.00,0.00,,17.99,,18.01,18.01,1.0280,1.0280,0.8256,0
107,23,0.00,0.00,0.00,0.00,0.00,0.00,0.00,,17.99,,17.94,17.94,1.0282,1.0282,0.8256,0
107,24,0.00,0.00,0.00,0.00,0.00,0.00,0.00,,17.99,,17.67,17.67,1.0293,1.0293,0.8256,0
108,1,0.00,0.00,0.00,0.00,0.00,0.00,0.00,,17.91,,17.64,17.64,1.0294,1.0294,0.8256,0
108,2,0.00,0.00,0.00,0.00,0.00,0.00,0.00,,17.91,,17.38,17.38,1.0305,1.0305,0.8256,0
108,3,0.00,0.00,0.00,0.00,0.00,0.00,0.00,,17.91,,17.06,17.06,1.0318,1.0318,0.8256,0
108,4,0.00,0.00,0.00,0.00,0.00,0.00,0.00,,17.91,,16.93,16.93,1.0323,1.0323,0.8256,0
108,5,0.00,0.00,0.00,0.00,0.00,0.00,0.00,,17.91,,16.79,16.79,1.0328,1.0328,0.8256,0
108,6,0.00,0.00,0.00,0.00,0.00,0.00,0.00,,17.91,,16.59,16.59,1.0336,1.0336,0.8256,0
108,7,0.00,0.00,0.00,0.00,0.00,0.00,0.00,,17.91,,16.56,16.56,1.0338,1.0338,0.8256,0
108,8,66.63,0.08,0.27,0.23,0.27,0.23,0.11,1440.00,17.91,17.97,18.78,18.27,1.0249,1.0269,0.8256,0
108,9,283.67,0.28,1.16,0.96,1.13,0.93,1.59,1440.00,17.91,18.86,26.81,19.26,0.9927,1.0230,0.8256,0
108,10,336.71,0.31,1.38,1.14,1.32,1.09,2.08,1440.00,17.91,19.15,29.45,19.59,0.9822,1.0217,0.8256,0
108,11,445.29,0.32,1.82,1.50,1.72,1.42,2.84,1440.00,17.91,19.60,33.62,20.15,0.9655,1.0194,0.8256,1
108,12,529.05,0.31,2.15,1.78,2.02,1.67,3.33,1440.00,17.91,19.90,36.73,20.91,0.9531,1.0164,0.8256,1
108,13,436.32,0.33,1.78,1.47,1.68,1.39,2.86,1440.00,17.91,19.62,34.26,20.66,0.9629,1.0173,0.8256,1
108,14,397.33,0.33,1.62,1.34,1.54,1.27,2.61,1440.00,17.91,19.47,33.00,20.59,0.9680,1.0177,0.8256,1
108,15,267.22,0.36,1.09,0.90,1.05,0.87,1.93,1440.00,17.91,19.06,28.96,19.78,0.9842,1.0209,0.8256,1
108,16,186.19,0.40,0.76,0.63,0.74,0.61,1.49,1440.00,17.91,18.80,26.31,19.25,0.9948,1.0230,0.8256,1
108,17,146.46,0.42,0.60,0.50,0.59,0.48,1.24,1440.00,17.91,18.65,24.89,19.01,1.0005,1.0239,0.8256,1
108,18,11.38,1.00,0.05,0.04,0.05,0.04,0.23,1440.00,17.91,18.05,20.24,19.15,1.0191,1.0234,0.8256,0
108,19,0.00,0.00,0.00,0.00,0.00,0.00,0.00,,17.91,,19.26,19.26,1.0230,1.0230,0.8256,0
108,20,0.00,0.00,0.00,0.00,0.00,0.00,0.00,,17.91,,18.91,18.91,1.0244,1.0244,0.8256,0
108,21,0.00,0.00,0.00,0.00,0.00,0.00,0.00,,17.91,,18.93,18.93,1.0243,1.0243,0.8256,0
108,22,0.00,0.00,0.00,0.00,0.00,0.00,0.00,,17.91,,18.66,18.66,1.0254,1.0254,0.8256,0
108,23,0.00,0.00,0.00,0.00,0.00,0.00,0.00,,17.91,,18.43,18.43,1.0263,1.0263,0.8256,0
108,24,0.00,0.00,0.00,0.00,0.00,0.00,0.00,,17.91,,18.19,18.19,1.0272,1.0272,0.8256,0
109,1,0.00,0.00,0.00,0.00,0.00,0.00,0.00,,17.83,,17.90,17.90,1.0284,1.0284,0.8256,0
109,2,0.00,0.00,0.00,0.00,0.00,0.00,0.00,,17.83,,17.61,17.61,1.0296,1.0296,0.8256,0
109,3,0.00,0.00,0.00,0.00,0.00,0.00,0.00,,17.83,,17.28,17.28,1.0309,1.0309,0.8256,0
109,4,0.00,0.00,0.00,0.00,0.00,0.00,0.00,,17.83,,16.84,16.84,1.0326,1.0326,0.8256,0
109,5,0.00,0.00,0.00,0.00,0.00,0.00,0.00,,17.83,,16.35,16.35,1.0346,1.0346,0.8256,0
109,6,0.00,0.00,0.00,0.00,0.00,0.00,0.00,,17.83,,16.30,16.30,1.0348,1.0348,0.8256,0
109,7,0.00,0.00,0.00,0.00,0.00,0.00,0.00,,17.83,,16.02,16.02,1.0359,1.0359,0.8256,0
109,8,62.89,0.00,0.26,0.21,0.26,0.21,0.00,,17.83,,17.96,17.96,1.0282,1.0282,0.8256,0
109,9,414.46,0.24,1.69,1.39,1.63,1.34,1.98,1440.00,17.83,19.01,29.82,20.42,0.9807,1.0183,0.8256,0
109,10,640.00,0.27,2.59,2.14,2.42,2.00,3.47,1440.00,17.83,19.90,38.23,21.73,0.9471,1.0131,0.8256,0
109,11,749.04,0.28,3.02,2.50,2.78,2.30,4.25,1440.00,17.83,20.37,42.78,22.60,0.9289,1.0096,0.8256,1
109,12,835.12,0.30,3.37,2.78,3.05,2.52,4.94,1440.00,17.83,20.78,46.43,22.96,0.9143,1.0081,0.8256,1
109,13,806.89,0.31,3.26,2.69,2.95,2.44,5.07,1440.00,17.83,20.86,46.53,22.45,0.9139,1.0102,0.8256,1
109,14,774.08,0.32,3.13,2.58,2.84,2.34,4.98,1440.00,17.83,20.80,45.94,22.30,0.9162,1.0108,0.8256,1
109,15,573.94,0.34,2.33,1.92,2.16,1.78,3.91,1440.00,17.83,20.16,39.92,21.33,0.9403,1.0147,0.8256,1
109,16,370.13,0.37,1.51,1.25,1.43,1.18,2.75,1440.00,17.83,19.47,33.41,20.34,0.9664,1.0186,0.8256,1
109,17,168.64,0.48,0.69,0.57,0.67,0.55,1.62,1440.00,17.83,18.80,26.80,19.10,0.9928,1.0236,0.8256,1
109,18,9.45,1.00,0.04,0.03,0.04,0.03,0.19,1440.00,17.83,17.94,21.46,20.56,1.0142,1.0178,0.8256,0
109,19,0.00,0.00,0.00,0.00,0.00,0.00,0.00,,17.83,,20.47,20.47,1.0181,1.0181,0.8256,0
109,20,0.00,0.00,0.00,0.00,0.00,0.00,0.00,,17.83,,20.26,20.26,1.0190,1.0190,0.8256,0
109,21,0.00,0.00,0.00,0.00,0.00,0.00,0.00,,17.83,,20.01,20.01,1.0200,1.0200,0.8256,0
109,22,0.00,0.00,0.00,0.00,0.00,0.00,0.00,,17.83,,20.05,20.05,1.0198,1.0198,0.8256,0
109,23,0.00,0.00,0.00,0.00,0.00,0.00,0.00,,17.83,,20.38,20.38,1.0185,1.0185,0.8256,0
109,24,0.00,0.00,0.00,0.00,0.00,0.00,0.00,,17.83,,18.60,18.60,1.0256,1.0256,0.8256,0
110,1,0.00,0.00,0.00,0.00,0.00,0.00,0.00,,17.74,,17.94,17.94,1.0282,1.0282,0.8256,0
110,2,0.00,0.00,0.00,0.00,0.00,0.00,0.00,,17.74,,17.95,17.95,1.0282,1.0282,0.8256,0
110,3,0.00,0.00,0.00,0.00,0.00,0.00,0.00,,17.74,,17.77,17.77,1.0289,1.0289,0.8256,0
110,4,0.00,0.00,0.00,0.00,0.00,0.00,0.00,,17.74,,17.65,17.65,1.0294,1.0294,0.8256,0
110,5,0.00,0.00,0.00,0.00,0.00,0.00,0.00,,17.74,,17.71,17.71,1.0292,1.0292,0.8256,0
110,6,0.00,0.00,0.00,0.00,0.00,0.00,0.00,,17.74,,17.66,17.66,1.0294,1.0294,0.8256,0
110,7,0.00,0.00,0.00,0.00,0.00,0.00,0.00,,17.74,,17.81,17.81,1.0288,1.0288,0.8256,0
110,8,31.75,0.25,0.13,0.11,0.13,0.11,0.16,1440.00,17.74,17.84,18.84,18.09,1.0246,1.0276,0.8256,0
110,9,196.17,0.25,0.80,0.66,0.79,0.65,0.97,1440.00,17.74,18.32,24.30,19.69,1.0028,1.0212,0.8256,0
110,10,385.72,0.24,1.57,1.29,1.51,1.25,1.88,1440.00,17.74,18.87,30.28,21.35,0.9789,1.0146,0.8256,0
110,11,306.55,0.25,1.25,1.03,1.21,1.00,1.51,1440.00,17.74,18.64,27.70,20.54,0.9892,1.0178,0.8256,1
110,12,440.49,0.25,1.79,1.47,1.71,1.41,2.16,1440.00,17.74,19.03,31.98,21.72,0.9721,1.0131,0.8256,1
110,13,395.70,0.24,1.61,1.33,1.55,1.28,1.93,1440.00,17.74,18.90,30.61,21.42,0.9776,1.0143,0.8256,1
110,14,323.59,0.26,1.32,1.09,1.28,1.05,1.68,1440.00,17.74,18.75,28.70,20.72,0.9852,1.0171,0.8256,1
110,15,251.29,0.27,1.02,0.85,1.00,0.82,1.37,1440.00,17.74,18.56,26.61,20.09,0.9935,1.0196,0.8256,1
110,16,244.20,0.28,1.00,0.82,0.97,0.80,1.39,1440.00,17.74,18.57,26.62,20.04,0.9935,1.0198,0.8256,1
110,17,74.39,0.40,0.31,0.25,0.30,0.25,0.59,1440.00,17.74,18.10,21.25,18.45,1.0150,1.0262,0.8256,1
110,18,4.84,1.00,0.02,0.02,0.02,0.02,0.10,1440.00,17.74,17.80,18.86,18.40,1.0246,1.0264,0.8256,0
110,19,0.00,0.00,0.00,0.00,0.00,0.00,0.00,,17.74,,18.49,18.49,1.0260,1.0260,0.8256,0
110,20,0.00,0.00,0.00,0.00,0.00,0.00,0.00,,17.74,,18.35,18.35,1.0266,1.0266,0.8256,0
110,21,0.00,0.00,0.00,0.00,0.00,0.00,0.00,,17.74,,18.23,18.23,1.0271,1.0271,0.8256,0
110,22,0.00,0.00,0.00,0.00,0.00,0.00,0.00,,17.74,,18.07,18.07,1.0277,1.0277,0.8256,0
110,23,0.00,0.00,0.00,0.00,0.00,0.00,0.00,,17.74,,17.91,17.91,1.0284,1.0284,0.8256,0
110,24,0.00,0.00,0.00,0.00,0.00,0.00,0.00,,17.74,,17.79,17.79,1.0288,1.0288,0.8256,0
111,1,0.00,0.00,0.00,0.00,0.00,0.00,0.00,,17.66,,17.78,17.78,1.0289,1.0289,0.8256,0
111,2,0.00,0.00,0.00,0.00,0.00,0.00,0.00,,17.66,,17.64,17.64,1.0294,1.0294,0.8256,0
111,3,0.00,0.00,0.00,0.00,0.00,0.00,0.00,,17.66,,17.48,17.48,1.0301,1.0301,0.8256,0
111,4,0.00,0.00,0.00,0.00,0.00,0.00,0.00,,17.66,,17.57,17.57,1.0297,1.0297,0.8256,0
111,5,0.00,0.00,0.00,0.00,0.00,0.00,0.00,,17.66,,17.51,17.51,1.0300,1.0300,0.8256,0
111,6,0.00,0.00,0.00,0.00,0.00,0.00,0.00,,17.66,,17.56,17.56,1.0298,1.0298,0.8256,0
111,7,0.00,0.00,0.00,0.00,0.00,0.00,0.00,,17.66,,17.56,17.56,1.0298,1.0298,0.8256,0
111,8,62.08,0.23,0.26,0.21,0.25,0.21,0.28,1440.00,17.66,17.83,19.56,18.21,1.0218,1.0271,0.8256,0
111,9,356.64,0.25,1.45,1.20,1.40,1.16,1.79,1440.00,17.66,18.73,29.14,20.61,0.9835,1.0175,0.8256,0
111,10,420.98,0.27,1.71,1.41,1.64,1.35,2.25,1440.00,17.66,19.00,31.83,21.15,0.9727,1.0154,0.8256,0
111,11,657.44,0.27,2.65,2.19,2.47,2.04,3.52,1440.00,17.66,19.77,39.91,23.18,0.9403,1.0073,0.8256,1
111,12,718.83,0.27,2.89,2.38,2.68,2.21,3.83,1440.00,17.66,19.95,42.04,23.84,0.9318,1.0046,0.8256,1
111,13,658.60,0.27,2.65,2.19,2.47,2.04,3.58,1440.00,17.66,19.80,40.51,23.50,0.9380,1.0060,0.8256,1
111,14,553.31,0.28,2.23,1.84,2.11,1.74,3.06,1440.00,17.66,19.49,37.20,22.68,0.9512,1.0093,0.8256,1
111,15,540.50,0.27,2.18,1.80,2.06,1.70,2.96,1440.00,17.66,19.43,36.75,22.71,0.9530,1.0091,0.8256,1
111,16,304.66,0.31,1.24,1.02,1.20,0.99,1.89,1440.00,17.66,18.79,29.47,20.51,0.9821,1.0180,0.8256,1
111,17,125.64,0.42,0.52,0.43,0.50,0.42,1.07,1440.00,17.66,18.30,23.87,18.81,1.0045,1.0248,0.8256,1
111,18,8.89,1.00,0.04,0.03,0.04,0.03,0.18,1440.00,17.66,17.77,19.92,19.07,1.0203,1.0237,0.8256,0
111,19,0.00,0.00,0.00,0.00,0.00,0.00,0.00,,17.66,,19.33,19.33,1.0227,1.0227,0.8256,0
111,20,0.00,0.00,0.00,0.00,0.00,0.00,0.00,,17.66,,18.96,18.96,1.0242,1.0242,0.8256,0
111,21,0.00,0.00,0.00,0.00,0.00,0.00,0.00,,17.66,,18.37,18.37,1.0265,1.0265,0.8256,0
111,22,0.00,0.00,0.00,0.00,0.00,0.00,0.00,,17.66,,18.22,18.22,1.0271,1.0271,0.8256,0
111,23,0.00,0.00,0.00,0.00,0.00,0.00,0.00,,17.66,,17.87,17.87,1.0285,1.0285,0.8256,0
111,24,0.00,0.00,0.00,0.00,0.00,0.00,0.00,,17.66,,17.59,17.59,1.0296,1.0296,0.8256,0
112,1,0.00,0.00,0.00,0.00,0.00,0.00,0.00,,17.58,,17.78,17.78,1.0289,1.0289,0.8256,0
112,2,0.00,0.00,0.00,0.00,0.00,0.00,0.00,,17.58,,17.62,17.62,1.0295,1.0295,0.8256,0
112,3,0.00,0.00,0.00,0.00,0.00,0.00,0.00,,17.58,,17.36,17.36,1.0306,1.0306,0.8256,0
112,4,0.00,0.00,0.00,0.00,0.00,0.00,0.00,,17.58,,17.05,17.05,1.0318,1.0318,0.8256,0
112,5,0.00,0.00,0.00,0.00,0.00,0.00,0.00,,17.58,,17.22,17.22,1.0311,1.0311,0.8256,0
112,6,0.00,0.00,0.00,0.00,0.00,0.00,0.00,,17.58,,17.20,17.20,1.0312,1.0312,0.8256,0
112,7,0.00,0.00,0.00,0.00,0.00,0.00,0.00,,17.58,,17.21,17.21,1.0312,1.0312,0.8256,0
112,8,50.44,0.18,0.21,0.17,0.21,0.17,0.19,1440.00,17.58,17.69,18.87,17.99,1.0245,1.0281,0.8256,0
112,9,236.48,0.24,0.97,0.80,0.95,0.78,1.12,1440.00,17.58,18.24,24.67,19.36,1.0013,1.0226,0.8256,0
112,10,452.44,0.26,1.84,1.52,1.76,1.45,2.34,1440.00,17.58,18.97,32.06,20.94,0.9718,1.0162,0.8256,0
112,11,527.71,0.27,2.14,1.77,2.03,1.67,2.85,1440.00,17.58,19.28,35.09,21.55,0.9596,1.0138,0.8256,1
112,12,506.31,0.28,2.05,1.69,1.94,1.60,2.82,1440.00,17.58,19.26,35.03,21.66,0.9599,1.0134,0.8256,1
112,13,516.98,0.28,2.09,1.73,1.98,1.63,2.93,1440.00,17.58,19.33,35.93,21.99,0.9563,1.0120,0.8256,1
112,14,463.79,0.29,1.88,1.55,1.79,1.47,2.69,1440.00,17.58,19.18,34.29,21.52,0.9628,1.0139,0.8256,1
112,15,376.55,0.32,1.53,1.26,1.46,1.21,2.37,1440.00,17.58,18.99,31.97,20.70,0.9721,1.0172,0.8256,1
112,16,319.89,0.34,1.30,1.08,1.25,1.03,2.15,1440.00,17.58,18.86,30.37,20.14,0.9785,1.0194,0.8256,1
112,17,117.05,0.51,0.48,0.40,0.47,0.39,1.19,1440.00,17.58,18.29,24.12,18.48,1.0035,1.0261,0.8256,1
112,18,7.06,1.00,0.03,0.02,0.03,0.02,0.14,1440.00,17.58,17.66,20.59,19.92,1.0176,1.0203,0.8256,0
112,19,0.00,0.00,0.00,0.00,0.00,0.00,0.00,,17.58,,19.86,19.86,1.0206,1.0206,0.8256,0
112,20,0.00,0.00,0.00,0.00,0.00,0.00,0.00,,17.58,,19.41,19.41,1.0224,1.0224,0.8256,0
112,21,0.00,0.00,0.00,0.00,0.00,0.00,0.00,,17.58,,19.40,19.40,1.0224,1.0224,0.8256,0
112,22,0.00,0.00,0.00,0.00,0.00,0.00,0.00,,17.58,,19.82,19.82,1.0207,1.0207,0.8256,0
112,23,0.00,0.00,0.00,0.00,0.00,0.00,0.00,,17.58,,19.59,19.59,1.0216,1.0216,0.8256,0
112,24,0.00,0.00,0.00,0.00,0.00,0.00,0.00,,17.58,,18.81,18.81,1.0248,1.0248,0.8256,0
113,1,0.00,0.00,0.00,0.00,0.00,0.00,0.00,,17.49,,18.21,18.21,1.0272,1.0272,0.8256,0
113,2,0.00,0.00,0.00,0.00,0.00,0.00,0.00,,17.49,,17.86,17.86,1.0286,1.0286,0.8256,0
113,3,0.00,0.00,0.00,0.00,0.00,0.00,0.00,,17.49,,17.68,17.68,1.0293,1.0293,0.8256,0
113,4,0.00,0.00,0.00,0.00,0.00,0.00,0.00,,17.49,,17.49,17.49,1.0300,1.0300,0.8256,0
113,5,0.00,0.00,0.00,0.00,0.00,0.00,0.00,,17.49,,17.45,17.45,1.0302,1.0302,0.8256,0
113,6,0.00,0.00,0.00,0.00,0.00,0.00,0.00,,17.49,,17.48,17.48,1.0301,1.0301,0.8256,0
113,7,0.00,0.00,0.00,0.00,0.00,0.00,0.00,,17.49,,17.50,17.50,1.0300,1.0300,0.8256,0
113,8,47.94,0.31,0.20,0.16,0.20,0.16,0.30,1440.00,17.49,17.67,19.23,17.83,1.0231,1.0287,0.8256,0
113,9,342.98,0.29,1.40,1.16,1.35,1.11,1.97,1440.00,17.49,18.67,29.09,19.73,0.9836,1.0211,0.8256,0
113,10,501.71,0.29,2.04,1.68,1.93,1.59,2.87,1440.00,17.49,19.21,34.49,20.85,0.9620,1.0166,0.8256,0
113,11,610.84,0.30,2.48,2.04,2.31,1.91,3.61,1440.00,17.49,19.65,38.82,21.67,0.9447,1.0133,0.8256,1
113,12,675.99,0.30,2.73,2.25,2.52,2.08,4.03,1440.00,17.49,19.90,41.60,22.48,0.9336,1.0101,0.8256,1
113,13,768.19,0.30,3.09,2.55,2.83,2.33,4.55,1440.00,17.49,20.21,45.00,23.41,0.9200,1.0064,0.8256,1
113,14,548.97,0.31,2.22,1.84,2.08,1.72,3.44,1440.00,17.49,19.55,38.22,21.87,0.9471,1.0125,0.8256,1
113,15,439.94,0.33,1.79,1.48,1.69,1.40,2.89,1440.00,17.49,19.22,34.81,21.09,0.9608,1.0156,0.8256,1
113,16,275.52,0.38,1.12,0.93,1.08,0.89,2.07,1440.00,17.49,18.73,29.65,19.82,0.9814,1.0207,0.8256,1
113,17,106.86,0.56,0.44,0.36,0.43,0.35,1.19,1440.00,17.49,18.21,24.10,18.43,1.0036,1.0263,0.8256,1
113,18,3.89,1.00,0.02,0.01,0.02,0.01,0.08,1440.00,17.49,17.54,20.59,20.22,1.0176,1.0191,0.8256,0
113,19,0.00,0.00,0.00,0.00,0.00,0.00,0.00,,17.49,,20.12,20.12,1.0195,1.0195,0.8256,0
113,20,0.00,0.00,0.00,0.00,0.00,0.00,0.00,,17.49,,19.80,19.80,1.0208,1.0208,0.8256,0
113,21,0.00,0.00,0.00,0.00,0.00,0.00,0.00,,17.49,,19.81,19.81,1.0208,1.0208,0.8256,0
113,22,0.00,0.00,0.00,0.00,0.00,0.00,0.00,,17.49,,19.56,19.56,1.0218,1.0218,0.8256,0
113,23,0.00,0.00,0.00,0.00,0.00,0.00,0.00,,17.49,,19.44,19.44,1.0222,1.0222,0.8256,0
113,24,0.00,0.00,0.00,0.00,0.00,0.00,0.00,,17.49,,19.38,19.38,1.0225,1.0225,0.8256,0
114,1,0.00,0.00,0.00,0.00,0.00,0.00,0.00,,17.41,,19.27,19.27,1.0229,1.0229,0.8256,0
114,2,0.00,0.00,0.00,0.00,0.00,0.00,0.00,,17.41,,18.97,18.97,1.0241,1.0241,0.8256,0
114,3,0.00,0.00,0.00,0.00,0.00,0.00,0.00,,17.41,,18.99,18.99,1.0240,1.0240,0.8256,0
114,4,0.00,0.00,0.00,0.00,0.00,0.00,0.00,,17.41,,18.84,18.84,1.0246,1.0246,0.8256,0
114,5,0.00,0.00,0.00,0.00,0.00,0.00,0.00,,17.41,,18.60,18.60,1.0256,1.0256,0.8256,0
114,6,0.00,0.00,0.00,0.00,0.00,0.00,0.00,,17.41,,18.63,18.63,1.0255,1.0255,0.8256,0
114,7,0.00,0.00,0.00,0.00,0.00,0.00,0.00,,17.41,,18.72,18.72,1.0251,1.0251,0.8256,0
114,8,50.87,0.54,0.21,0.17,0.21,0.17,0.55,1440.00,17.41,17.74,20.42,17.81,1.0183,1.0288,0.8256,0
114,9,359.78,0.33,1.47,1.21,1.40,1.16,2.35,1440.00,17.41,18.82,31.05,19.87,0.9758,1.0205,0.8256,0
114,10,511.28,0.32,2.08,1.72,1.95,1.61,3.28,1440.00,17.41,19.37,36.43,20.83,0.9543,1.0167,0.8256,0
114,11,538.97,0.33,2.19,1.81,2.05,1.69,3.54,1440.00,17.41,19.52,37.81,21.01,0.9487,1.0160,0.8256,1
114,12,584.87,0.32,2.37,1.96,2.20,1.82,3.76,1440.00,17.41,19.65,39.53,21.69,0.9419,1.0132,0.8256,1
114,13,526.20,0.33,2.13,1.76,2.00,1.65,3.48,1440.00,17.41,19.49,37.96,21.46,0.9481,1.0142,0.8256,1
114,14,434.76,0.33,1.77,1.46,1.67,1.38,2.91,1440.00,17.41,19.15,34.72,20.92,0.9611,1.0163,0.8256,1
114,15,340.36,0.34,1.39,1.15,1.33,1.10,2.28,1440.00,17.41,18.77,31.12,20.28,0.9755,1.0189,0.8256,1
114,16,291.25,0.35,1.19,0.98,1.14,0.94,2.04,1440.00,17.41,18.63,29.59,19.90,0.9816,1.0204,0.8256,1
114,17,89.93,0.59,0.37,0.31,0.36,0.30,1.06,1440.00,17.41,18.04,23.20,18.17,1.0072,1.0273,0.8256,1
114,18,3.95,1.00,0.02,0.01,0.02,0.01,0.08,1440.00,17.41,17.46,20.18,19.81,1.0193,1.0208,0.8256,0
114,19,0.00,0.00,0.00,0.00,0.00,0.00,0.00,,17.41,,19.76,19.76,1.0210,1.0210,0.8256,0
114,20,0.00,0.00,0.00,0.00,0.00,0.00,0.00,,17.41,,19.54,19.54,1.0218,1.0218,0.8256,0
114,21,0.00,0.00,0.00,0.00,0.00,0.00,0.00,,17.41,,19.33,19.33,1.0227,1.0227,0.8256,0
114,22,0.00,0.00,0.00,0.00,0.00,0.00,0.00,,17.41,,19.22,19.22,1.0231,1.0231,0.8256,0
114,23,0.00,0.00,0.00,0.00,0.00,0.00,0.00,,17.41,,19.16,19.16,1.0234,1.0234,0.8256,0
114,24,0.00,0.00,0.00,0.00,0.00,0.00,0.00,,17.41,,18.89,18.89,1.0244,1.0244,0.8256,0
115,1,0.00,0.00,0.00,0.00,0.00,0.00,0.00,,17.33,,18.70,18.70,1.0252,1.0252,0.8256,0
115,2,0.00,0.00,0.00,0.00,0.00,0.00,0.00,,17.33,,18.71,18.71,1.0252,1.0252,0.8256,0
115,3,0.00,0.00,0.00,0.00,0.00,0.00,0.00,,17.33,,18.54,18.54,1.0258,1.0258,0.8256,0
115,4,0.00,0.00,0.00,0.00,0.00,0.00,0.00,,17.33,,18.41,18.41,1.0264,1.0264,0.8256,0
115,5,0.00,0.00,0.00,0.00,0.00,0.00,0.00,,17.33,,18.31,18.31,1.0268,1.0268,0.8256,0
115,6,0.00,0.00,0.00,0.00,0.00,0.00,0.00,,17.33,,17.98,17.98,1.0281,1.0281,0.8256,0
115,7,0.00,0.00,0.00,0.00,0.00,0.00,0.00,,17.33,,17.76,17.76,1.0290,1.0290,0.8256,0
115,8,51.96,0.36,0.21,0.18,0.21,0.18,0.38,1440.00,17.33,17.55,19.42,17.64,1.0223,1.0295,0.8256,0
115,9,421.49,0.30,1.72,1.42,1.64,1.35,2.56,1440.00,17.33,18.86,31.87,19.69,0.9725,1.0212,0.8256,0
115,10,591.48,0.31,2.41,1.99,2.24,1.85,3.63,1440.00,17.33,19.49,37.90,20.68,0.9484,1.0173,0.8256,0
115,11,648.01,0.32,2.63,2.18,2.43,2.01,4.08,1440.00,17.33,19.77,40.29,20.90,0.9388,1.0164,0.8256,1
115,12,637.77,0.32,2.59,2.14,2.39,1.98,4.12,1440.00,17.33,19.79,40.41,20.84,0.9384,1.0166,0.8256,1
115,13,711.94,0.32,2.89,2.39,2.64,2.18,4.61,1440.00,17.33,20.08,43.16,21.29,0.9274,1.0148,0.8256,1
115,14,700.72,0.33,2.84,2.35,2.60,2.15,4.57,1440.00,17.33,20.06,43.08,21.38,0.9277,1.0145,0.8256,1
115,15,546.64,0.34,2.22,1.84,2.07,1.71,3.71,1440.00,17.33,19.54,38.46,20.86,0.9462,1.0166,0.8256,1
115,16,304.19,0.39,1.24,1.03,1.19,0.98,2.40,1440.00,17.33,18.76,30.90,19.51,0.9764,1.0220,0.8256,1
115,17,145.64,0.52,0.60,0.49,0.58,0.48,1.51,1440.00,17.33,18.23,25.60,18.42,0.9976,1.0263,0.8256,1
115,18,6.43,1.00,0.03,0.02,0.03,0.02,0.13,1440.00,17.33,17.40,20.74,20.13,1.0170,1.0195,0.8256,0
115,19,0.00,0.00,0.00,0.00,0.00,0.00,0.00,,17.33,,19.85,19.85,1.0206,1.0206,0.8256,0
115,20,0.00,0.00,0.00,0.00,0.00,0.00,0.00,,17.33,,19.51,19.51,1.0220,1.0220,0.8256,0
115,21,0.00,0.00,0.00,0.00,0.00,0.00,0.00,,17.33,,19.92,19.92,1.0203,1.0203,0.8256,0
115,22,0.00,0.00,0.00,0.00,0.00,0.00,0.00,,17.33,,19.54,19.54,1.0218,1.0218,0.8256,0
115,23,0.00,0.00,0.00,0.00,0.00,0.00,0.00,,17.33,,18.93,18.93,1.0243,1.0243,0.8256,0
115,24,0.00,0.00,0.00,0.00,0.00,0.00,0.00,,17.33,,18.37,18.37,1.0265,1.0265,0.8256,0
116,1,0.00,0.00,0.00,0.00,0.00,0.00,0.00,,17.24,,17.89,17.89,1.0284,1.0284,0.8256,0
116,2,0.00,0.00,0.00,0.00,0.00,0.00,0.00,,17.24,,17.45,17.45,1.0302,1.0302,0.8256,0
116,3,0.00,0.00,0.00,0.00,0.00,0.00,0.00,,17.24,,17.11,17.11,1.0316,1.0316,0.8256,0
116,4,0.00,0.00,0.00,0.00,0.00,0.00,0.00,,17.24,,16.81,16.81,1.0328,1.0328,0.8256,0
116,5,0.00,0.00,0.00,0.00,0.00,0.00,0.00,,17.24,,16.79,16.79,1.0328,1.0328,0.8256,0
116,6,0.00,0.00,0.00,0.00,0.00,0.00,0.00,,17.24,,16.69,16.69,1.0332,1.0332,0.8256,0
116,7,0.00,0.00,0.00,0.00,0.00,0.00,0.00,,17.24,,16.51,16.51,1.0340,1.0340,0.8256,0
116,8,56.07,0.16,0.23,0.19,0.23,0.19,0.18,1440.00,17.24,17.35,18.37,17.54,1.0265,1.0298,0.8256,0
116,9,364.24,0.28,1.49,1.23,1.43,1.18,2.01,1440.00,17.24,18.44,28.82,19.29,0.9847,1.0228,0.8256,0
116,10,574.49,0.29,2.34,1.93,2.19,1.81,3.38,1440.00,17.24,19.26,36.40,20.35,0.9544,1.0186,0.8256,0
116,11,725.17,0.31,2.95,2.43,2.70,2.23,4.48,1440.00,17.24,19.92,42.18,20.89,0.9313,1.0164,0.8256,1
116,12,709.86,0.32,2.88,2.38,2.64,2.18,4.51,1440.00,17.24,19.94,42.40,21.01,0.9304,1.0160,0.8256,1
116,13,831.91,0.31,3.36,2.78,3.04,2.51,5.14,1440.00,17.24,20.32,46.74,22.32,0.9131,1.0107,0.8256,1
116,14,673.58,0.32,2.73,2.25,2.51,2.07,4.30,1440.00,17.24,19.82,42.11,21.67,0.9316,1.0133,0.8256,1
116,15,591.75,0.32,2.40,1.98,2.23,1.84,3.82,1440.00,17.24,19.53,39.59,21.45,0.9416,1.0142,0.8256,1
116,16,352.84,0.37,1.44,1.19,1.37,1.13,2.60,1440.00,17.24,18.80,32.23,19.89,0.9711,1.0205,0.8256,1
116,17,120.39,0.57,0.49,0.41,0.48,0.40,1.37,1440.00,17.24,18.06,24.72,18.20,1.0011,1.0272,0.8256,1
116,18,4.82,1.00,0.02,0.02,0.02,0.02,0.10,1440.00,17.24,17.30,20.64,20.18,1.0174,1.0193,0.8256,0
116,19,0.00,0.00,0.00,0.00,0.00,0.00,0.00,,17.24,,19.85,19.85,1.0206,1.0206,0.8256,0
116,20,0.00,0.00,0.00,0.00,0.00,0.00,0.00,,17.24,,19.56,19.56,1.0218,1.0218,0.8256,0
116,21,0.00,0.00,0.00,0.00,0.00,0.00,0.00,,17.24,,19.94,19.94,1.0202,1.0202,0.8256,0
116,22,0.00,0.00,0.00,0.00,0.00,0.00,0.00,,17.24,,19.75,19.75,1.0210,1.0210,0.8256,0
116,23,0.00,0.00,0.00,0.00,0.00,0.00,0.00,,17.24,,19.59,19.59,1.0216,1.0216,0.8256,0
116,24,0.00,0.00,0.00,0.00,0.00,0.00,0.00,,17.24,,19.24,19.24,1.0230,1.0230,0.8256,0
117,1,0.00,0.00,0.00,0.00,0.00,0.00,0.00,,17.16,,18.97,18.97,1.0241,1.0241,0.8256,0
117,2,0.00,0.00,0.00,0.00,0.00,0.00,0.00,,17.16,,18.69,18.69,1.0252,1.0252,0.8256,0
117,3,0.00,0.00,0.00,0.00,0.00,0.00,0.00,,17.16,,18.41,18.41,1.0264,1.0264,0.8256,0
117,4,0.00,0.00,0.00,0.00,0.00,0.00,0.00,,17.16,,18.07,18.07,1.0277,1.0277,0.8256,0
117,5,0.00,0.00,0.00,0.00,0.00,0.00,0.00,,17.16,,17.65,17.65,1.0294,1.0294,0.8256,0
117,6,0.00,0.00,0.00,0.00,0.00,0.00,0.00,,17.16,,17.53,17.53,1.0299,1.0299,0.8256,0
117,7,0.00,0.00,0.00,0.00,0.00,0.00,0.00,,17.16,,17.27,17.27,1.0309,1.0309,0.8256,0
117,8,54.84,0.22,0.23,0.19,0.22,0.19,0.24,1440.00,17.16,17.30,18.68,17.55,1.0253,1.0298,0.8256,0
117,9,403.95,0.28,1.65,1.36,1.58,1.31,2.25,1440.00,17.16,18.51,30.37,19.67,0.9785,1.0213,0.8256,0
117,10,609.80,0.30,2.48,2.05,2.31,1.91,3.61,1440.00,17.16,19.32,37.83,20.69,0.9487,1.0173,0.8256,0
117,11,766.18,0.30,3.10,2.56,2.83,2.34,4.59,1440.00,17.16,19.90,43.82,22.04,0.9247,1.0118,0.8256,1
117,12,886.23,0.29,3.56,2.94,3.21,2.65,5.21,1440.00,17.16,20.28,48.41,23.65,0.9063,1.0054,0.8256,1
117,13,879.05,0.30,3.53,2.92,3.18,2.62,5.29,1440.00,17.16,20.32,49.04,23.93,0.9038,1.0043,0.8256,1
117,14,799.03,0.31,3.22,2.65,2.92,2.41,4.91,1440.00,17.16,20.10,46.82,23.48,0.9127,1.0061,0.8256,1
117,15,628.75,0.32,2.54,2.10,2.35,1.94,4.05,1440.00,17.16,19.58,41.65,22.44,0.9334,1.0102,0.8256,1
117,16,407.59,0.36,1.66,1.37,1.57,1.29,2.92,1440.00,17.16,18.91,34.73,20.86,0.9611,1.0165,0.8256,1
117,17,159.47,0.53,0.65,0.54,0.63,0.52,1.68,1440.00,17.16,18.17,26.67,18.69,0.9933,1.0252,0.8256,1
117,18,5.17,1.00,0.02,0.02,0.02,0.02,0.10,1440.00,17.16,17.22,21.29,20.80,1.0148,1.0168,0.8256,0
117,19,0.00,0.00,0.00,0.00,0.00,0.00,0.00,,17.16,,20.48,20.48,1.0181,1.0181,0.8256,0
117,20,0.00,0.00,0.00,0.00,0.00,0.00,0.00,,17.16,,20.13,20.13,1.0195,1.0195,0.8256,0
117,21,0.00,0.00,0.00,0.00,0.00,0.00,0.00,,17.16,,20.18,20.18,1.0193,1.0193,0.8256,0
117,22,0.00,0.00,0.00,0.00,0.00,0.00,0.00,,17.16,,19.90,19.90,1.0204,1.0204,0.8256,0
117,23,0.00,0.00,0.00,0.00,0.00,0.00,0.00,,17.16,,19.43,19.43,1.0223,1.0223,0.8256,0
117,24,0.00,0.00,0.00,0.00,0.00,0.00,0.00,,17.16,,18.89,18.89,1.0244,1.0244,0.8256,0
118,1,0.00,0.00,0.00,0.00,0.00,0.00,0.00,,17.08,,18.28,18.28,1.0269,1.0269,0.8256,0
118,2,0.00,0.00,0.00,0.00,0.00,0.00,0.00,,17.08,,17.75,17.75,1.0290,1.0290,0.8256,0
118,3,0.00,0.00,0.00,0.00,0.00,0.00,0.00,,17.08,,17.27,17.27,1.0309,1.0309,0.8256,0
118,4,0.00,0.00,0.00,0.00,0.00,0.00,0.00,,17.08,,16.86,16.86,1.0326,1.0326,0.8256,0
118,5,0.00,0.00,0.00,0.00,0.00,0.00,0.00,,17.08,,16.73,16.73,1.0331,1.0331,0.8256,0
118,6,0.00,0.00,0.00,0.00,0.00,0.00,0.00,,17.08,,16.33,16.33,1.0347,1.0347,0.8256,0
118,7,0.00,0.00,0.00,0.00,0.00,0.00,0.00,,17.08,,16.03,16.03,1.0359,1.0359,0.8256,0
118,8,55.27,0.00,0.23,0.19,0.23,0.19,0.00,,17.08,,17.44,17.44,1.0303,1.0303,0.8256,0
118,9,438.94,0.23,1.79,1.48,1.72,1.42,2.03,1440.00,17.08,18.29,29.87,20.25,0.9805,1.0190,0.8256,0
118,10,674.31,0.25,2.73,2.25,2.56,2.11,3.41,1440.00,17.08,19.12,38.18,21.98,0.9473,1.0121,0.8256,0
118,11,825.18,0.28,3.33,2.75,3.04,2.51,4.61,1440.00,17.08,19.84,44.77,22.86,0.9209,1.0086,0.8256,1
118,12,924.12,0.30,3.72,3.07,3.33,2.75,5.53,1440.00,17.08,20.38,49.72,23.46,0.9011,1.0062,0.8256,1
118,13,901.87,0.32,3.63,3.00,3.23,2.67,5.76,1440.00,17.08,20.52,50.84,23.49,0.8966,1.0060,0.8256,1
118,14,794.93,0.34,3.20,2.65,2.88,2.38,5.33,1440.00,17.08,20.26,48.33,23.03,0.9067,1.0079,0.8256,1
118,15,633.13,0.36,2.56,2.11,2.34,1.93,4.55,1440.00,17.08,19.80,43.74,22.12,0.9251,1.0115,0.8256,1
118,16,407.86,0.42,1.66,1.37,1.56,1.28,3.39,1440.00,17.08,19.10,36.70,20.61,0.9532,1.0176,0.8256,1
118,17,133.96,0.75,0.55,0.45,0.53,0.44,2.02,1440.00,17.08,18.28,27.86,18.28,0.9886,1.0269,0.8256,1
118,18,3.70,1.00,0.01,0.01,0.01,0.01,0.07,1440.00,17.08,17.12,23.11,22.75,1.0076,1.0090,0.8256,0
118,19,0.00,0.00,0.00,0.00,0.00,0.00,0.00,,17.08,,22.18,22.18,1.0113,1.0113,0.8256,0
118,20,0.00,0.00,0.00,0.00,0.00,0.00,0.00,,17.08,,21.66,21.66,1.0134,1.0134,0.8256,0
118,21,0.00,0.00,0.00,0.00,0.00,0.00,0.00,,17.08,,21.51,21.51,1.0140,1.0140,0.8256,0
118,22,0.00,0.00,0.00,0.00,0.00,0.00,0.00,,17.08,,21.14,21.14,1.0154,1.0154,0.8256,0
118,23,0.00,0.00,0.00,0.00,0.00,0.00,0.00,,17.08,,20.74,20.74,1.0170,1.0170,0.8256,0
118,24,0.00,0.00,0.00,0.00,0.00,0.00,0.00,,17.08,,20.48,20.48,1.0181,1.0181,0.8256,0
119,1,0.00,0.00,0.00,0.00,0.00,0.00,0.00,,17.00,,20.13,20.13,1.0195,1.0195,0.8256,0
119,2,0.00,0.00,0.00,0.00,0.00,0.00,0.00,,17.00,,19.90,19.90,1.0204,1.0204,0.8256,0
119,3,0.00,0.00,0.00,0.00,0.00,0.00,0.00,,17.00,,19.78,19.78,1.0209,1.0209,0.8256,0
119,4,0.00,0.00,0.00,0.00,0.00,0.00,0.00,,17.00,,19.56,19.56,1.0218,1.0218,0.8256,0
119,5,0.00,0.00,0.00,0.00,0.00,0.00,0.00,,17.00,,19.30,19.30,1.0228,1.0228,0.8256,0
119,6,0.00,0.00,0.00,0.00,0.00,0.00,0.00,,17.00,,19.16,19.16,1.0234,1.0234,0.8256,0
119,7,0.00,0.00,0.00,0.00,0.00,0.00,0.00,,17.00,,18.94,18.94,1.0242,1.0242,0.8256,0
119,8,35.02,0.81,0.14,0.12,0.14,0.12,0.56,1440.00,17.00,17.33,19.93,17.25,1.0203,1.0310,0.8256,0
119,9,111.90,0.46,0.46,0.38,0.45,0.37,1.03,1440.00,17.00,17.61,22.51,17.63,1.0100,1.0295,0.8256,0
119,10,241.88,0.36,0.99,0.82,0.96,0.79,1.74,1440.00,17.00,18.04,26.69,18.41,0.9932,1.0264,0.8256,0
119,11,243.29,0.35,1.00,0.82,0.97,0.80,1.73,1440.00,17.00,18.03,26.73,18.53,0.9931,1.0259,0.8256,1
119,12,126.09,0.42,0.52,0.43,0.51,0.42,1.07,1440.00,17.00,17.63,22.87,17.81,1.0085,1.0288,0.8256,1
119,13,183.74,0.36,0.76,0.62,0.74,0.61,1.33,1440.00,17.00,17.79,24.35,18.03,1.0026,1.0279,0.8256,1
119,14,175.45,0.38,0.72,0.60,0.70,0.58,1.32,1440.00,17.00,17.79,24.12,17.86,1.0035,1.0286,0.8256,1
119,15,279.88,0.33,1.15,0.95,1.11,0.92,1.85,1440.00,17.00,18.10,27.38,18.59,0.9905,1.0257,0.8256,1
119,16,163.03,0.38,0.67,0.55,0.65,0.54,1.25,1440.00,17.00,17.74,23.90,17.97,1.0044,1.0281,0.8256,1
119,17,27.78,0.94,0.11,0.09,0.11,0.09,0.52,1440.00,17.00,17.31,19.67,17.18,1.0213,1.0313,0.8256,0
119,18,0.62,1.00,0.00,0.00,0.00,0.00,0.01,1440.00,17.00,17.01,18.77,18.71,1.0249,1.0252,0.8256,0
119,19,0.00,0.00,0.00,0.00,0.00,0.00,0.00,,17.00,,18.46,18.46,1.0262,1.0262,0.8256,0
119,20,0.00,0.00,0.00,0.00,0.00,0.00,0.00,,17.00,,18.40,18.40,1.0264,1.0264,0.8256,0
119,21,0.00,0.00,0.00,0.00,0.00,0.00,0.00,,17.00,,18.20,18.20,1.0272,1.0272,0.8256,0
119,22,0.00,0.00,0.00,0.00,0.00,0.00,0.00,,17.00,,18.08,18.08,1.0277,1.0277,0.8256,0
119,23,0.00,0.00,0.00,0.00,0.00,0.00,0.00,,17.00,,17.85,17.85,1.0286,1.0286,0.8256,0
119,24,0.00,0.00,0.00,0.00,0.00,0.00,0.00,,17.00,,17.87,17.87,1.0285,1.0285,0.8256,0
120,1,0.00,0.00,0.00,0.00,0.00,0.00,0.00,,16.92,,17.75,17.75,1.0290,1.0290,0.8256,0
120,2,0.00,0.00,0.00,0.00,0.00,0.00,0.00,,16.92,,17.56,17.56,1.0298,1.0298,0.8256,0
120,3,0.00,0.00,0.00,0.00,0.00,0.00,0.00,,16.92,,17.31,17.31,1.0308,1.0308,0.8256,0
120,4,0.00,0.00,0.00,0.00,0.00,0.00,0.00,,16.92,,16.62,16.62,1.0335,1.0335,0.8256,0
120,5,0.00,0.00,0.00,0.00,0.00,0.00,0.00,,16.92,,16.20,16.20,1.0352,1.0352,0.8256,0
120,6,0.00,0.00,0.00,0.00,0.00,0.00,0.00,,16.92,,16.00,16.00,1.0360,1.0360,0.8256,0
120,7,0.00,0.00,0.00,0.00,0.00,0.00,0.00,,16.92,,15.86,15.86,1.0366,1.0366,0.8256,0
120,8,24.94,0.00,0.10,0.09,0.10,0.09,0.00,,16.92,,16.68,16.68,1.0333,1.0333,0.8256,0
120,9,59.59,0.05,0.25,0.20,0.25,0.20,0.06,1440.00,16.92,16.95,17.70,17.42,1.0292,1.0303,0.8256,0
120,10,147.76,0.18,0.61,0.50,0.60,0.50,0.52,1440.00,16.92,17.23,20.63,18.16,1.0175,1.0273,0.8256,0
120,11,222.11,0.21,0.91,0.75,0.90,0.74,0.93,1440.00,16.92,17.47,23.13,18.72,1.0075,1.0251,0.8256,1
120,12,297.78,0.23,1.22,1.01,1.19,0.98,1.38,1440.00,16.92,17.74,25.77,19.22,0.9969,1.0231,0.8256,1
120,13,331.34,0.25,1.36,1.12,1.31,1.08,1.66,1440.00,16.92,17.91,27.26,19.40,0.9909,1.0224,0.8256,1
120,14,310.12,0.27,1.27,1.05,1.23,1.02,1.65,1440.00,16.92,17.90,27.02,19.19,0.9919,1.0232,0.8256,1
120,15,278.06,0.29,1.14,0.94,1.11,0.91,1.59,1440.00,16.92,17.86,26.51,18.97,0.9940,1.0241,0.8256,1
120,16,276.37,0.30,1.13,0.93,1.10,0.91,1.65,1440.00,16.92,17.90,26.80,18.96,0.9928,1.0242,0.8256,1
120,17,113.09,0.36,0.47,0.38,0.46,0.38,0.82,1440.00,16.92,17.41,21.68,17.77,1.0133,1.0289,0.8256,1
120,18,1.95,1.00,0.01,0.01,0.01,0.01,0.04,1440.00,16.92,16.94,17.62,17.44,1.0295,1.0303,0.8256,0
120,19,0.00,0.00,0.00,0.00,0.00,0.00,0.00,,16.92,,16.79,16.79,1.0328,1.0328,0.8256,0
120,20,0.00,0.00,0.00,0.00,0.00,0.00,0.00,,16.92,,16.31,16.31,1.0348,1.0348,0.8256,0
120,21,0.00,0.00,0.00,0.00,0.00,0.00,0.00,,16.92,,16.32,16.32,1.0347,1.0347,0.8256,0
120,22,0.00,0.00,0.00,0.00,0.00,0.00,0.00,,16.92,,15.83,15.83,1.0367,1.0367,0.8256,0
120,23,0.00,0.00,0.00,0.00,0.00,0.00,0.00,,16.92,,15.42,15.42,1.0383,1.0383,0.8256,0
120,24,0.00,0.00,0.00,0.00,0.00,0.00,0.00,,16.92,,15.08,15.08,1.0397,1.0397,0.8256,0
121,1,0.00,0.00,0.00,0.00,0.00,0.00,0.00,,16.83,,14.81,14.81,1.0408,1.0408,0.8256,0
121,2,0.00,0.00,0.00,0.00,0.00,0.00,0.00,,16.83,,14.56,14.56,1.0418,1.0418,0.8256,0
121,3,0.00,0.00,0.00,0.00,0.00,0.00,0.00,,16.83,,12.35,12.35,1.0506,1.0506,0.8256,0
121,4,0.00,0.00,0.00,0.00,0.00,0.00,0.00,,16.83,,12.91,12.91,1.0484,1.0484,0.8256,0
121,5,0.00,0.00,0.00,0.00,0.00,0.00,0.00,,16.83,,13.47,13.47,1.0461,1.0461,0.8256,0
121,6,0.00,0.00,0.00,0.00,0.00,0.00,0.00,,16.83,,14.03,14.03,1.0439,1.0439,0.8256,0
121,7,0.00,0.00,0.00,0.00,0.00,0.00,0.00,,16.83,,14.59,14.59,1.0416,1.0416,0.8256,0
121,8,40.93,0.00,0.17,0.14,0.17,0.14,0.00,,16.83,,16.43,16.43,1.0343,1.0343,0.8256,0
121,9,483.89,0.23,1.97,1.63,1.89,1.56,2.21,1440.00,16.83,18.16,30.83,20.32,0.9767,1.0187,0.8256,0
121,10,647.00,0.24,2.62,2.17,2.47,2.04,3.16,1440.00,16.83,18.73,36.49,21.46,0.9540,1.0142,0.8256,0
121,11,544.74,0.25,2.22,1.83,2.10,1.74,2.77,1440.00,16.83,18.49,33.85,20.70,0.9646,1.0172,0.8256,1
121,12,671.48,0.26,2.72,2.25,2.54,2.10,3.54,1440.00,16.83,18.95,38.37,21.57,0.9465,1.0137,0.8256,1
121,13,584.63,0.28,2.38,1.96,2.23,1.84,3.22,1440.00,16.83,18.76,36.22,20.92,0.9551,1.0163,0.8256,1
121,14,551.28,0.29,2.24,1.85,2.11,1.74,3.17,1440.00,16.83,18.73,35.74,20.66,0.9571,1.0174,0.8256,1
121,15,394.69,0.32,1.61,1.33,1.54,1.27,2.50,1440.00,16.83,18.33,31.41,19.55,0.9743,1.0218,0.8256,1
121,16,284.18,0.36,1.17,0.96,1.12,0.93,2.05,1440.00,16.83,18.06,28.52,18.78,0.9859,1.0249,0.8256,1
121,17,115.97,0.56,0.48,0.39,0.47,0.38,1.31,1440.00,16.83,17.62,23.82,17.62,1.0047,1.0295,0.8256,1
121,18,0.76,1.00,0.00,0.00,0.00,0.00,0.02,1440.00,16.83,16.84,20.78,20.71,1.0169,1.0172,0.8256,0
121,19,0.00,0.00,0.00,0.00,0.00,0.00,0.00,,16.83,,19.55,19.55,1.0218,1.0218,0.8256,0
121,20,0.00,0.00,0.00,0.00,0.00,0.00,0.00,,16.83,,19.63,19.63,1.0215,1.0215,0.8256,0
121,21,0.00,0.00,0.00,0.00,0.00,0.00,0.00,,16.83,,18.90,18.90,1.0244,1.0244,0.8256,0
121,22,0.00,0.00,0.00,0.00,0.00,0.00,0.00,,16.83,,19.03,19.03,1.0239,1.0239,0.8256,0
121,23,0.00,0.00,0.00,0.00,0.00,0.00,0.00,,16.83,,18.98,18.98,1.0241,1.0241,0.8256,0
121,24,0.00,0.00,0.00,0.00,0.00,0.00,0.00,,16.83,,18.28,18.28,1.0269,1.0269,0.8256,0
122,1,0.00,0.00,0.00,0.00,0.00,0.00,0.00,,16.75,,17.78,17.78,1.0289,1.0289,0.8256,0
122,2,0.00,0.00,0.00,0.00,0.00,0.00,0.00,,16.75,,17.43,17.43,1.0303,1.0303,0.8256,0
122,3,0.00,0.00,0.00,0.00,0.00,0.00,0.00,,16.75,,16.99,16.99,1.0320,1.0320,0.8256,0
122,4,0.00,0.00,0.00,0.00,0.00,0.00,0.00,,16.75,,16.82,16.82,1.0327,1.0327,0.8256,0
122,5,0.00,0.00,0.00,0.00,0.00,0.00,0.00,,16.75,,16.62,16.62,1.0335,1.0335,0.8256,0
122,6,0.00,0.00,0.00,0.00,0.00,0.00,0.00,,16.75,,16.22,16.22,1.0351,1.0351,0.8256,0
122,7,0.00,0.00,0.00,0.00,0.00,0.00,0.00,,16.75,,15.87,15.87,1.0365,1.0365,0.8256,0
122,8,41.78,0.00,0.17,0.14,0.17,0.14,0.00,,16.75,,16.73,16.73,1.0331,1.0331,0.8256,0
122,9,496.47,0.23,2.02,1.67,1.94,1.60,2.25,1440.00,16.75,18.10,31.26,20.60,0.9749,1.0176,0.8256,0
122,10,698.13,0.23,2.82,2.33,2.65,2.19,3.27,1440.00,16.75,18.71,37.78,22.24,0.9489,1.0110,0.8256,0
122,11,849.45,0.25,3.42,2.83,3.14,2.60,4.31,1440.00,16.75,19.33,43.61,23.11,0.9256,1.0075,0.8256,1
122,12,913.12,0.29,3.68,3.04,3.31,2.74,5.28,1440.00,16.75,19.91,48.23,23.15,0.9071,1.0074,0.8256,1
122,13,898.62,0.32,3.63,3.00,3.24,2.67,5.71,1440.00,16.75,20.16,49.77,22.66,0.9009,1.0093,0.8256,1
122,14,803.62,0.34,3.26,2.69,2.92,2.41,5.42,1440.00,16.75,19.99,47.53,21.78,0.9099,1.0129,0.8256,1
122,15,634.24,0.38,2.58,2.13,2.35,1.94,4.80,1440.00,16.75,19.62,43.18,20.39,0.9273,1.0185,0.8256,1
122,16,405.50,0.45,1.66,1.37,1.55,1.28,3.67,1440.00,16.75,18.95,36.31,18.86,0.9548,1.0246,0.8256,1
122,17,149.03,0.76,0.61,0.51,0.59,0.49,2.27,1440.00,16.75,18.11,28.42,17.62,0.9863,1.0295,0.8256,1
122,18,0.80,1.00,0.00,0.00,0.00,0.00,0.02,1440.00,16.75,16.76,22.17,22.09,1.0113,1.0116,0.8256,0
122,19,0.00,0.00,0.00,0.00,0.00,0.00,0.00,,16.75,,21.25,21.25,1.0150,1.0150,0.8256,0
122,20,0.00,0.00,0.00,0.00,0.00,0.00,0.00,,16.75,,20.90,20.90,1.0164,1.0164,0.8256,0
122,21,0.00,0.00,0.00,0.00,0.00,0.00,0.00,,16.75,,20.50,20.50,1.0180,1.0180,0.8256,0
122,22,0.00,0.00,0.00,0.00,0.00,0.00,0.00,,16.75,,21.20,21.20,1.0152,1.0152,0.8256,0
122,23,0.00,0.00,0.00,0.00,0.00,0.00,0.00,,16.75,,21.15,21.15,1.0154,1.0154,0.8256,0
122,24,0.00,0.00,0.00,0.00,0.00,0.00,0.00,,16.75,,19.89,19.89,1.0204,1.0204,0.8256,0
123,1,0.00,0.00,0.00,0.00,0.00,0.00,0.00,,16.67,,19.79,19.79,1.0208,1.0208,0.8256,0
123,2,0.00,0.00,0.00,0.00,0.00,0.00,0.00,,16.67,,19.64,19.64,1.0214,1.0214,0.8256,0
123,3,0.00,0.00,0.00,0.00,0.00,0.00,0.00,,16.67,,19.11,19.11,1.0236,1.0236,0.8256,0
123,4,0.00,0.00,0.00,0.00,0.00,0.00,0.00,,16.67,,18.99,18.99,1.0240,1.0240,0.8256,0
123,5,0.00,0.00,0.00,0.00,0.00,0.00,0.00,,16.67,,18.82,18.82,1.0247,1.0247,0.8256,0
123,6,0.00,0.00,0.00,0.00,0.00,0.00,0.00,,16.67,,18.71,18.71,1.0252,1.0252,0.8256,0
123,7,0.00,0.00,0.00,0.00,0.00,0.00,0.00,,16.67,,18.71,18.71,1.0252,1.0252,0.8256,0
123,8,38.94,0.80,0.16,0.13,0.16,0.13,0.63,1440.00,16.67,17.05,19.93,16.96,1.0203,1.0322,0.8256,0
123,9,382.38,0.35,1.56,1.29,1.49,1.23,2.67,1440.00,16.67,18.27,31.96,19.29,0.9722,1.0228,0.8256,0
123,10,519.14,0.33,2.12,1.75,1.98,1.64,3.40,1440.00,16.67,18.70,36.36,20.23,0.9545,1.0191,0.8256,0
123,11,693.02,0.31,2.81,2.32,2.58,2.13,4.35,1440.00,16.67,19.27,42.01,21.34,0.9320,1.0146,0.8256,1
123,12,641.02,0.34,2.61,2.15,2.40,1.98,4.30,1440.00,16.67,19.24,41.33,20.92,0.9347,1.0163,0.8256,1
123,13,613.69,0.35,2.50,2.06,2.30,1.90,4.25,1440.00,16.67,19.21,41.03,20.84,0.9359,1.0166,0.8256,1
123,14,582.82,0.35,2.37,1.96,2.19,1.81,4.04,1440.00,16.67,19.09,40.04,20.85,0.9398,1.0166,0.8256,1
123,15,409.42,0.38,1.67,1.38,1.58,1.30,3.12,1440.00,16.67,18.54,34.45,19.63,0.9622,1.0215,0.8256,1
123,16,292.77,0.43,1.20,0.99,1.14,0.94,2.53,1440.00,16.67,18.19,30.79,18.77,0.9768,1.0249,0.8256,1
123,17,107.98,0.74,0.44,0.37,0.43,0.36,1.61,1440.00,16.67,17.63,25.07,17.44,0.9997,1.0303,0.8256,1
123,18,0.52,1.00,0.00,0.00,0.00,0.00,0.01,1440.00,16.67,16.68,21.08,21.03,1.0157,1.0159,0.8256,0
123,19,0.00,0.00,0.00,0.00,0.00,0.00,0.00,,16.67,,21.09,21.09,1.0156,1.0156,0.8256,0
123,20,0.00,0.00,0.00,0.00,0.00,0.00,0.00,,16.67,,20.94,20.94,1.0162,1.0162,0.8256,0
123,21,0.00,0.00,0.00,0.00,0.00,0.00,0.00,,16.67,,20.46,20.46,1.0182,1.0182,0.8256,0
123,22,0.00,0.00,0.00,0.00,0.00,0.00,0.00,,16.67,,20.41,20.41,1.0184,1.0184,0.8256,0
123,23,0.00,0.00,0.00,0.00,0.00,0.00,0.00,,16.67,,20.35,20.35,1.0186,1.0186,0.8256,0
123,24,0.00,0.00,0.00,0.00,0.00,0.00,0.00,,16.67,,19.13,19.13,1.0235,1.0235,0.8256,0
124,1,0.00,0.00,0.00,0.00,0.00,0.00,0.00,,16.59,,18.82,18.82,1.0247,1.0247,0.8256,0
124,2,0.00,0.00,0.00,0.00,0.00,0.00,0.00,,16.59,,18.94,18.94,1.0242,1.0242,0.8256,0
124,3,0.00,0.00,0.00,0.00,0.00,0.00,0.00,,16.59,,18.62,18.62,1.0255,1.0255,0.8256,0
124,4,0.00,0.00,0.00,0.00,0.00,0.00,0.00,,16.59,,18.68,18.68,1.0253,1.0253,0.8256,0
124,5,0.00,0.00,0.00,0.00,0.00,0.00,0.00,,16.59,,18.67,18.67,1.0253,1.0253,0.8256,0
124,6,0.00,0.00,0.00,0.00,0.00,0.00,0.00,,16.59,,18.54,18.54,1.0258,1.0258,0.8256,0
124,7,0.00,0.00,0.00,0.00,0.00,0.00,0.00,,16.59,,18.17,18.17,1.0273,1.0273,0.8256,0
124,8,40.79,0.56,0.17,0.14,0.17,0.14,0.46,1440.00,16.59,16.87,19.08,16.90,1.0237,1.0324,0.8256,0
124,9,428.53,0.29,1.75,1.45,1.67,1.38,2.52,1440.00,16.59,18.10,31.49,19.50,0.9740,1.0220,0.8256,0
124,10,596.14,0.29,2.43,2.00,2.27,1.87,3.47,1440.00,16.59,18.67,36.99,20.51,0.9520,1.0179,0.8256,0
124,11,719.98,0.29,2.92,2.41,2.69,2.22,4.25,1440.00,16.59,19.13,41.50,21.33,0.9340,1.0147,0.8256,1
124,12,751.84,0.31,3.04,2.51,2.78,2.29,4.59,1440.00,16.59,19.34,44.05,22.26,0.9238,1.0110,0.8256,1
124,13,783.80,0.31,3.16,2.61,2.87,2.37,4.91,1440.00,16.59,19.52,46.21,22.92,0.9151,1.0083,0.8256,1
124,14,703.94,0.32,2.85,2.35,2.60,2.15,4.57,1440.00,16.59,19.33,44.11,22.39,0.9236,1.0105,0.8256,1
124,15,601.82,0.34,2.44,2.01,2.25,1.86,4.15,1440.00,16.59,19.07,41.39,21.68,0.9345,1.0133,0.8256,1
124,16,370.75,0.42,1.51,1.25,1.43,1.18,3.11,1440.00,16.59,18.45,34.55,19.76,0.9618,1.0210,0.8256,1
124,17,112.60,0.84,0.46,0.38,0.45,0.37,1.89,1440.00,16.59,17.72,26.57,17.62,0.9937,1.0295,0.8256,1
124,18,0.47,1.00,0.00,0.00,0.00,0.00,0.01,1440.00,16.59,16.60,22.22,22.18,1.0111,1.0113,0.8256,0
124,19,0.00,0.00,0.00,0.00,0.00,0.00,0.00,,16.59,,21.69,21.69,1.0132,1.0132,0.8256,0
124,20,0.00,0.00,0.00,0.00,0.00,0.00,0.00,,16.59,,21.65,21.65,1.0134,1.0134,0.8256,0
124,21,0.00,0.00,0.00,0.00,0.00,0.00,0.00,,16.59,,20.72,20.72,1.0171,1.0171,0.8256,0
124,22,0.00,0.00,0.00,0.00,0.00,0.00,0.00,,16.59,,20.44,20.44,1.0182,1.0182,0.8256,0
124,23,0.00,0.00,0.00,0.00,0.00,0.00,0.00,,16.59,,20.16,20.16,1.0194,1.0194,0.8256,0
124,24,0.00,0.00,0.00,0.00,0.00,0.00,0.00,,16.59,,19.27,19.27,1.0229,1.0229,0.8256,0
125,1,0.00,0.00,0.00,0.00,0.00,0.00,0.00,,16.51,,19.02,19.02,1.0239,1.0239,0.8256,0
125,2,0.00,0.00,0.00,0.00,0.00,0.00,0.00,,16.51,,18.83,18.83,1.0247,1.0247,0.8256,0
125,3,0.00,0.00,0.00,0.00,0.00,0.00,0.00,,16.51,,18.17,18.17,1.0273,1.0273,0.8256,0
125,4,0.00,0.00,0.00,0.00,0.00,0.00,0.00,,16.51,,17.88,17.88,1.0285,1.0285,0.8256,0
125,5,0.00,0.00,0.00,0.00,0.00,0.00,0.00,,16.51,,17.60,17.60,1.0296,1.0296,0.8256,0
125,6,0.00,0.00,0.00,0.00,0.00,0.00,0.00,,16.51,,17.47,17.47,1.0301,1.0301,0.8256,0
125,7,0.00,0.00,0.00,0.00,0.00,0.00,0.00,,16.51,,17.44,17.44,1.0302,1.0302,0.8256,0
125,8,36.96,0.50,0.15,0.13,0.15,0.13,0.37,1440.00,16.51,16.74,18.60,16.84,1.0256,1.0327,0.8256,0
125,9,300.78,0.31,1.23,1.02,1.19,0.98,1.84,1440.00,16.51,17.61,27.85,19.10,0.9886,1.0236,0.8256,0
125,10,423.07,0.28,1.72,1.42,1.65,1.36,2.39,1440.00,16.51,17.94,31.77,20.40,0.9729,1.0184,0.8256,0
125,11,773.00,0.26,3.11,2.56,2.87,2.37,4.04,1440.00,16.51,18.93,43.08,23.87,0.9277,1.0045,0.8256,1
125,12,843.77,0.27,3.38,2.79,3.09,2.55,4.52,1440.00,16.51,19.22,46.42,24.94,0.9143,1.0002,0.8256,1
125,13,449.58,0.31,1.83,1.51,1.73,1.43,2.77,1440.00,16.51,18.17,34.44,21.27,0.9622,1.0149,0.8256,1
125,14,234.33,0.27,0.96,0.79,0.94,0.77,1.28,1440.00,16.51,17.28,25.04,18.94,0.9998,1.0242,0.8256,1
125,15,393.86,0.26,1.60,1.32,1.54,1.27,2.06,1440.00,16.51,17.74,30.60,20.83,0.9776,1.0167,0.8256,1
125,16,372.81,0.26,1.52,1.25,1.46,1.21,1.96,1440.00,16.51,17.69,30.13,20.81,0.9795,1.0167,0.8256,1
125,17,144.60,0.35,0.59,0.49,0.58,0.48,1.00,1440.00,16.51,17.11,22.91,18.17,1.0084,1.0273,0.8256,1
125,18,0.43,1.00,0.00,0.00,0.00,0.00,0.01,1440.00,16.51,16.52,17.11,17.07,1.0315,1.0317,0.8256,0
125,19,0.00,0.00,0.00,0.00,0.00,0.00,0.00,,16.51,,16.30,16.30,1.0348,1.0348,0.8256,0
125,20,0.00,0.00,0.00,0.00,0.00,0.00,0.00,,16.51,,15.96,15.96,1.0362,1.0362,0.8256,0
125,21,0.00,0.00,0.00,0.00,0.00,0.00,0.00,,16.51,,15.06,15.06,1.0398,1.0398,0.8256,0
125,22,0.00,0.00,0.00,0.00,0.00,0.00,0.00,,16.51,,14.82,14.82,1.0407,1.0407,0.8256,0
125,23,0.00,0.00,0.00,0.00,0.00,0.00,0.00,,16.51,,14.57,14.57,1.0417,1.0417,0.8256,0
125,24,0.00,0.00,0.00,0.00,0.00,0.00,0.00,,16.51,,13.79,13.79,1.0448,1.0448,0.8256,0
126,1,0.00,0.00,0.00,0.00,0.00,0.00,0.00,,16.43,,13.61,13.61,1.0456,1.0456,0.8256,0
126,2,0.00,0.00,0.00,0.00,0.00,0.00,0.00,,16.43,,13.43,13.43,1.0463,1.0463,0.8256,0
126,3,0.00,0.00,0.00,0.00,0.00,0.00,0.00,,16.43,,12.69,12.69,1.0492,1.0492,0.8256,0
126,4,0.00,0.00,0.00,0.00,0.00,0.00,0.00,,16.43,,12.44,12.44,1.0502,1.0502,0.8256,0
126,5,0.00,0.00,0.00,0.00,0.00,0.00,0.00,,16.43,,12.32,12.32,1.0507,1.0507,0.8256,0
126,6,0.00,0.00,0.00,0.00,0.00,0.00,0.00,,16.43,,11.90,11.90,1.0524,1.0524,0.8256,0
126,7,0.00,0.00,0.00,0.00,0.00,0.00,0.00,,16.43,,11.87,11.87,1.0525,1.0525,0.8256,0
126,8,36.67,0.00,0.15,0.13,0.15,0.13,0.00,,16.43,,13.05,13.05,1.0478,1.0478,0.8256,0
126,9,519.27,0.18,2.11,1.74,2.03,1.68,1.86,1440.00,16.43,17.54,30.19,21.37,0.9793,1.0145,0.8256,0
126,10,707.46,0.20,2.85,2.35,2.70,2.23,2.79,1440.00,16.43,18.10,36.52,23.27,0.9539,1.0069,0.8256,0
126,11,847.59,0.21,3.40,2.80,3.17,2.62,3.55,1440.00,16.43,18.55,41.34,24.50,0.9347,1.0020,0.8256,1
126,12,907.89,0.24,3.64,3.00,3.34,2.76,4.29,1440.00,16.43,19.00,44.85,24.49,0.9206,1.0020,0.8256,1
126,13,889.43,0.26,3.58,2.95,3.26,2.69,4.66,1440.00,16.43,19.22,45.84,23.71,0.9166,1.0052,0.8256,1
126,14,790.93,0.28,3.19,2.64,2.93,2.42,4.38,1440.00,16.43,19.05,43.41,22.61,0.9264,1.0096,0.8256,1
126,15,624.80,0.30,2.54,2.09,2.36,1.95,3.72,1440.00,16.43,18.66,38.87,21.18,0.9445,1.0153,0.8256,1
126,16,392.10,0.34,1.60,1.32,1.53,1.26,2.63,1440.00,16.43,18.01,31.81,19.33,0.9727,1.0227,0.8256,1
126,17,136.87,0.50,0.56,0.47,0.55,0.45,1.37,1440.00,16.43,17.26,23.93,17.40,1.0043,1.0304,0.8256,1
126,18,0.33,1.00,0.00,0.00,0.00,0.00,0.01,1440.00,16.43,16.44,18.59,18.56,1.0256,1.0258,0.8256,0
126,19,0.00,0.00,0.00,0.00,0.00,0.00,0.00,,16.43,,18.01,18.01,1.0280,1.0280,0.8256,0
126,20,0.00,0.00,0.00,0.00,0.00,0.00,0.00,,16.43,,17.85,17.85,1.0286,1.0286,0.8256,0
126,21,0.00,0.00,0.00,0.00,0.00,0.00,0.00,,16.43,,16.52,16.52,1.0339,1.0339,0.8256,0
126,22,0.00,0.00,0.00,0.00,0.00,0.00,0.00,,16.43,,15.86,15.86,1.0366,1.0366,0.8256,0
126,23,0.00,0.00,0.00,0.00,0.00,0.00,0.00,,16.43,,15.42,15.42,1.0383,1.0383,0.8256,0
126,24,0.00,0.00,0.00,0.00,0.00,0.00,0.00,,16.43,,14.67,14.67,1.0413,1.0413,0.8256,0
127,1,0.00,0.00,0.00,0.00,0.00,0.00,0.00,,16.36,,14.46,14.46,1.0422,1.0422,0.8256,0
127,2,0.00,0.00,0.00,0.00,0.00,0.00,0.00,,16.36,,14.37,14.37,1.0425,1.0425,0.8256,0
127,3,0.00,0.00,0.00,0.00,0.00,0.00,0.00,,16.36,,13.90,13.90,1.0444,1.0444,0.8256,0
127,4,0.00,0.00,0.00,0.00,0.00,0.00,0.00,,16.36,,13.85,13.85,1.0446,1.0446,0.8256,0
127,5,0.00,0.00,0.00,0.00,0.00,0.00,0.00,,16.36,,13.67,13.67,1.0453,1.0453,0.8256,0
127,6,0.00,0.00,0.00,0.00,0.00,0.00,0.00,,16.36,,13.27,13.27,1.0469,1.0469,0.8256,0
127,7,0.00,0.00,0.00,0.00,0.00,0.00,0.00,,16.36,,13.11,13.11,1.0476,1.0476,0.8256,0
127,8,37.10,0.00,0.15,0.13,0.15,0.13,0.00,,16.36,,14.12,14.12,1.0435,1.0435,0.8256,0
127,9,495.12,0.20,2.02,1.66,1.94,1.60,2.00,1440.00,16.36,17.55,30.11,20.61,0.9795,1.0175,0.8256,0
127,10,671.36,0.22,2.72,2.24,2.57,2.12,2.97,1440.00,16.36,18.13,36.02,21.92,0.9559,1.0123,0.8256,0
127,11,815.27,0.23,3.29,2.72,3.05,2.52,3.83,1440.00,16.36,18.65,41.05,22.85,0.9358,1.0086,0.8256,1
127,12,884.33,0.26,3.57,2.94,3.26,2.69,4.62,1440.00,16.36,19.11,44.90,22.98,0.9204,1.0081,0.8256,1
127,13,860.53,0.28,3.48,2.87,3.16,2.61,4.88,1440.00,16.36,19.27,45.44,22.25,0.9182,1.0110,0.8256,1
127,14,772.78,0.30,3.14,2.59,2.87,2.37,4.60,1440.00,16.36,19.11,43.06,21.19,0.9278,1.0152,0.8256,1
127,15,624.55,0.32,2.55,2.10,2.36,1.95,4.02,1440.00,16.36,18.76,39.04,19.97,0.9439,1.0201,0.8256,1
127,16,392.33,0.36,1.61,1.33,1.53,1.26,2.83,1440.00,16.36,18.05,31.98,18.52,0.9721,1.0259,0.8256,1
127,17,134.05,0.56,0.55,0.46,0.54,0.44,1.49,1440.00,16.36,17.25,24.16,17.07,1.0034,1.0317,0.8256,1
127,18,0.19,1.00,0.00,0.00,0.00,0.00,0.00,1440.00,16.36,16.36,18.53,18.51,1.0259,1.0260,0.8256,0
127,19,0.00,0.00,0.00,0.00,0.00,0.00,0.00,,16.36,,17.86,17.86,1.0286,1.0286,0.8256,0
127,20,0.00,0.00,0.00,0.00,0.00,0.00,0.00,,16.36,,17.73,17.73,1.0291,1.0291,0.8256,0
127,21,0.00,0.00,0.00,0.00,0.00,0.00,0.00,,16.36,,18.53,18.53,1.0259,1.0259,0.8256,0
127,22,0.00,0.00,0.00,0.00,0.00,0.00,0.00,,16.36,,17.83,17.83,1.0287,1.0287,0.8256,0
127,23,0.00,0.00,0.00,0.00,0.00,0.00,0.00,,16.36,,16.61,16.61,1.0336,1.0336,0.8256,0
127,24,0.00,0.00,0.00,0.00,0.00,0.00,0.00,,16.36,,15.38,15.38,1.0385,1.0385,0.8256,0
128,1,0.00,0.00,0.00,0.00,0.00,0.00,0.00,,16.28,,14.94,14.94,1.0402,1.0402,0.8256,0
128,2,0.00,0.00,0.00,0.00,0.00,0.00,0.00,,16.28,,14.61,14.61,1.0416,1.0416,0.8256,0
128,3,0.00,0.00,0.00,0.00,0.00,0.00,0.00,,16.28,,13.93,13.93,1.0443,1.0443,0.8256,0
128,4,0.00,0.00,0.00,0.00,0.00,0.00,0.00,,16.28,,13.76,13.76,1.0450,1.0450,0.8256,0
128,5,0.00,0.00,0.00,0.00,0.00,0.00,0.00,,16.28,,13.46,13.46,1.0462,1.0462,0.8256,0
128,6,0.00,0.00,0.00,0.00,0.00,0.00,0.00,,16.28,,12.97,12.97,1.0481,1.0481,0.8256,0
128,7,0.00,0.00,0.00,0.00,0.00,0.00,0.00,,16.28,,12.73,12.73,1.0491,1.0491,0.8256,0
128,8,36.01,0.00,0.15,0.12,0.15,0.12,0.00,,16.28,,13.82,13.82,1.0447,1.0447,0.8256,0
128,9,57.16,0.00,0.24,0.20,0.24,0.20,0.00,,16.28,,16.56,16.56,1.0338,1.0338,0.8256,0
128,10,685.24,0.24,2.78,2.30,2.61,2.16,3.25,1440.00,16.28,18.22,36.81,21.37,0.9527,1.0145,0.8256,0
128,11,819.92,0.25,3.32,2.74,3.06,2.53,4.13,1440.00,16.28,18.74,41.84,22.24,0.9326,1.0110,0.8256,1
128,12,879.60,0.28,3.55,2.93,3.22,2.66,4.98,1440.00,16.28,19.25,46.10,22.44,0.9156,1.0103,0.8256,1
128,13,860.02,0.31,3.48,2.88,3.14,2.59,5.26,1440.00,16.28,19.42,46.78,21.80,0.9129,1.0128,0.8256,1
128,14,763.75,0.32,3.11,2.57,2.82,2.33,4.94,1440.00,16.28,19.23,44.09,20.61,0.9237,1.0176,0.8256,1
128,15,597.26,0.35,2.44,2.02,2.25,1.86,4.20,1440.00,16.28,18.79,39.32,19.38,0.9427,1.0225,0.8256,1
128,16,374.03,0.40,1.54,1.27,1.45,1.20,2.99,1440.00,16.28,18.06,32.48,18.30,0.9701,1.0268,0.8256,1
128,17,124.55,0.65,0.51,0.42,0.50,0.41,1.63,1440.00,16.28,17.25,24.73,17.00,1.0011,1.0320,0.8256,1
128,18,0.09,1.00,0.00,0.00,0.00,0.00,0.00,1440.00,16.28,16.28,19.24,19.23,1.0230,1.0231,0.8256,0
128,19,0.00,0.00,0.00,0.00,0.00,0.00,0.00,,16.28,,18.73,18.73,1.0251,1.0251,0.8256,0
128,20,0.00,0.00,0.00,0.00,0.00,0.00,0.00,,16.28,,18.71,18.71,1.0252,1.0252,0.8256,0
128,21,0.00,0.00,0.00,0.00,0.00,0.00,0.00,,16.28,,17.92,17.92,1.0283,1.0283,0.8256,0
128,22,0.00,0.00,0.00,0.00,0.00,0.00,0.00,,16.28,,17.70,17.70,1.0292,1.0292,0.8256,0
128,23,0.00,0.00,0.00,0.00,0.00,0.00,0.00,,16.28,,17.58,17.58,1.0297,1.0297,0.8256,0
128,24,0.00,0.00,0.00,0.00,0.00,0.00,0.00,,16.28,,17.03,17.03,1.0319,1.0319,0.8256,0
129,1,0.00,0.00,0.00,0.00,0.00,0.00,0.00,,16.20,,16.51,16.51,1.0340,1.0340,0.8256,0
129,2,0.00,0.00,0.00,0.00,0.00,0.00,0.00,,16.20,,16.19,16.19,1.0352,1.0352,0.8256,0
129,3,0.00,0.00,0.00,0.00,0.00,0.00,0.00,,16.20,,15.59,15.59,1.0376,1.0376,0.8256,0
129,4,0.00,0.00,0.00,0.00,0.00,0.00,0.00,,16.20,,15.54,15.54,1.0378,1.0378,0.8256,0
129,5,0.00,0.00,0.00,0.00,0.00,0.00,0.00,,16.20,,15.29,15.29,1.0388,1.0388,0.8256,0
129,6,0.00,0.00,0.00,0.00,0.00,0.00,0.00,,16.20,,14.88,14.88,1.0405,1.0405,0.8256,0
129,7,0.00,0.00,0.00,0.00,0.00,0.00,0.00,,16.20,,14.74,14.74,1.0410,1.0410,0.8256,0
129,8,36.20,0.00,0.15,0.12,0.15,0.12,0.00,,16.20,,15.86,15.86,1.0366,1.0366,0.8256,0
129,9,61.37,0.36,0.25,0.21,0.25,0.21,0.44,1440.00,16.20,16.46,18.70,16.63,1.0252,1.0335,0.8256,0
129,10,657.47,0.27,2.67,2.21,2.50,2.06,3.55,1440.00,16.20,18.32,37.64,20.77,0.9495,1.0169,0.8256,0
129,11,787.30,0.28,3.19,2.64,2.93,2.42,4.38,1440.00,16.20,18.82,42.39,21.59,0.9304,1.0136,0.8256,1
129,12,865.40,0.30,3.50,2.89,3.16,2.61,5.23,1440.00,16.20,19.32,46.72,21.89,0.9131,1.0124,0.8256,1
129,13,838.93,0.32,3.41,2.81,3.06,2.53,5.43,1440.00,16.20,19.44,47.05,21.27,0.9118,1.0149,0.8256,1
129,14,745.01,0.34,3.04,2.51,2.75,2.27,5.08,1440.00,16.20,19.24,44.40,20.26,0.9224,1.0189,0.8256,1
129,15,583.96,0.36,2.39,1.97,2.20,1.82,4.25,1440.00,16.20,18.74,39.71,19.51,0.9412,1.0220,0.8256,1
129,16,368.11,0.41,1.51,1.25,1.43,1.18,3.01,1440.00,16.20,18.00,32.91,18.60,0.9683,1.0256,0.8256,1
129,17,121.36,0.70,0.50,0.41,0.49,0.40,1.70,1440.00,16.20,17.22,25.16,17.08,0.9993,1.0317,0.8256,1
129,18,0.05,1.00,0.00,0.00,0.00,0.00,0.00,1440.00,16.20,16.20,20.26,20.26,1.0190,1.0190,0.8256,0
129,19,0.00,0.00,0.00,0.00,0.00,0.00,0.00,,16.20,,19.79,19.79,1.0208,1.0208,0.8256,0
129,20,0.00,0.00,0.00,0.00,0.00,0.00,0.00,,16.20,,19.88,19.88,1.0205,1.0205,0.8256,0
129,21,0.00,0.00,0.00,0.00,0.00,0.00,0.00,,16.20,,19.01,19.01,1.0240,1.0240,0.8256,0
129,22,0.00,0.00,0.00,0.00,0.00,0.00,0.00,,16.20,,18.83,18.83,1.0247,1.0247,0.8256,0
129,23,0.00,0.00,0.00,0.00,0.00,0.00,0.00,,16.20,,18.55,18.55,1.0258,1.0258,0.8256,0
129,24,0.00,0.00,0.00,0.00,0.00,0.00,0.00,,16.20,,17.93,17.93,1.0283,1.0283,0.8256,0
130,1,0.00,0.00,0.00,0.00,0.00,0.00,0.00,,16.12,,17.56,17.56,1.0298,1.0298,0.8256,0
130,2,0.00,0.00,0.00,0.00,0.00,0.00,0.00,,16.12,,17.13,17.13,1.0315,1.0315,0.8256,0
130,3,0.00,0.00,0.00,0.00,0.00,0.00,0.00,,16.12,,16.30,16.30,1.0348,1.0348,0.8256,0
130,4,0.00,0.00,0.00,0.00,0.00,0.00,0.00,,16.12,,15.88,15.88,1.0365,1.0365,0.8256,0
130,5,0.00,0.00,0.00,0.00,0.00,0.00,0.00,,16.12,,15.60,15.60,1.0376,1.0376,0.8256,0
130,6,0.00,0.00,0.00,0.00,0.00,0.00,0.00,,16.12,,15.10,15.10,1.0396,1.0396,0.8256,0
130,7,0.00,0.00,0.00,0.00,0.00,0.00,0.00,,16.12,,14.75,14.75,1.0410,1.0410,0.8256,0
130,8,36.82,0.00,0.15,0.13,0.15,0.13,0.00,,16.12,,15.68,15.68,1.0373,1.0373,0.8256,0
130,9,69.28,0.30,0.29,0.24,0.28,0.23,0.42,1440.00,16.12,16.37,18.55,16.56,1.0258,1.0338,0.8256,0
130,10,631.35,0.27,2.58,2.13,2.41,1.99,3.39,1440.00,16.12,18.15,36.05,19.97,0.9558,1.0201,0.8256,0
130,11,767.33,0.28,3.12,2.58,2.87,2.37,4.30,1440.00,16.12,18.69,40.98,20.56,0.9361,1.0178,0.8256,1
130,12,821.33,0.31,3.34,2.76,3.02,2.50,5.09,1440.00,16.12,19.16,44.86,20.69,0.9206,1.0172,0.8256,1
130,13,817.83,0.32,3.32,2.74,2.99,2.47,5.26,1440.00,16.12,19.27,46.15,21.15,0.9154,1.0154,0.8256,1
130,14,727.83,0.33,2.96,2.44,2.69,2.22,4.75,1440.00,16.12,18.96,43.68,21.14,0.9253,1.0154,0.8256,1
130,15,580.20,0.34,2.36,1.95,2.19,1.81,4.00,1440.00,16.12,18.51,39.46,20.47,0.9422,1.0181,0.8256,1
130,16,364.99,0.40,1.49,1.23,1.41,1.17,2.92,1440.00,16.12,17.87,32.92,19.03,0.9683,1.0239,0.8256,1
130,17,118.98,0.72,0.49,0.41,0.48,0.39,1.72,1440.00,16.12,17.15,25.29,17.12,0.9988,1.0315,0.8256,1
130,18,0.05,1.00,0.00,0.00,0.00,0.00,0.00,1440.00,16.12,16.12,20.49,20.49,1.0180,1.0181,0.8256,0
130,19,0.00,0.00,0.00,0.00,0.00,0.00,0.00,,16.12,,19.99,19.99,1.0200,1.0200,0.8256,0
130,20,0.00,0.00,0.00,0.00,0.00,0.00,0.00,,16.12,,20.10,20.10,1.0196,1.0196,0.8256,0
130,21,0.00,0.00,0.00,0.00,0.00,0.00,0.00,,16.12,,19.33,19.33,1.0227,1.0227,0.8256,0
130,22,0.00,0.00,0.00,0.00,0.00,0.00,0.00,,16.12,,19.22,19.22,1.0231,1.0231,0.8256,0
130,23,0.00,0.00,0.00,0.00,0.00,0.00,0.00,,16.12,,18.97,18.97,1.0241,1.0241,0.8256,0
130,24,0.00,0.00,0.00,0.00,0.00,0.00,0.00,,16.12,,17.73,17.73,1.0291,1.0291,0.8256,0
131,1,0.00,0.00,0.00,0.00,0.00,0.00,0.00,,16.05,,17.29,17.29,1.0308,1.0308,0.8256,0
131,2,0.00,0.00,0.00,0.00,0.00,0.00,0.00,,16.05,,16.75,16.75,1.0330,1.0330,0.8256,0
131,3,0.00,0.00,0.00,0.00,0.00,0.00,0.00,,16.05,,15.64,15.64,1.0374,1.0374,0.8256,0
131,4,0.00,0.00,0.00,0.00,0.00,0.00,0.00,,16.05,,15.23,15.23,1.0391,1.0391,0.8256,0
131,5,0.00,0.00,0.00,0.00,0.00,0.00,0.00,,16.05,,14.86,14.86,1.0406,1.0406,0.8256,0
131,6,0.00,0.00,0.00,0.00,0.00,0.00,0.00,,16.05,,14.42,14.42,1.0423,1.0423,0.8256,0
131,7,0.00,0.00,0.00,0.00,0.00,0.00,0.00,,16.05,,14.37,14.37,1.0425,1.0425,0.8256,0
131,8,35.73,0.00,0.15,0.12,0.15,0.12,0.00,,16.05,,15.51,15.51,1.0380,1.0380,0.8256,0
131,9,56.12,0.34,0.23,0.19,0.23,0.19,0.38,1440.00,16.05,16.27,18.31,16.49,1.0267,1.0340,0.8256,0
131,10,686.86,0.26,2.78,2.30,2.60,2.15,3.54,1440.00,16.05,18.16,38.50,21.70,0.9460,1.0132,0.8256,0
131,11,821.71,0.27,3.31,2.74,3.04,2.51,4.37,1440.00,16.05,18.66,43.79,23.03,0.9248,1.0079,0.8256,1
131,12,876.66,0.30,3.53,2.91,3.18,2.62,5.27,1440.00,16.05,19.20,48.63,23.59,0.9055,1.0057,0.8256,1
131,13,838.95,0.32,3.38,2.79,3.03,2.50,5.44,1440.00,16.05,19.30,49.09,23.26,0.9037,1.0070,0.8256,1
131,14,645.44,0.36,2.62,2.16,2.39,1.97,4.64,1440.00,16.05,18.82,43.81,21.77,0.9248,1.0129,0.8256,1
131,15,462.38,0.43,1.89,1.56,1.75,1.44,3.97,1440.00,16.05,18.42,38.86,20.00,0.9446,1.0200,0.8256,1
131,16,339.19,0.51,1.39,1.15,1.30,1.07,3.43,1440.00,16.05,18.10,35.18,18.87,0.9593,1.0245,0.8256,1
131,17,118.95,0.99,0.49,0.41,0.47,0.39,2.35,1440.00,16.05,17.45,28.19,17.03,0.9873,1.0319,0.8256,1
131,18,0.00,0.00,0.00,0.00,0.00,0.00,0.00,,16.05,,22.71,22.71,1.0092,1.0092,0.8256,0
131,19,0.00,0.00,0.00,0.00,0.00,0.00,0.00,,16.05,,21.70,21.70,1.0132,1.0132,0.8256,0
131,20,0.00,0.00,0.00,0.00,0.00,0.00,0.00,,16.05,,21.18,21.18,1.0153,1.0153,0.8256,0
131,21,0.00,0.00,0.00,0.00,0.00,0.00,0.00,,16.05,,18.87,18.87,1.0245,1.0245,0.8256,0
131,22,0.00,0.00,0.00,0.00,0.00,0.00,0.00,,16.05,,17.69,17.69,1.0292,1.0292,0.8256,0
131,23,0.00,0.00,0.00,0.00,0.00,0.00,0.00,,16.05,,16.58,16.58,1.0337,1.0337,0.8256,0
131,24,0.00,0.00,0.00,0.00,0.00,0.00,0.00,,16.05,,15.03,15.03,1.0399,1.0399,0.8256,0
132,1,0.00,0.00,0.00,0.00,0.00,0.00,0.00,,15.97,,14.54,14.54,1.0418,1.0418,0.8256,0
132,2,0.00,0.00,0.00,0.00,0.00,0.00,0.00,,15.97,,14.20,14.20,1.0432,1.0432,0.8256,0
132,3,0.00,0.00,0.00,0.00,0.00,0.00,0.00,,15.97,,13.19,13.19,1.0472,1.0472,0.8256,0
132,4,0.00,0.00,0.00,0.00,0.00,0.00,0.00,,15.97,,12.96,12.96,1.0482,1.0482,0.8256,0
132,5,0.00,0.00,0.00,0.00,0.00,0.00,0.00,,15.97,,12.74,12.74,1.0490,1.0490,0.8256,0
132,6,0.00,0.00,0.00,0.00,0.00,0.00,0.00,,15.97,,12.18,12.18,1.0513,1.0513,0.8256,0
132,7,0.00,0.00,0.00,0.00,0.00,0.00,0.00,,15.97,,12.08,12.08,1.0517,1.0517,0.8256,0
132,8,37.65,0.00,0.16,0.13,0.16,0.13,0.00,,15.97,,13.27,13.27,1.0469,1.0469,0.8256,0
132,9,58.01,0.00,0.24,0.20,0.24,0.20,0.00,,15.97,,15.48,15.48,1.0381,1.0381,0.8256,0
132,10,706.04,0.19,2.84,2.35,2.70,2.23,2.62,1440.00,15.97,17.54,36.01,23.55,0.9559,1.0058,0.8256,0
132,11,834.27,0.20,3.34,2.76,3.13,2.58,3.32,1440.00,15.97,17.96,40.44,24.66,0.9382,1.0014,0.8256,1
132,12,889.30,0.21,3.55,2.93,3.30,2.72,3.80,1440.00,15.97,18.24,43.26,25.23,0.9270,0.9991,0.8256,1
132,13,854.90,0.23,3.42,2.83,3.17,2.62,3.87,1440.00,15.97,18.28,43.09,24.69,0.9277,1.0012,0.8256,1
132,14,749.43,0.23,3.02,2.49,2.82,2.33,3.50,1440.00,15.97,18.06,40.10,23.50,0.9396,1.0060,0.8256,1
132,15,554.48,0.24,2.25,1.86,2.13,1.76,2.70,1440.00,15.97,17.59,34.47,21.63,0.9621,1.0135,0.8256,1
132,16,306.74,0.27,1.26,1.04,1.22,1.01,1.63,1440.00,15.97,16.95,26.93,19.16,0.9923,1.0233,0.8256,1
132,17,98.43,0.40,0.41,0.34,0.40,0.33,0.79,1440.00,15.97,16.44,20.75,16.98,1.0170,1.0321,0.8256,1
132,18,0.00,0.00,0.00,0.00,0.00,0.00,0.00,,15.97,,16.56,16.56,1.0338,1.0338,0.8256,0
132,19,0.00,0.00,0.00,0.00,0.00,0.00,0.00,,15.97,,15.92,15.92,1.0363,1.0363,0.8256,0
132,20,0.00,0.00,0.00,0.00,0.00,0.00,0.00,,15.97,,15.83,15.83,1.0367,1.0367,0.8256,0
132,21,0.00,0.00,0.00,0.00,0.00,0.00,0.00,,15.97,,14.63,14.63,1.0415,1.0415,0.8256,0
132,22,0.00,0.00,0.00,0.00,0.00,0.00,0.00,,15.97,,14.60,14.60,1.0416,1.0416,0.8256,0
132,23,0.00,0.00,0.00,0.00,0.00,0.00,0.00,,15.97,,14.38,14.38,1.0425,1.0425,0.8256,0
132,24,0.00,0.00,0.00,0.00,0.00,0.00,0.00,,15.97,,13.63,13.63,1.0455,1.0455,0.8256,0
133,1,0.00,0.00,0.00,0.00,0.00,0.00,0.00,,15.89,,13.30,13.30,1.0468,1.0468,0.8256,0
133,2,0.00,0.00,0.00,0.00,0.00,0.00,0.00,,15.89,,12.90,12.90,1.0484,1.0484,0.8256,0
133,3,0.00,0.00,0.00,0.00,0.00,0.00,0.00,,15.89,,12.19,12.19,1.0512,1.0512,0.8256,0
133,4,0.00,0.00,0.00,0.00,0.00,0.00,0.00,,15.89,,11.93,11.93,1.0523,1.0523,0.8256,0
133,5,0.00,0.00,0.00,0.00,0.00,0.00,0.00,,15.89,,11.61,11.61,1.0536,1.0536,0.8256,0
133,6,0.00,0.00,0.00,0.00,0.00,0.00,0.00,,15.89,,11.24,11.24,1.0550,1.0550,0.8256,0
133,7,0.00,0.00,0.00,0.00,0.00,0.00,0.00,,15.89,,11.12,11.12,1.0555,1.0555,0.8256,0
133,8,35.34,0.00,0.15,0.12,0.15,0.12,0.00,,15.89,,12.11,12.11,1.0515,1.0515,0.8256,0
133,9,58.30,0.00,0.24,0.20,0.24,0.20,0.00,,15.89,,15.19,15.19,1.0392,1.0392,0.8256,0
133,10,649.40,0.19,2.63,2.17,2.50,2.07,2.51,1440.00,15.89,17.39,34.25,22.35,0.9630,1.0106,0.8256,0
133,11,780.39,0.21,3.14,2.59,2.94,2.43,3.31,1440.00,15.89,17.87,39.29,23.56,0.9429,1.0057,0.8256,1
133,12,838.29,0.24,3.36,2.78,3.11,2.57,3.99,1440.00,15.89,18.28,43.12,24.18,0.9275,1.0033,0.8256,1
133,13,761.63,0.26,3.06,2.53,2.84,2.34,3.91,1440.00,15.89,18.23,42.13,23.58,0.9315,1.0057,0.8256,1
133,14,390.38,0.29,1.59,1.31,1.53,1.26,2.27,1440.00,15.89,17.25,30.80,20.02,0.9768,1.0199,0.8256,1
133,15,416.90,0.29,1.70,1.40,1.62,1.34,2.42,1440.00,15.89,17.34,31.88,20.37,0.9725,1.0185,0.8256,1
133,16,221.69,0.33,0.91,0.75,0.89,0.73,1.48,1440.00,15.89,16.78,25.27,18.26,0.9989,1.0270,0.8256,1
133,17,83.32,0.45,0.34,0.28,0.34,0.28,0.75,1440.00,15.89,16.34,20.33,16.78,1.0187,1.0329,0.8256,1
133,18,0.00,0.00,0.00,0.00,0.00,0.00,0.00,,15.89,,16.62,16.62,1.0335,1.0335,0.8256,0
133,19,0.00,0.00,0.00,0.00,0.00,0.00,0.00,,15.89,,16.00,16.00,1.0360,1.0360,0.8256,0
133,20,0.00,0.00,0.00,0.00,0.00,0.00,0.00,,15.89,,15.87,15.87,1.0365,1.0365,0.8256,0
133,21,0.00,0.00,0.00,0.00,0.00,0.00,0.00,,15.89,,14.37,14.37,1.0425,1.0425,0.8256,0
133,22,0.00,0.00,0.00,0.00,0.00,0.00,0.00,,15.89,,14.16,14.16,1.0434,1.0434,0.8256,0
133,23,0.00,0.00,0.00,0.00,0.00,0.00,0.00,,15.89,,14.70,14.70,1.0412,1.0412,0.8256,0
133,24,0.00,0.00,0.00,0.00,0.00,0.00,0.00,,15.89,,14.46,14.46,1.0422,1.0422,0.8256,0
134,1,0.00,0.00,0.00,0.00,0.00,0.00,0.00,,15.82,,14.47,14.47,1.0421,1.0421,0.8256,0
134,2,0.00,0.00,0.00,0.00,0.00,0.00,0.00,,15.82,,14.33,14.33,1.0427,1.0427,0.8256,0
134,3,0.00,0.00,0.00,0.00,0.00,0.00,0.00,,15.82,,13.64,13.64,1.0454,1.0454,0.8256,0
134,4,0.00,0.00,0.00,0.00,0.00,0.00,0.00,,15.82,,13.45,13.45,1.0462,1.0462,0.8256,0
134,5,0.00,0.00,0.00,0.00,0.00,0.00,0.00,,15.82,,13.27,13.27,1.0469,1.0469,0.8256,0
134,6,0.00,0.00,0.00,0.00,0.00,0.00,0.00,,15.82,,12.86,12.86,1.0486,1.0486,0.8256,0
134,7,0.00,0.00,0.00,0.00,0.00,0.00,0.00,,15.82,,12.71,12.71,1.0492,1.0492,0.8256,0
134,8,38.17,0.00,0.16,0.13,0.16,0.13,0.00,,15.82,,13.75,13.75,1.0450,1.0450,0.8256,0
134,9,65.44,0.05,0.27,0.22,0.27,0.22,0.06,1440.00,15.82,15.86,16.77,16.46,1.0329,1.0342,0.8256,0
134,10,657.13,0.21,2.66,2.19,2.52,2.08,2.77,1440.00,15.82,17.47,35.42,22.28,0.9583,1.0109,0.8256,0
134,11,793.20,0.21,3.19,2.63,2.98,2.46,3.39,1440.00,15.82,17.84,39.97,23.87,0.9401,1.0045,0.8256,1
134,12,836.61,0.23,3.35,2.77,3.11,2.57,3.84,1440.00,15.82,18.11,42.72,24.49,0.9291,1.0020,0.8256,1
134,13,785.16,0.25,3.15,2.60,2.92,2.41,3.88,1440.00,15.82,18.14,42.29,23.87,0.9309,1.0045,0.8256,1
134,14,699.36,0.25,2.82,2.33,2.63,2.17,3.55,1440.00,15.82,17.94,39.88,23.03,0.9405,1.0079,0.8256,1
134,15,401.80,0.29,1.64,1.35,1.57,1.29,2.31,1440.00,15.82,17.20,31.08,20.09,0.9757,1.0196,0.8256,1
134,16,252.86,0.34,1.04,0.86,1.00,0.83,1.73,1440.00,15.82,16.86,26.70,18.47,0.9932,1.0261,0.8256,1
134,17,92.55,0.58,0.38,0.32,0.37,0.31,1.07,1440.00,15.82,16.46,21.82,16.74,1.0127,1.0330,0.8256,1
134,18,0.00,0.00,0.00,0.00,0.00,0.00,0.00,,15.82,,17.53,17.53,1.0299,1.0299,0.8256,0
134,19,0.00,0.00,0.00,0.00,0.00,0.00,0.00,,15.82,,17.02,17.02,1.0319,1.0319,0.8256,0
134,20,0.00,0.00,0.00,0.00,0.00,0.00,0.00,,15.82,,16.61,16.61,1.0336,1.0336,0.8256,0
134,21,0.00,0.00,0.00,0.00,0.00,0.00,0.00,,15.82,,16.46,16.46,1.0342,1.0342,0.8256,0
134,22,0.00,0.00,0.00,0.00,0.00,0.00,0.00,,15.82,,16.25,16.25,1.0350,1.0350,0.8256,0
134,23,0.00,0.00,0.00,0.00,0.00,0.00,0.00,,15.82,,16.04,16.04,1.0358,1.0358,0.8256,0
134,24,0.00,0.00,0.00,0.00,0.00,0.00,0.00,,15.82,,15.34,15.34,1.0386,1.0386,0.8256,0
135,1,0.00,0.00,0.00,0.00,0.00,0.00,0.00,,15.74,,15.18,15.18,1.0393,1.0393,0.8256,0
135,2,0.00,0.00,0.00,0.00,0.00,0.00,0.00,,15.74,,15.11,15.11,1.0396,1.0396,0.8256,0
135,3,0.00,0.00,0.00,0.00,0.00,0.00,0.00,,15.74,,14.48,14.48,1.0421,1.0421,0.8256,0
135,4,0.00,0.00,0.00,0.00,0.00,0.00,0.00,,15.74,,14.40,14.40,1.0424,1.0424,0.8256,0
135,5,0.00,0.00,0.00,0.00,0.00,0.00,0.00,,15.74,,14.35,14.35,1.0426,1.0426,0.8256,0
135,6,0.00,0.00,0.00,0.00,0.00,0.00,0.00,,15.74,,13.96,13.96,1.0442,1.0442,0.8256,0
135,7,0.00,0.00,0.00,0.00,0.00,0.00,0.00,,15.74,,13.79,13.79,1.0448,1.0448,0.8256,0
135,8,33.79,0.00,0.14,0.12,0.14,0.12,0.00,,15.74,,14.70,14.70,1.0412,1.0412,0.8256,0
135,9,57.49,0.22,0.24,0.20,0.24,0.20,0.25,1440.00,15.74,15.89,17.45,16.27,1.0302,1.0349,0.8256,0
135,10,544.52,0.23,2.21,1.83,2.11,1.74,2.52,1440.00,15.74,17.25,32.76,20.78,0.9690,1.0169,0.8256,0
135,11,554.23,0.23,2.25,1.86,2.14,1.77,2.60,1440.00,15.74,17.30,33.26,20.93,0.9670,1.0163,0.8256,1
135,12,741.29,0.25,2.99,2.47,2.78,2.30,3.70,1440.00,15.74,17.96,40.37,22.80,0.9385,1.0088,0.8256,1
135,13,730.27,0.26,2.95,2.43,2.73,2.26,3.87,1440.00,15.74,18.05,41.01,22.65,0.9360,1.0094,0.8256,1
135,14,651.48,0.27,2.64,2.18,2.46,2.03,3.53,1440.00,15.74,17.85,38.64,21.87,0.9454,1.0125,0.8256,1
135,15,516.42,0.29,2.10,1.74,1.99,1.64,2.96,1440.00,15.74,17.51,34.70,20.66,0.9612,1.0174,0.8256,1
135,16,308.42,0.33,1.26,1.04,1.22,1.00,2.04,1440.00,15.74,16.97,28.37,18.66,0.9865,1.0254,0.8256,1
135,17,95.38,0.58,0.39,0.33,0.39,0.32,1.11,1440.00,15.74,16.41,21.89,16.62,1.0124,1.0335,0.8256,1
135,18,0.00,0.00,0.00,0.00,0.00,0.00,0.00,,15.74,,17.83,17.83,1.0287,1.0287,0.8256,0
135,19,0.00,0.00,0.00,0.00,0.00,0.00,0.00,,15.74,,17.27,17.27,1.0309,1.0309,0.8256,0
135,20,0.00,0.00,0.00,0.00,0.00,0.00,0.00,,15.74,,16.99,16.99,1.0320,1.0320,0.8256,0
135,21,0.00,0.00,0.00,0.00,0.00,0.00,0.00,,15.74,,16.29,16.29,1.0348,1.0348,0.8256,0
135,22,0.00,0.00,0.00,0.00,0.00,0.00,0.00,,15.74,,16.41,16.41,1.0344,1.0344,0.8256,0
135,23,0.00,0.00,0.00,0.00,0.00,0.00,0.00,,15.74,,16.31,16.31,1.0348,1.0348,0.8256,0
135,24,0.00,0.00,0.00,0.00,0.00,0.00,0.00,,15.74,,15.62,15.62,1.0375,1.0375,0.8256,0
136,1,0.00,0.00,0.00,0.00,0.00,0.00,0.00,,15.67,,15.43,15.43,1.0383,1.0383,0.8256,0
136,2,0.00,0.00,0.00,0.00,0.00,0.00,0.00,,15.67,,15.40,15.40,1.0384,1.0384,0.8256,0
136,3,0.00,0.00,0.00,0.00,0.00,0.00,0.00,,15.67,,15.17,15.17,1.0393,1.0393,0.8256,0
136,4,0.00,0.00,0.00,0.00,0.00,0.00,0.00,,15.67,,15.21,15.21,1.0392,1.0392,0.8256,0
136,5,0.00,0.00,0.00,0.00,0.00,0.00,0.00,,15.67,,14.91,14.91,1.0404,1.0404,0.8256,0
136,6,0.00,0.00,0.00,0.00,0.00,0.00,0.00,,15.67,,13.97,13.97,1.0441,1.0441,0.8256,0
136,7,0.00,0.00,0.00,0.00,0.00,0.00,0.00,,15.67,,13.94,13.94,1.0442,1.0442,0.8256,0
136,8,29.16,0.00,0.12,0.10,0.12,0.10,0.00,,15.67,,14.78,14.78,1.0409,1.0409,0.8256,0
136,9,73.49,0.38,0.30,0.25,0.30,0.25,0.56,1440.00,15.67,16.01,18.87,16.21,1.0245,1.0352,0.8256,0
136,10,491.85,0.27,2.01,1.66,1.91,1.58,2.65,1440.00,15.67,17.26,31.88,19.27,0.9725,1.0229,0.8256,0
136,11,588.02,0.27,2.40,1.98,2.26,1.87,3.14,1440.00,15.67,17.55,34.90,19.98,0.9604,1.0201,0.8256,1
136,12,568.11,0.30,2.32,1.92,2.18,1.80,3.35,1440.00,15.67,17.68,35.57,19.65,0.9577,1.0214,0.8256,1
136,13,682.40,0.29,2.78,2.29,2.57,2.12,4.02,1440.00,15.67,18.07,39.54,20.45,0.9418,1.0182,0.8256,1
136,14,577.90,0.31,2.36,1.95,2.21,1.82,3.53,1440.00,15.67,17.78,36.46,19.72,0.9542,1.0211,0.8256,1
136,15,431.94,0.32,1.77,1.46,1.68,1.39,2.81,1440.00,15.67,17.35,32.10,18.77,0.9716,1.0249,0.8256,1
136,16,246.43,0.38,1.02,0.84,0.98,0.81,1.85,1440.00,15.67,16.78,26.25,17.45,0.9950,1.0302,0.8256,1
136,17,78.31,0.65,0.32,0.27,0.32,0.26,1.02,1440.00,15.67,16.28,21.08,16.25,1.0157,1.0350,0.8256,1
136,18,0.00,0.00,0.00,0.00,0.00,0.00,0.00,,15.67,,17.74,17.74,1.0290,1.0290,0.8256,0
136,19,0.00,0.00,0.00,0.00,0.00,0.00,0.00,,15.67,,17.42,17.42,1.0303,1.0303,0.8256,0
136,20,0.00,0.00,0.00,0.00,0.00,0.00,0.00,,15.67,,17.28,17.28,1.0309,1.0309,0.8256,0
136,21,0.00,0.00,0.00,0.00,0.00,0.00,0.00,,15.67,,17.25,17.25,1.0310,1.0310,0.8256,0
136,22,0.00,0.00,0.00,0.00,0.00,0.00,0.00,,15.67,,17.63,17.63,1.0295,1.0295,0.8256,0
136,23,0.00,0.00,0.00,0.00,0.00,0.00,0.00,,15.67,,16.67,16.67,1.0333,1.0333,0.8256,0
136,24,0.00,0.00,0.00,0.00,0.00,0.00,0.00,,15.67,,16.13,16.13,1.0355,1.0355,0.8256,0
137,1,0.00,0.00,0.00,0.00,0.00,0.00,0.00,,15.60,,15.44,15.44,1.0382,1.0382,0.8256,0
137,2,0.00,0.00,0.00,0.00,0.00,0.00,0.00,,15.60,,14.96,14.96,1.0402,1.0402,0.8256,0
137,3,0.00,0.00,0.00,0.00,0.00,0.00,0.00,,15.60,,14.80,14.80,1.0408,1.0408,0.8256,0
137,4,0.00,0.00,0.00,0.00,0.00,0.00,0.00,,15.60,,14.80,14.80,1.0408,1.0408,0.8256,0
137,5,0.00,0.00,0.00,0.00,0.00,0.00,0.00,,15.60,,14.50,14.50,1.0420,1.0420,0.8256,0
137,6,0.00,0.00,0.00,0.00,0.00,0.00,0.00,,15.60,,14.17,14.17,1.0433,1.0433,0.8256,0
137,7,0.00,0.00,0.00,0.00,0.00,0.00,0.00,,15.60,,14.13,14.13,1.0435,1.0435,0.8256,0
137,8,46.85,0.00,0.19,0.16,0.19,0.16,0.00,,15.60,,15.58,15.58,1.0377,1.0377,0.8256,0
137,9,102.73,0.32,0.43,0.35,0.42,0.35,0.66,1440.00,15.60,15.99,19.39,16.28,1.0224,1.0349,0.8256,0
137,10,321.62,0.25,1.32,1.09,1.28,1.06,1.61,1440.00,15.60,16.56,25.55,17.90,0.9978,1.0284,0.8256,0
137,11,318.40,0.24,1.31,1.08,1.27,1.05,1.53,1440.00,15.60,16.51,25.04,17.78,0.9998,1.0289,0.8256,1
137,12,380.79,0.25,1.57,1.29,1.51,1.25,1.89,1440.00,15.60,16.73,27.11,18.12,0.9916,1.0275,0.8256,1
137,13,380.04,0.27,1.56,1.29,1.50,1.24,2.06,1440.00,15.60,16.83,27.76,17.98,0.9890,1.0281,0.8256,1
137,14,337.94,0.28,1.39,1.15,1.34,1.11,1.91,1440.00,15.60,16.74,26.78,17.70,0.9929,1.0292,0.8256,1
137,15,189.68,0.31,0.78,0.65,0.77,0.63,1.16,1440.00,15.60,16.29,22.28,16.78,1.0109,1.0329,0.8256,1
137,16,80.91,0.34,0.34,0.28,0.33,0.27,0.55,1440.00,15.60,15.93,18.70,16.09,1.0252,1.0356,0.8256,1
137,17,26.20,0.55,0.11,0.09,0.11,0.09,0.29,1440.00,15.60,15.77,17.14,15.76,1.0314,1.0369,0.8256,0
137,18,0.00,0.00,0.00,0.00,0.00,0.00,0.00,,15.60,,15.83,15.83,1.0367,1.0367,0.8256,0
137,19,0.00,0.00,0.00,0.00,0.00,0.00,0.00,,15.60,,15.16,15.16,1.0394,1.0394,0.8256,0
137,20,0.00,0.00,0.00,0.00,0.00,0.00,0.00,,15.60,,14.99,14.99,1.0400,1.0400,0.8256,0
137,21,0.00,0.00,0.00,0.00,0.00,0.00,0.00,,15.60,,15.34,15.34,1.0386,1.0386,0.8256,0
137,22,0.00,0.00,0.00,0.00,0.00,0.00,0.00,,15.60,,15.47,15.47,1.0381,1.0381,0.8256,0
137,23,0.00,0.00,0.00,0.00,0.00,0.00,0.00,,15.60,,15.34,15.34,1.0386,1.0386,0.8256,0
137,24,0.00,0.00,0.00,0.00,0.00,0.00,0.00,,15.60,,14.86,14.86,1.0406,1.0406,0.8256,0
138,1,0.00,0.00,0.00,0.00,0.00,0.00,0.00,,15.53,,14.60,14.60,1.0416,1.0416,0.8256,0
138,2,0.00,0.00,0.00,0.00,0.00,0.00,0.00,,15.53,,14.48,14.48,1.0421,1.0421,0.8256,0
138,3,0.00,0.00,0.00,0.00,0.00,0.00,0.00,,15.53,,14.29,14.29,1.0428,1.0428,0.8256,0
138,4,0.00,0.00,0.00,0.00,0.00,0.00,0.00,,15.53,,14.17,14.17,1.0433,1.0433,0.8256,0
138,5,0.00,0.00,0.00,0.00,0.00,0.00,0.00,,15.53,,13.98,13.98,1.0441,1.0441,0.8256,0
138,6,0.00,0.00,0.00,0.00,0.00,0.00,0.00,,15.53,,13.78,13.78,1.0449,1.0449,0.8256,0
138,7,0.00,0.00,0.00,0.00,0.00,0.00,0.00,,15.53,,13.90,13.90,1.0444,1.0444,0.8256,0
138,8,32.98,0.00,0.14,0.11,0.14,0.11,0.00,,15.53,,14.95,14.95,1.0402,1.0402,0.8256,0
138,9,103.92,0.19,0.43,0.36,0.43,0.35,0.39,1440.00,15.53,15.76,18.18,16.34,1.0273,1.0346,0.8256,0
138,10,177.88,0.20,0.73,0.61,0.72,0.60,0.72,1440.00,15.53,15.96,20.46,17.02,1.0182,1.0319,0.8256,0
138,11,338.68,0.22,1.39,1.15,1.35,1.12,1.46,1440.00,15.53,16.40,25.26,18.33,0.9989,1.0267,0.8256,1
138,12,332.45,0.24,1.37,1.13,1.33,1.09,1.59,1440.00,15.53,16.48,25.86,18.32,0.9966,1.0267,0.8256,1
138,13,452.35,0.25,1.85,1.53,1.77,1.46,2.26,1440.00,15.53,16.87,30.23,19.51,0.9791,1.0219,0.8256,1
138,14,439.59,0.25,1.80,1.48,1.72,1.42,2.19,1440.00,15.53,16.84,29.97,19.57,0.9801,1.0217,0.8256,1
138,15,338.10,0.26,1.39,1.14,1.34,1.11,1.76,1440.00,15.53,16.58,27.01,18.65,0.9920,1.0254,0.8256,1
138,16,151.38,0.29,0.63,0.52,0.61,0.51,0.88,1440.00,15.53,16.05,21.09,16.93,1.0156,1.0323,0.8256,1
138,17,26.54,0.58,0.11,0.09,0.11,0.09,0.31,1440.00,15.53,15.71,17.23,15.77,1.0311,1.0369,0.8256,0
138,18,0.00,0.00,0.00,0.00,0.00,0.00,0.00,,15.53,,15.67,15.67,1.0373,1.0373,0.8256,0
138,19,0.00,0.00,0.00,0.00,0.00,0.00,0.00,,15.53,,15.40,15.40,1.0384,1.0384,0.8256,0
138,20,0.00,0.00,0.00,0.00,0.00,0.00,0.00,,15.53,,15.44,15.44,1.0382,1.0382,0.8256,0
138,21,0.00,0.00,0.00,0.00,0.00,0.00,0.00,,15.53,,14.76,14.76,1.0410,1.0410,0.8256,0
138,22,0.00,0.00,0.00,0.00,0.00,0.00,0.00,,15.53,,14.80,14.80,1.0408,1.0408,0.8256,0
138,23,0.00,0.00,0.00,0.00,0.00,0.00,0.00,,15.53,,14.92,14.92,1.0403,1.0403,0.8256,0
138,24,0.00,0.00,0.00,0.00,0.00,0.00,0.00,,15.53,,14.39,14.39,1.0424,1.0424,0.8256,0
139,1,0.00,0.00,0.00,0.00,0.00,0.00,0.00,,15.46,,14.48,14.48,1.0421,1.0421,0.8256,0
139,2,0.00,0.00,0.00,0.00,0.00,0.00,0.00,,15.46,,14.55,14.55,1.0418,1.0418,0.8256,0
139,3,0.00,0.00,0.00,0.00,0.00,0.00,0.00,,15.46,,14.58,14.58,1.0417,1.0417,0.8256,0
139,4,0.00,0.00,0.00,0.00,0.00,0.00,0.00,,15.46,,14.56,14.56,1.0418,1.0418,0.8256,0
139,5,0.00,0.00,0.00,0.00,0.00,0.00,0.00,,15.46,,14.63,14.63,1.0415,1.0415,0.8256,0
139,6,0.00,0.00,0.00,0.00,0.00,0.00,0.00,,15.46,,14.48,14.48,1.0421,1.0421,0.8256,0
139,7,0.00,0.00,0.00,0.00,0.00,0.00,0.00,,15.46,,14.42,14.42,1.0423,1.0423,0.8256,0
139,8,33.12,0.00,0.14,0.11,0.14,0.11,0.00,,15.46,,15.12,15.12,1.0395,1.0395,0.8256,0
139,9,63.93,0.26,0.26,0.22,0.26,0.22,0.33,1440.00,15.46,15.65,17.57,16.00,1.0297,1.0360,0.8256,0
139,10,310.10,0.24,1.27,1.05,1.24,1.02,1.46,1440.00,15.46,16.33,25.03,18.11,0.9999,1.0276,0.8256,0
139,11,515.44,0.24,2.10,1.74,2.01,1.66,2.43,1440.00,15.46,16.91,31.42,19.86,0.9743,1.0206,0.8256,1
139,12,578.19,0.25,2.36,1.94,2.23,1.84,2.89,1440.00,15.46,17.18,34.17,20.43,0.9633,1.0183,0.8256,1
139,13,647.53,0.26,2.63,2.17,2.47,2.04,3.37,1440.00,15.46,17.47,36.87,20.85,0.9525,1.0166,0.8256,1
139,14,560.74,0.27,2.29,1.89,2.16,1.78,2.99,1440.00,15.46,17.24,34.28,20.10,0.9629,1.0196,0.8256,1
139,15,445.44,0.28,1.82,1.51,1.74,1.43,2.54,1440.00,15.46,16.97,31.13,19.07,0.9755,1.0237,0.8256,1
139,16,277.20,0.32,1.14,0.94,1.10,0.91,1.79,1440.00,15.46,16.52,26.11,17.63,0.9956,1.0295,0.8256,1
139,17,72.42,0.57,0.30,0.25,0.30,0.24,0.83,1440.00,15.46,15.95,19.93,16.01,1.0203,1.0360,0.8256,1
139,18,0.00,0.00,0.00,0.00,0.00,0.00,0.00,,15.46,,16.96,16.96,1.0322,1.0322,0.8256,0
139,19,0.00,0.00,0.00,0.00,0.00,0.00,0.00,,15.46,,16.50,16.50,1.0340,1.0340,0.8256,0
139,20,0.00,0.00,0.00,0.00,0.00,0.00,0.00,,15.46,,15.90,15.90,1.0364,1.0364,0.8256,0
139,21,0.00,0.00,0.00,0.00,0.00,0.00,0.00,,15.46,,16.12,16.12,1.0355,1.0355,0.8256,0
139,22,0.00,0.00,0.00,0.00,0.00,0.00,0.00,,15.46,,16.17,16.17,1.0353,1.0353,0.8256,0
139,23,0.00,0.00,0.00,0.00,0.00,0.00,0.00,,15.46,,16.16,16.16,1.0354,1.0354,0.8256,0
139,24,0.00,0.00,0.00,0.00,0.00,0.00,0.00,,15.46,,15.76,15.76,1.0370,1.0370,0.8256,0
140,1,0.00,0.00,0.00,0.00,0.00,0.00,0.00,,15.38,,15.59,15.59,1.0376,1.0376,0.8256,0
140,2,0.00,0.00,0.00,0.00,0.00,0.00,0.00,,15.38,,15.31,15.31,1.0388,1.0388,0.8256,0
140,3,0.00,0.00,0.00,0.00,0.00,0.00,0.00,,15.38,,14.63,14.63,1.0415,1.0415,0.8256,0
140,4,0.00,0.00,0.00,0.00,0.00,0.00,0.00,,15.38,,14.12,14.12,1.0435,1.0435,0.8256,0
140,5,0.00,0.00,0.00,0.00,0.00,0.00,0.00,,15.38,,13.89,13.89,1.0444,1.0444,0.8256,0
140,6,0.00,0.00,0.00,0.00,0.00,0.00,0.00,,15.38,,14.05,14.05,1.0438,1.0438,0.8256,0
140,7,0.00,0.00,0.00,0.00,0.00,0.00,0.00,,15.38,,14.13,14.13,1.0435,1.0435,0.8256,0
140,8,30.99,0.00,0.13,0.11,0.13,0.11,0.00,,15.38,,14.84,14.84,1.0406,1.0406,0.8256,0
140,9,78.93,0.24,0.33,0.27,0.32,0.27,0.38,1440.00,15.38,15.61,17.77,15.95,1.0289,1.0362,0.8256,0
140,10,415.02,0.25,1.70,1.41,1.64,1.35,2.08,1440.00,15.38,16.62,28.13,18.27,0.9875,1.0269,0.8256,0
140,11,470.88,0.26,1.93,1.60,1.84,1.52,2.49,1440.00,15.38,16.87,30.32,18.48,0.9787,1.0261,0.8256,1
140,12,432.81,0.30,1.78,1.47,1.69,1.40,2.57,1440.00,15.38,16.92,30.37,18.16,0.9785,1.0273,0.8256,1
140,13,432.06,0.30,1.78,1.47,1.69,1.39,2.62,1440.00,15.38,16.95,30.64,18.18,0.9774,1.0273,0.8256,1
140,14,381.08,0.31,1.57,1.29,1.50,1.24,2.33,1440.00,15.38,16.77,28.92,17.87,0.9843,1.0285,0.8256,1
140,15,277.14,0.33,1.14,0.94,1.10,0.91,1.85,1440.00,15.38,16.49,25.94,17.15,0.9962,1.0314,0.8256,1
140,16,140.60,0.41,0.58,0.48,0.57,0.47,1.16,1440.00,15.38,16.08,21.78,16.27,1.0129,1.0349,0.8256,1
140,17,38.22,0.83,0.16,0.13,0.16,0.13,0.63,1440.00,15.38,15.76,18.62,15.61,1.0255,1.0375,0.8256,0
140,18,0.00,0.00,0.00,0.00,0.00,0.00,0.00,,15.38,,16.21,16.21,1.0352,1.0352,0.8256,0
140,19,0.00,0.00,0.00,0.00,0.00,0.00,0.00,,15.38,,15.60,15.60,1.0376,1.0376,0.8256,0
140,20,0.00,0.00,0.00,0.00,0.00,0.00,0.00,,15.38,,15.56,15.56,1.0378,1.0378,0.8256,0
140,21,0.00,0.00,0.00,0.00,0.00,0.00,0.00,,15.38,,17.03,17.03,1.0319,1.0319,0.8256,0
140,22,0.00,0.00,0.00,0.00,0.00,0.00,0.00,,15.38,,17.21,17.21,1.0312,1.0312,0.8256,0
140,23,0.00,0.00,0.00,0.00,0.00,0.00,0.00,,15.38,,16.56,16.56,1.0338,1.0338,0.8256,0
140,24,0.00,0.00,0.00,0.00,0.00,0.00,0.00,,15.38,,15.78,15.78,1.0369,1.0369,0.8256,0
141,1,0.00,0.00,0.00,0.00,0.00,0.00,0.00,,15.31,,15.55,15.55,1.0378,1.0378,0.8256,0
141,2,0.00,0.00,0.00,0.00,0.00,0.00,0.00,,15.31,,14.59,14.59,1.0416,1.0416,0.8256,0
141,3,0.00,0.00,0.00,0.00,0.00,0.00,0.00,,15.31,,14.43,14.43,1.0423,1.0423,0.8256,0
141,4,0.00,0.00,0.00,0.00,0.00,0.00,0.00,,15.31,,14.24,14.24,1.0430,1.0430,0.8256,0
141,5,0.00,0.00,0.00,0.00,0.00,0.00,0.00,,15.31,,14.23,14.23,1.0431,1.0431,0.8256,0
141,6,0.00,0.00,0.00,0.00,0.00,0.00,0.00,,15.31,,14.17,14.17,1.0433,1.0433,0.8256,0
141,7,0.00,0.00,0.00,0.00,0.00,0.00,0.00,,15.31,,14.06,14.06,1.0438,1.0438,0.8256,0
141,8,30.81,0.00,0.13,0.11,0.13,0.11,0.00,,15.31,,14.71,14.71,1.0411,1.0411,0.8256,0
141,9,66.15,0.29,0.27,0.23,0.27,0.22,0.38,1440.00,15.31,15.54,17.54,15.74,1.0299,1.0370,0.8256,0
141,10,530.73,0.25,2.17,1.80,2.07,1.71,2.71,1440.00,15.31,16.93,31.80,18.95,0.9728,1.0242,0.8256,0
141,11,518.95,0.24,2.12,1.75,2.02,1.67,2.53,1440.00,15.31,16.83,31.24,19.22,0.9751,1.0231,0.8256,1
141,12,598.75,0.26,2.44,2.02,2.30,1.90,3.16,1440.00,15.31,17.20,35.14,20.14,0.9594,1.0194,0.8256,1
141,13,500.07,0.27,2.04,1.69,1.94,1.60,2.71,1440.00,15.31,16.94,32.50,19.62,0.9700,1.0215,0.8256,1
141,14,501.24,0.26,2.05,1.69,1.95,1.61,2.58,1440.00,15.31,16.85,32.10,19.87,0.9716,1.0205,0.8256,1
141,15,269.72,0.27,1.11,0.92,1.08,0.89,1.48,1440.00,15.31,16.20,24.65,17.62,1.0014,1.0295,0.8256,1
141,16,162.60,0.29,0.67,0.55,0.66,0.55,0.93,1440.00,15.31,15.87,21.15,16.73,1.0154,1.0331,0.8256,1
141,17,71.63,0.36,0.30,0.25,0.29,0.24,0.52,1440.00,15.31,15.63,18.44,15.96,1.0262,1.0362,0.8256,1
141,18,0.00,0.00,0.00,0.00,0.00,0.00,0.00,,15.31,,15.51,15.51,1.0380,1.0380,0.8256,0
141,19,0.00,0.00,0.00,0.00,0.00,0.00,0.00,,15.31,,15.29,15.29,1.0388,1.0388,0.8256,0
141,20,0.00,0.00,0.00,0.00,0.00,0.00,0.00,,15.31,,15.22,15.22,1.0391,1.0391,0.8256,0
141,21,0.00,0.00,0.00,0.00,0.00,0.00,0.00,,15.31,,14.60,14.60,1.0416,1.0416,0.8256,0
141,22,0.00,0.00,0.00,0.00,0.00,0.00,0.00,,15.31,,14.45,14.45,1.0422,1.0422,0.8256,0
141,23,0.00,0.00,0.00,0.00,0.00,0.00,0.00,,15.31,,14.19,14.19,1.0432,1.0432,0.8256,0
141,24,0.00,0.00,0.00,0.00,0.00,0.00,0.00,,15.31,,13.69,13.69,1.0452,1.0452,0.8256,0
142,1,0.00,0.00,0.00,0.00,0.00,0.00,0.00,,15.25,,13.67,13.67,1.0453,1.0453,0.8256,0
142,2,0.00,0.00,0.00,0.00,0.00,0.00,0.00,,15.25,,13.68,13.68,1.0453,1.0453,0.8256,0
142,3,0.00,0.00,0.00,0.00,0.00,0.00,0.00,,15.25,,13.50,13.50,1.0460,1.0460,0.8256,0
142,4,0.00,0.00,0.00,0.00,0.00,0.00,0.00,,15.25,,13.59,13.59,1.0456,1.0456,0.8256,0
142,5,0.00,0.00,0.00,0.00,0.00,0.00,0.00,,15.25,,13.83,13.83,1.0447,1.0447,0.8256,0
142,6,0.00,0.00,0.00,0.00,0.00,0.00,0.00,,15.25,,13.46,13.46,1.0462,1.0462,0.8256,0
142,7,0.00,0.00,0.00,0.00,0.00,0.00,0.00,,15.25,,13.75,13.75,1.0450,1.0450,0.8256,0
142,8,32.79,0.00,0.14,0.11,0.14,0.11,0.00,,15.25,,14.81,14.81,1.0407,1.0407,0.8256,0
142,9,71.97,0.04,0.30,0.25,0.30,0.25,0.06,1440.00,15.25,15.28,16.22,15.92,1.0351,1.0363,0.8256,0
142,10,436.40,0.19,1.78,1.47,1.73,1.43,1.67,1440.00,15.25,16.24,27.50,19.56,0.9900,1.0218,0.8256,0
142,11,528.82,0.20,2.15,1.78,2.07,1.71,2.06,1440.00,15.25,16.48,30.62,20.81,0.9775,1.0168,0.8256,1
142,12,576.77,0.21,2.34,1.93,2.23,1.84,2.44,1440.00,15.25,16.70,33.08,21.50,0.9677,1.0140,0.8256,1
142,13,505.01,0.22,2.05,1.70,1.97,1.62,2.25,1440.00,15.25,16.59,31.42,20.72,0.9743,1.0171,0.8256,1
142,14,519.64,0.23,2.11,1.75,2.02,1.67,2.36,1440.00,15.25,16.66,31.98,20.77,0.9721,1.0169,0.8256,1
142,15,352.11,0.24,1.44,1.19,1.40,1.15,1.68,1440.00,15.25,16.25,26.96,19.01,0.9921,1.0240,0.8256,1
142,16,138.76,0.27,0.57,0.47,0.57,0.47,0.74,1440.00,15.25,15.69,20.22,16.71,1.0191,1.0331,0.8256,1
142,17,63.50,0.27,0.26,0.22,0.26,0.22,0.34,1440.00,15.25,15.45,17.53,15.91,1.0299,1.0364,0.8256,1
142,18,0.00,0.00,0.00,0.00,0.00,0.00,0.00,,15.25,,14.68,14.68,1.0413,1.0413,0.8256,0
142,19,0.00,0.00,0.00,0.00,0.00,0.00,0.00,,15.25,,14.49,14.49,1.0420,1.0420,0.8256,0
142,20,0.00,0.00,0.00,0.00,0.00,0.00,0.00,,15.25,,14.64,14.64,1.0414,1.0414,0.8256,0
142,21,0.00,0.00,0.00,0.00,0.00,0.00,0.00,,15.25,,14.16,14.16,1.0434,1.0434,0.8256,0
142,22,0.00,0.00,0.00,0.00,0.00,0.00,0.00,,15.25,,13.88,13.88,1.0445,1.0445,0.8256,0
142,23,0.00,0.00,0.00,0.00,0.00,0.00,0.00,,15.25,,13.46,13.46,1.0462,1.0462,0.8256,0
142,24,0.00,0.00,0.00,0.00,0.00,0.00,0.00,,15.25,,13.00,13.00,1.0480,1.0480,0.8256,0
143,1,0.00,0.00,0.00,0.00,0.00,0.00,0.00,,15.18,,12.99,12.99,1.0480,1.0480,0.8256,0
143,2,0.00,0.00,0.00,0.00,0.00,0.00,0.00,,15.18,,13.22,13.22,1.0471,1.0471,0.8256,0
143,3,0.00,0.00,0.00,0.00,0.00,0.00,0.00,,15.18,,13.12,13.12,1.0475,1.0475,0.8256,0
143,4,0.00,0.00,0.00,0.00,0.00,0.00,0.00,,15.18,,13.24,13.24,1.0470,1.0470,0.8256,0
143,5,0.00,0.00,0.00,0.00,0.00,0.00,0.00,,15.18,,13.23,13.23,1.0471,1.0471,0.8256,0
143,6,0.00,0.00,0.00,0.00,0.00,0.00,0.00,,15.18,,13.35,13.35,1.0466,1.0466,0.8256,0
143,7,0.00,0.00,0.00,0.00,0.00,0.00,0.00,,15.18,,13.55,13.55,1.0458,1.0458,0.8256,0
143,8,22.48,0.00,0.09,0.08,0.09,0.08,0.00,,15.18,,14.48,14.48,1.0421,1.0421,0.8256,0
143,9,67.76,0.18,0.28,0.23,0.28,0.23,0.25,1440.00,15.18,15.33,16.88,15.70,1.0325,1.0372,0.8256,0
143,10,367.87,0.23,1.51,1.25,1.46,1.21,1.71,1440.00,15.18,16.20,26.14,18.03,0.9955,1.0279,0.8256,0
143,11,391.17,0.23,1.61,1.33,1.55,1.28,1.82,1440.00,15.18,16.26,26.89,18.27,0.9924,1.0269,0.8256,1
143,12,561.22,0.25,2.29,1.89,2.17,1.79,2.84,1440.00,15.18,16.87,33.12,19.65,0.9675,1.0214,0.8256,1
143,13,362.40,0.28,1.49,1.23,1.43,1.18,2.00,1440.00,15.18,16.37,27.58,18.08,0.9897,1.0277,0.8256,1
143,14,491.42,0.27,2.01,1.66,1.91,1.58,2.70,1440.00,15.18,16.79,31.83,19.01,0.9727,1.0239,0.8256,1
143,15,343.08,0.30,1.41,1.17,1.36,1.12,2.05,1440.00,15.18,16.41,27.52,17.76,0.9899,1.0290,0.8256,1
143,16,245.02,0.32,1.01,0.83,0.98,0.81,1.58,1440.00,15.18,16.12,24.54,17.02,1.0019,1.0319,0.8256,1
143,17,64.88,0.56,0.27,0.22,0.27,0.22,0.72,1440.00,15.18,15.61,19.10,15.66,1.0236,1.0374,0.8256,1
143,18,0.00,0.00,0.00,0.00,0.00,0.00,0.00,,15.18,,16.39,16.39,1.0344,1.0344,0.8256,0
143,19,0.00,0.00,0.00,0.00,0.00,0.00,0.00,,15.18,,16.13,16.13,1.0355,1.0355,0.8256,0
143,20,0.00,0.00,0.00,0.00,0.00,0.00,0.00,,15.18,,16.24,16.24,1.0350,1.0350,0.8256,0
143,21,0.00,0.00,0.00,0.00,0.00,0.00,0.00,,15.18,,15.59,15.59,1.0376,1.0376,0.8256,0
143,22,0.00,0.00,0.00,0.00,0.00,0.00,0.00,,15.18,,15.81,15.81,1.0368,1.0368,0.8256,0
143,23,0.00,0.00,0.00,0.00,0.00,0.00,0.00,,15.18,,15.67,15.67,1.0373,1.0373,0.8256,0
143,24,0.00,0.00,0.00,0.00,0.00,0.00,0.00,,15.18,,15.21,15.21,1.0392,1.0392,0.8256,0
144,1,0.00,0.00,0.00,0.00,0.00,0.00,0.00,,15.11,,14.95,14.95,1.0402,1.0402,0.8256,0
144,2,0.00,0.00,0.00,0.00,0.00,0.00,0.00,,15.11,,14.91,14.91,1.0404,1.0404,0.8256,0
144,3,0.00,0.00,0.00,0.00,0.00,0.00,0.00,,15.11,,14.62,14.62,1.0415,1.0415,0.8256,0
144,4,0.00,0.00,0.00,0.00,0.00,0.00,0.00,,15.11,,14.59,14.59,1.0416,1.0416,0.8256,0
144,5,0.00,0.00,0.00,0.00,0.00,0.00,0.00,,15.11,,14.31,14.31,1.0428,1.0428,0.8256,0
144,6,0.00,0.00,0.00,0.00,0.00,0.00,0.00,,15.11,,14.13,14.13,1.0435,1.0435,0.8256,0
144,7,0.00,0.00,0.00,0.00,0.00,0.00,0.00,,15.11,,14.06,14.06,1.0438,1.0438,0.8256,0
144,8,44.67,0.02,0.19,0.15,0.19,0.15,0.02,1440.00,15.11,15.12,15.47,15.39,1.0381,1.0384,0.8256,0
144,9,96.96,0.21,0.40,0.33,0.40,0.33,0.41,1440.00,15.11,15.36,17.66,15.71,1.0294,1.0372,0.8256,0
144,10,413.67,0.25,1.70,1.41,1.64,1.35,2.10,1440.00,15.11,16.36,27.68,17.72,0.9893,1.0291,0.8256,0
144,11,677.47,0.26,2.77,2.29,2.59,2.14,3.51,1440.00,15.11,17.21,36.23,19.56,0.9551,1.0217,0.8256,1
144,12,758.95,0.29,3.10,2.56,2.85,2.35,4.33,1440.00,15.11,17.70,40.21,19.66,0.9392,1.0214,0.8256,1
144,13,756.22,0.31,3.10,2.56,2.83,2.34,4.68,1440.00,15.11,17.91,41.14,18.91,0.9354,1.0243,0.8256,1
144,14,637.66,0.32,2.62,2.16,2.42,2.00,4.11,1440.00,15.11,17.56,37.90,18.39,0.9484,1.0265,0.8256,1
144,15,457.33,0.34,1.88,1.55,1.77,1.46,3.11,1440.00,15.11,16.97,32.55,17.78,0.9698,1.0289,0.8256,1
144,16,204.61,0.43,0.85,0.70,0.82,0.68,1.78,1440.00,15.11,16.17,24.87,16.43,1.0005,1.0343,0.8256,1
144,17,75.29,0.73,0.31,0.26,0.31,0.25,1.11,1440.00,15.11,15.77,20.87,15.62,1.0165,1.0375,0.8256,1
144,18,0.00,0.00,0.00,0.00,0.00,0.00,0.00,,15.11,,18.12,18.12,1.0275,1.0275,0.8256,0
144,19,0.00,0.00,0.00,0.00,0.00,0.00,0.00,,15.11,,17.93,17.93,1.0283,1.0283,0.8256,0
144,20,0.00,0.00,0.00,0.00,0.00,0.00,0.00,,15.11,,17.72,17.72,1.0291,1.0291,0.8256,0
144,21,0.00,0.00,0.00,0.00,0.00,0.00,0.00,,15.11,,17.19,17.19,1.0312,1.0312,0.8256,0
144,22,0.00,0.00,0.00,0.00,0.00,0.00,0.00,,15.11,,16.78,16.78,1.0329,1.0329,0.8256,0
144,23,0.00,0.00,0.00,0.00,0.00,0.00,0.00,,15.11,,16.63,16.63,1.0335,1.0335,0.8256,0
144,24,0.00,0.00,0.00,0.00,0.00,0.00,0.00,,15.11,,16.11,16.11,1.0356,1.0356,0.8256,0
145,1,0.00,0.00,0.00,0.00,0.00,0.00,0.00,,15.04,,15.98,15.98,1.0361,1.0361,0.8256,0
145,2,0.00,0.00,0.00,0.00,0.00,0.00,0.00,,15.04,,15.83,15.83,1.0367,1.0367,0.8256,0
145,3,0.00,0.00,0.00,0.00,0.00,0.00,0.00,,15.04,,16.00,16.00,1.0360,1.0360,0.8256,0
145,4,0.00,0.00,0.00,0.00,0.00,0.00,0.00,,15.04,,15.95,15.95,1.0362,1.0362,0.8256,0
145,5,0.00,0.00,0.00,0.00,0.00,0.00,0.00,,15.04,,16.03,16.03,1.0359,1.0359,0.8256,0
145,6,0.00,0.00,0.00,0.00,0.00,0.00,0.00,,15.04,,15.67,15.67,1.0373,1.0373,0.8256,0
145,7,0.00,0.00,0.00,0.00,0.00,0.00,0.00,,15.04,,15.77,15.77,1.0369,1.0369,0.8256,0
145,8,24.70,0.58,0.10,0.08,0.10,0.08,0.29,1440.00,15.04,15.21,16.56,15.20,1.0338,1.0392,0.8256,0
145,9,63.03,0.38,0.26,0.22,0.26,0.21,0.47,1440.00,15.04,15.33,17.71,15.46,1.0292,1.0382,0.8256,0
145,10,192.41,0.30,0.80,0.66,0.78,0.64,1.15,1440.00,15.04,15.73,21.82,16.38,1.0127,1.0345,0.8256,0
145,11,178.38,0.30,0.74,0.61,0.72,0.60,1.08,1440.00,15.04,15.69,21.38,16.25,1.0145,1.0350,0.8256,1
145,12,309.46,0.29,1.28,1.05,1.23,1.02,1.80,1440.00,15.04,16.12,25.75,17.18,0.9970,1.0313,0.8256,1
145,13,181.21,0.35,0.75,0.62,0.73,0.60,1.27,1440.00,15.04,15.80,22.27,16.26,1.0109,1.0349,0.8256,1
145,14,177.56,0.36,0.74,0.61,0.72,0.59,1.28,1440.00,15.04,15.81,22.33,16.23,1.0107,1.0351,0.8256,1
145,15,184.82,0.38,0.77,0.63,0.75,0.62,1.39,1440.00,15.04,15.87,22.84,16.25,1.0087,1.0350,0.8256,1
145,16,199.66,0.38,0.83,0.68,0.80,0.66,1.52,1440.00,15.04,15.95,23.45,16.23,1.0062,1.0351,0.8256,1
145,17,58.30,0.70,0.24,0.20,0.24,0.20,0.81,1440.00,15.04,15.53,19.23,15.37,1.0231,1.0385,0.8256,1
145,18,0.00,0.00,0.00,0.00,0.00,0.00,0.00,,15.04,,16.95,16.95,1.0322,1.0322,0.8256,0
145,19,0.00,0.00,0.00,0.00,0.00,0.00,0.00,,15.04,,17.19,17.19,1.0312,1.0312,0.8256,0
145,20,0.00,0.00,0.00,0.00,0.00,0.00,0.00,,15.04,,17.23,17.23,1.0311,1.0311,0.8256,0
145,21,0.00,0.00,0.00,0.00,0.00,0.00,0.00,,15.04,,16.74,16.74,1.0330,1.0330,0.8256,0
145,22,0.00,0.00,0.00,0.00,0.00,0.00,0.00,,15.04,,16.33,16.33,1.0347,1.0347,0.8256,0
145,23,0.00,0.00,0.00,0.00,0.00,0.00,0.00,,15.04,,16.11,16.11,1.0356,1.0356,0.8256,0
145,24,0.00,0.00,0.00,0.00,0.00,0.00,0.00,,15.04,,15.73,15.73,1.0371,1.0371,0.8256,0
146,1,0.00,0.00,0.00,0.00,0.00,0.00,0.00,,14.98,,15.64,15.64,1.0374,1.0374,0.8256,0
146,2,0.00,0.00,0.00,0.00,0.00,0.00,0.00,,14.98,,15.48,15.48,1.0381,1.0381,0.8256,0
146,3,0.00,0.00,0.00,0.00,0.00,0.00,0.00,,14.98,,15.50,15.50,1.0380,1.0380,0.8256,0
146,4,0.00,0.00,0.00,0.00,0.00,0.00,0.00,,14.98,,15.31,15.31,1.0388,1.0388,0.8256,0
146,5,0.00,0.00,0.00,0.00,0.00,0.00,0.00,,14.98,,15.16,15.16,1.0394,1.0394,0.8256,0
146,6,0.00,0.00,0.00,0.00,0.00,0.00,0.00,,14.98,,15.14,15.14,1.0394,1.0394,0.8256,0
146,7,0.00,0.00,0.00,0.00,0.00,0.00,0.00,,14.98,,15.38,15.38,1.0385,1.0385,0.8256,0
146,8,8.52,0.24,0.04,0.03,0.04,0.03,0.04,1440.00,14.98,15.00,15.23,15.04,1.0391,1.0399,0.8256,0
146,9,22.29,0.55,0.09,0.08,0.09,0.08,0.25,1440.00,14.98,15.13,16.29,15.11,1.0349,1.0396,0.8256,0
146,10,35.11,0.46,0.15,0.12,0.15,0.12,0.32,1440.00,14.98,15.17,16.73,15.19,1.0331,1.0392,0.8256,0
146,11,65.92,0.36,0.27,0.23,0.27,0.22,0.47,1440.00,14.98,15.26,17.62,15.38,1.0295,1.0385,0.8256,1
146,12,53.09,0.39,0.22,0.18,0.22,0.18,0.41,1440.00,14.98,15.22,17.32,15.37,1.0307,1.0385,0.8256,1
146,13,62.56,0.41,0.26,0.21,0.26,0.21,0.51,1440.00,14.98,15.28,17.91,15.50,1.0283,1.0380,0.8256,1
146,14,77.88,0.38,0.32,0.27,0.32,0.26,0.59,1440.00,14.98,15.33,18.50,15.68,1.0260,1.0373,0.8256,1
146,15,60.15,0.40,0.25,0.21,0.25,0.20,0.48,1440.00,14.98,15.27,17.93,15.63,1.0283,1.0375,0.8256,1
146,16,16.94,0.66,0.07,0.06,0.07,0.06,0.22,1440.00,14.98,15.11,16.26,15.19,1.0350,1.0392,0.8256,0
146,17,14.39,0.87,0.06,0.05,0.06,0.05,0.25,1440.00,14.98,15.13,16.35,15.16,1.0346,1.0394,0.8256,0
146,18,0.00,0.00,0.00,0.00,0.00,0.00,0.00,,14.98,,16.26,16.26,1.0350,1.0350,0.8256,0
146,19,0.00,0.00,0.00,0.00,0.00,0.00,0.00,,14.98,,17.02,17.02,1.0319,1.0319,0.8256,0
146,20,0.00,0.00,0.00,0.00,0.00,0.00,0.00,,14.98,,17.12,17.12,1.0315,1.0315,0.8256,0
146,21,0.00,0.00,0.00,0.00,0.00,0.00,0.00,,14.98,,16.39,16.39,1.0344,1.0344,0.8256,0
146,22,0.00,0.00,0.00,0.00,0.00,0.00,0.00,,14.98,,16.59,16.59,1.0336,1.0336,0.8256,0
146,23,0.00,0.00,0.00,0.00,0.00,0.00,0.00,,14.98,,17.14,17.14,1.0314,1.0314,0.8256,0
146,24,0.00,0.00,0.00,0.00,0.00,0.00,0.00,,14.98,,17.20,17.20,1.0312,1.0312,0.8256,0
147,1,0.00,0.00,0.00,0.00,0.00,0.00,0.00,,14.91,,17.12,17.12,1.0315,1.0315,0.8256,0
147,2,0.00,0.00,0.00,0.00,0.00,0.00,0.00,,14.91,,17.12,17.12,1.0315,1.0315,0.8256,0
147,3,0.00,0.00,0.00,0.00,0.00,0.00,0.00,,14.91,,16.94,16.94,1.0322,1.0322,0.8256,0
147,4,0.00,0.00,0.00,0.00,0.00,0.00,0.00,,14.91,,16.87,16.87,1.0325,1.0325,0.8256,0
147,5,0.00,0.00,0.00,0.00,0.00,0.00,0.00,,14.91,,16.84,16.84,1.0326,1.0326,0.8256,0
147,6,0.00,0.00,0.00,0.00,0.00,0.00,0.00,,14.91,,16.51,16.51,1.0340,1.0340,0.8256,0
147,7,0.00,0.00,0.00,0.00,0.00,0.00,0.00,,14.91,,16.57,16.57,1.0337,1.0337,0.8256,0
147,8,24.23,0.96,0.10,0.08,0.10,0.08,0.47,1440.00,14.91,15.19,17.36,15.15,1.0306,1.0394,0.8256,0
147,9,69.32,0.58,0.29,0.24,0.28,0.23,0.81,1440.00,14.91,15.39,19.36,15.53,1.0226,1.0379,0.8256,0
147,10,337.28,0.31,1.39,1.15,1.33,1.10,2.09,1440.00,14.91,16.16,27.75,17.83,0.9890,1.0287,0.8256,0
147,11,411.74,0.30,1.69,1.40,1.61,1.33,2.46,1440.00,14.91,16.39,30.10,18.39,0.9796,1.0264,0.8256,1
147,12,456.66,0.30,1.87,1.55,1.78,1.47,2.72,1440.00,14.91,16.54,31.75,18.84,0.9730,1.0246,0.8256,1
147,13,463.45,0.30,1.90,1.57,1.80,1.49,2.82,1440.00,14.91,16.60,32.31,18.90,0.9707,1.0244,0.8256,1
147,14,397.33,0.32,1.63,1.35,1.56,1.28,2.54,1440.00,14.91,16.43,30.25,18.20,0.9790,1.0272,0.8256,1
147,15,264.78,0.36,1.09,0.90,1.05,0.87,1.93,1440.00,14.91,16.06,26.17,17.02,0.9953,1.0319,0.8256,1
147,16,198.77,0.40,0.82,0.68,0.80,0.66,1.60,1440.00,14.91,15.87,24.08,16.46,1.0037,1.0341,0.8256,1
147,17,36.51,1.00,0.15,0.13,0.15,0.12,0.73,1440.00,14.91,15.35,18.93,15.46,1.0243,1.0381,0.8256,0
147,18,0.00,0.00,0.00,0.00,0.00,0.00,0.00,,14.91,,17.37,17.37,1.0305,1.0305,0.8256,0
147,19,0.00,0.00,0.00,0.00,0.00,0.00,0.00,,14.91,,17.02,17.02,1.0319,1.0319,0.8256,0
147,20,0.00,0.00,0.00,0.00,0.00,0.00,0.00,,14.91,,16.96,16.96,1.0322,1.0322,0.8256,0
147,21,0.00,0.00,0.00,0.00,0.00,0.00,0.00,,14.91,,16.63,16.63,1.0335,1.0335,0.8256,0
147,22,0.00,0.00,0.00,0.00,0.00,0.00,0.00,,14.91,,16.56,16.56,1.0338,1.0338,0.8256,0
147,23,0.00,0.00,0.00,0.00,0.00,0.00,0.00,,14.91,,16.46,16.46,1.0342,1.0342,0.8256,0
147,24,0.00,0.00,0.00,0.00,0.00,0.00,0.00,,14.91,,16.16,16.16,1.0354,1.0354,0.8256,0
148,1,0.00,0.00,0.00,0.00,0.00,0.00,0.00,,14.85,,16.08,16.08,1.0357,1.0357,0.8256,0
148,2,0.00,0.00,0.00,0.00,0.00,0.00,0.00,,14.85,,16.07,16.07,1.0357,1.0357,0.8256,0
148,3,0.00,0.00,0.00,0.00,0.00,0.00,0.00,,14.85,,15.77,15.77,1.0369,1.0369,0.8256,0
148,4,0.00,0.00,0.00,0.00,0.00,0.00,0.00,,14.85,,15.60,15.60,1.0376,1.0376,0.8256,0
148,5,0.00,0.00,0.00,0.00,0.00,0.00,0.00,,14.85,,15.56,15.56,1.0378,1.0378,0.8256,0
148,6,0.00,0.00,0.00,0.00,0.00,0.00,0.00,,14.85,,15.32,15.32,1.0387,1.0387,0.8256,0
148,7,0.00,0.00,0.00,0.00,0.00,0.00,0.00,,14.85,,15.18,15.18,1.0393,1.0393,0.8256,0
148,8,33.17,0.36,0.14,0.11,0.14,0.11,0.24,1440.00,14.85,14.99,16.18,15.04,1.0353,1.0399,0.8256,0
148,9,109.78,0.37,0.46,0.38,0.45,0.37,0.81,1440.00,14.85,15.33,19.39,15.54,1.0224,1.0378,0.8256,0
148,10,317.73,0.30,1.31,1.08,1.27,1.05,1.88,1440.00,14.85,15.97,25.80,16.87,0.9968,1.0325,0.8256,0
148,11,383.26,0.29,1.58,1.30,1.52,1.25,2.22,1440.00,14.85,16.18,27.88,17.33,0.9885,1.0307,0.8256,1
148,12,420.69,0.32,1.73,1.43,1.65,1.36,2.70,1440.00,14.85,16.46,30.32,17.48,0.9787,1.0301,0.8256,1
148,13,497.30,0.34,2.05,1.69,1.92,1.59,3.39,1440.00,14.85,16.87,33.64,17.54,0.9654,1.0298,0.8256,1
148,14,425.08,0.36,1.75,1.45,1.66,1.37,3.06,1440.00,14.85,16.68,31.51,16.96,0.9739,1.0321,0.8256,1
148,15,339.35,0.39,1.40,1.16,1.33,1.10,2.63,1440.00,14.85,16.42,29.24,16.76,0.9830,1.0330,0.8256,1
148,16,176.46,0.50,0.73,0.60,0.71,0.58,1.78,1440.00,14.85,15.91,24.44,15.99,1.0022,1.0360,0.8256,1
148,17,47.19,1.00,0.20,0.16,0.19,0.16,0.94,1440.00,14.85,15.41,20.62,16.14,1.0175,1.0354,0.8256,0
148,18,0.00,0.00,0.00,0.00,0.00,0.00,0.00,,14.85,,18.35,18.35,1.0266,1.0266,0.8256,0
148,19,0.00,0.00,0.00,0.00,0.00,0.00,0.00,,14.85,,18.08,18.08,1.0277,1.0277,0.8256,0
148,20,0.00,0.00,0.00,0.00,0.00,0.00,0.00,,14.85,,18.12,18.12,1.0275,1.0275,0.8256,0
148,21,0.00,0.00,0.00,0.00,0.00,0.00,0.00,,14.85,,17.60,17.60,1.0296,1.0296,0.8256,0
148,22,0.00,0.00,0.00,0.00,0.00,0.00,0.00,,14.85,,17.36,17.36,1.0306,1.0306,0.8256,0
148,23,0.00,0.00,0.00,0.00,0.00,0.00,0.00,,14.85,,16.87,16.87,1.0325,1.0325,0.8256,0
148,24,0.00,0.00,0.00,0.00,0.00,0.00,0.00,,14.85,,16.79,16.79,1.0328,1.0328,0.8256,0
149,1,0.00,0.00,0.00,0.00,0.00,0.00,0.00,,14.79,,16.68,16.68,1.0333,1.0333,0.8256,0
149,2,0.00,0.00,0.00,0.00,0.00,0.00,0.00,,14.79,,16.54,16.54,1.0338,1.0338,0.8256,0
149,3,0.00,0.00,0.00,0.00,0.00,0.00,0.00,,14.79,,16.48,16.48,1.0341,1.0341,0.8256,0
149,4,0.00,0.00,0.00,0.00,0.00,0.00,0.00,,14.79,,16.50,16.50,1.0340,1.0340,0.8256,0
149,5,0.00,0.00,0.00,0.00,0.00,0.00,0.00,,14.79,,16.45,16.45,1.0342,1.0342,0.8256,0
149,6,0.00,0.00,0.00,0.00,0.00,0.00,0.00,,14.79,,16.35,16.35,1.0346,1.0346,0.8256,0
149,7,0.00,0.00,0.00,0.00,0.00,0.00,0.00,,14.79,,16.21,16.21,1.0352,1.0352,0.8256,0
149,8,26.50,0.87,0.11,0.09,0.11,0.09,0.46,1440.00,14.79,15.06,17.25,15.06,1.0310,1.0397,0.8256,0
149,9,79.55,0.51,0.33,0.27,0.33,0.27,0.82,1440.00,14.79,15.27,19.43,15.56,1.0223,1.0378,0.8256,0
149,10,211.86,0.34,0.88,0.72,0.85,0.70,1.42,1440.00,14.79,15.64,23.51,16.74,1.0060,1.0330,0.8256,0
149,11,231.78,0.32,0.96,0.79,0.93,0.77,1.51,1440.00,14.79,15.69,24.04,16.89,1.0038,1.0324,0.8256,1
149,12,223.40,0.34,0.92,0.76,0.90,0.74,1.54,1440.00,14.79,15.71,24.07,16.77,1.0037,1.0329,0.8256,1
149,13,197.22,0.37,0.82,0.67,0.79,0.66,1.47,1440.00,14.79,15.66,23.43,16.47,1.0063,1.0341,0.8256,1
149,14,240.49,0.34,0.99,0.82,0.96,0.80,1.63,1440.00,14.79,15.76,24.53,16.77,1.0019,1.0329,0.8256,1
149,15,200.90,0.35,0.83,0.69,0.81,0.67,1.41,1440.00,14.79,15.63,23.17,16.45,1.0073,1.0342,0.8256,1
149,16,163.22,0.38,0.68,0.56,0.66,0.55,1.24,1440.00,14.79,15.52,21.96,16.09,1.0122,1.0356,0.8256,1
149,17,15.24,1.00,0.06,0.05,0.06,0.05,0.30,1440.00,14.79,14.97,17.43,15.98,1.0303,1.0361,0.8256,0
149,18,0.00,0.00,0.00,0.00,0.00,0.00,0.00,,14.79,,16.86,16.86,1.0326,1.0326,0.8256,0
149,19,0.00,0.00,0.00,0.00,0.00,0.00,0.00,,14.79,,16.74,16.74,1.0330,1.0330,0.8256,0
149,20,0.00,0.00,0.00,0.00,0.00,0.00,0.00,,14.79,,16.71,16.71,1.0332,1.0332,0.8256,0
149,21,0.00,0.00,0.00,0.00,0.00,0.00,0.00,,14.79,,15.68,15.68,1.0373,1.0373,0.8256,0
149,22,0.00,0.00,0.00,0.00,0.00,0.00,0.00,,14.79,,15.44,15.44,1.0382,1.0382,0.8256,0
149,23,0.00,0.00,0.00,0.00,0.00,0.00,0.00,,14.79,,15.11,15.11,1.0396,1.0396,0.8256,0
149,24,0.00,0.00,0.00,0.00,0.00,0.00,0.00,,14.79,,14.61,14.61,1.0416,1.0416,0.8256,0
150,1,0.00,0.00,0.00,0.00,0.00,0.00,0.00,,14.72,,14.45,14.45,1.0422,1.0422,0.8256,0
150,2,0.00,0.00,0.00,0.00,0.00,0.00,0.00,,14.72,,14.37,14.37,1.0425,1.0425,0.8256,0
150,3,0.00,0.00,0.00,0.00,0.00,0.00,0.00,,14.72,,14.23,14.23,1.0431,1.0431,0.8256,0
150,4,0.00,0.00,0.00,0.00,0.00,0.00,0.00,,14.72,,14.12,14.12,1.0435,1.0435,0.8256,0
150,5,0.00,0.00,0.00,0.00,0.00,0.00,0.00,,14.72,,13.97,13.97,1.0441,1.0441,0.8256,0
150,6,0.00,0.00,0.00,0.00,0.00,0.00,0.00,,14.72,,13.75,13.75,1.0450,1.0450,0.8256,0
150,7,0.00,0.00,0.00,0.00,0.00,0.00,0.00,,14.72,,13.71,13.71,1.0452,1.0452,0.8256,0
150,8,30.71,0.00,0.13,0.11,0.13,0.11,0.00,,14.72,,14.58,14.58,1.0417,1.0417,0.8256,0
150,9,55.13,0.16,0.23,0.19,0.23,0.19,0.18,1440.00,14.72,14.83,16.14,15.29,1.0354,1.0388,0.8256,0
150,10,606.83,0.22,2.47,2.04,2.34,1.94,2.73,1440.00,14.72,16.35,33.50,20.56,0.9660,1.0178,0.8256,0
150,11,510.70,0.24,2.09,1.72,2.00,1.65,2.41,1440.00,14.72,16.16,30.84,19.39,0.9766,1.0224,0.8256,1
150,12,467.13,0.26,1.91,1.58,1.83,1.51,2.42,1440.00,14.72,16.17,30.48,18.97,0.9781,1.0241,0.8256,1
150,13,407.12,0.29,1.67,1.38,1.60,1.32,2.37,1440.00,14.72,16.14,29.48,18.23,0.9821,1.0271,0.8256,1
150,14,197.81,0.37,0.82,0.68,0.80,0.66,1.46,1440.00,14.72,15.60,23.26,16.31,1.0070,1.0348,0.8256,1
150,15,194.59,0.39,0.81,0.67,0.78,0.65,1.51,1440.00,14.72,15.62,23.40,16.24,1.0064,1.0350,0.8256,1
150,16,68.42,0.65,0.28,0.23,0.28,0.23,0.90,1440.00,14.72,15.26,19.50,15.24,1.0220,1.0390,0.8256,1
150,17,29.89,1.00,0.12,0.10,0.12,0.10,0.60,1440.00,14.72,15.08,18.41,15.57,1.0263,1.0377,0.8256,0
150,18,0.00,0.00,0.00,0.00,0.00,0.00,0.00,,14.72,,16.90,16.90,1.0324,1.0324,0.8256,0
150,19,0.00,0.00,0.00,0.00,0.00,0.00,0.00,,14.72,,16.67,16.67,1.0333,1.0333,0.8256,0
150,20,0.00,0.00,0.00,0.00,0.00,0.00,0.00,,14.72,,16.45,16.45,1.0342,1.0342,0.8256,0
150,21,0.00,0.00,0.00,0.00,0.00,0.00,0.00,,14.72,,16.41,16.41,1.0344,1.0344,0.8256,0
150,22,0.00,0.00,0.00,0.00,0.00,0.00,0.00,,14.72,,15.91,15.91,1.0364,1.0364,0.8256,0
150,23,0.00,0.00,0.00,0.00,0.00,0.00,0.00,,14.72,,15.77,15.77,1.0369,1.0369,0.8256,0
150,24,0.00,0.00,0.00,0.00,0.00,0.00,0.00,,14.72,,15.34,15.34,1.0386,1.0386,0.8256,0
151,1,0.00,0.00,0.00,0.00,0.00,0.00,0.00,,14.66,,15.10,15.10,1.0396,1.0396,0.8256,0
151,2,0.00,0.00,0.00,0.00,0.00,0.00,0.00,,14.66,,14.86,14.86,1.0406,1.0406,0.8256,0
151,3,0.00,0.00,0.00,0.00,0.00,0.00,0.00,,14.66,,14.40,14.40,1.0424,1.0424,0.8256,0
151,4,0.00,0.00,0.00,0.00,0.00,0.00,0.00,,14.66,,14.35,14.35,1.0426,1.0426,0.8256,0
151,5,0.00,0.00,0.00,0.00,0.00,0.00,0.00,,14.66,,14.37,14.37,1.0425,1.0425,0.8256,0
151,6,0.00,0.00,0.00,0.00,0.00,0.00,0.00,,14.66,,14.26,14.26,1.0430,1.0430,0.8256,0
151,7,0.00,0.00,0.00,0.00,0.00,0.00,0.00,,14.66,,14.19,14.19,1.0432,1.0432,0.8256,0
151,8,18.08,0.36,0.08,0.06,0.08,0.06,0.13,1440.00,14.66,14.74,15.49,14.87,1.0380,1.0405,0.8256,0
151,9,59.77,0.47,0.25,0.20,0.25,0.20,0.57,1440.00,14.66,15.00,18.09,15.40,1.0276,1.0384,0.8256,0
151,10,321.27,0.25,1.32,1.09,1.28,1.05,1.59,1440.00,14.66,15.61,26.62,19.07,0.9935,1.0237,0.8256,0
151,11,317.30,0.25,1.30,1.07,1.26,1.04,1.61,1440.00,14.66,15.63,26.53,18.86,0.9939,1.0245,0.8256,1
151,12,524.57,0.24,2.13,1.76,2.03,1.68,2.48,1440.00,14.66,16.14,33.24,21.47,0.9670,1.0141,0.8256,1
151,13,484.99,0.25,1.97,1.63,1.88,1.55,2.46,1440.00,14.66,16.13,32.39,20.70,0.9705,1.0172,0.8256,1
151,14,446.66,0.25,1.82,1.50,1.74,1.44,2.23,1440.00,14.66,16.00,31.06,20.46,0.9758,1.0182,0.8256,1
151,15,311.30,0.26,1.28,1.05,1.24,1.02,1.64,1440.00,14.66,15.64,26.60,18.82,0.9936,1.0247,0.8256,1
151,16,168.21,0.34,0.69,0.57,0.68,0.56,1.13,1440.00,14.66,15.34,22.20,16.82,1.0112,1.0327,0.8256,1
151,17,18.62,1.00,0.08,0.06,0.08,0.06,0.37,1440.00,14.66,14.89,17.52,15.75,1.0299,1.0370,0.8256,0
151,18,0.00,0.00,0.00,0.00,0.00,0.00,0.00,,14.66,,16.36,16.36,1.0346,1.0346,0.8256,0
151,19,0.00,0.00,0.00,0.00,0.00,0.00,0.00,,14.66,,16.25,16.25,1.0350,1.0350,0.8256,0
151,20,0.00,0.00,0.00,0.00,0.00,0.00,0.00,,14.66,,16.42,16.42,1.0343,1.0343,0.8256,0
151,21,0.00,0.00,0.00,0.00,0.00,0.00,0.00,,14.66,,16.76,16.76,1.0330,1.0330,0.8256,0
151,22,0.00,0.00,0.00,0.00,0.00,0.00,0.00,,14.66,,16.74,16.74,1.0330,1.0330,0.8256,0
151,23,0.00,0.00,0.00,0.00,0.00,0.00,0.00,,14.66,,16.63,16.63,1.0335,1.0335,0.8256,0
151,24,0.00,0.00,0.00,0.00,0.00,0.00,0.00,,14.66,,16.11,16.11,1.0356,1.0356,0.8256,0
152,1,0.00,0.00,0.00,0.00,0.00,0.00,0.00,,14.60,,15.88,15.88,1.0365,1.0365,0.8256,0
152,2,0.00,0.00,0.00,0.00,0.00,0.00,0.00,,14.60,,15.59,15.59,1.0376,1.0376,0.8256,0
152,3,0.00,0.00,0.00,0.00,0.00,0.00,0.00,,14.60,,14.94,14.94,1.0402,1.0402,0.8256,0
152,4,0.00,0.00,0.00,0.00,0.00,0.00,0.00,,14.60,,14.99,14.99,1.0400,1.0400,0.8256,0
152,5,0.00,0.00,0.00,0.00,0.00,0.00,0.00,,14.60,,15.03,15.03,1.0399,1.0399,0.8256,0
152,6,0.00,0.00,0.00,0.00,0.00,0.00,0.00,,14.60,,15.07,15.07,1.0397,1.0397,0.8256,0
152,7,0.00,0.00,0.00,0.00,0.00,0.00,0.00,,14.60,,15.11,15.11,1.0396,1.0396,0.8256,0
152,8,23.57,0.47,0.10,0.08,0.10,0.08,0.22,1440.00,14.60,14.74,15.90,14.83,1.0364,1.0407,0.8256,0
152,9,62.04,0.33,0.26,0.21,0.26,0.21,0.41,1440.00,14.60,14.85,17.14,15.21,1.0314,1.0392,0.8256,0
152,10,381.57,0.24,1.57,1.29,1.51,1.25,1.86,1440.00,14.60,15.71,27.16,18.34,0.9913,1.0266,0.8256,0
152,11,643.67,0.24,2.62,2.16,2.47,2.04,3.05,1440.00,14.60,16.42,35.39,20.93,0.9584,1.0163,0.8256,1
152,12,708.66,0.24,2.87,2.37,2.69,2.22,3.35,1440.00,14.60,16.60,37.48,21.58,0.9501,1.0137,0.8256,1
152,13,599.96,0.24,2.44,2.02,2.31,1.91,2.86,1440.00,14.60,16.31,34.12,20.52,0.9635,1.0179,0.8256,1
152,14,579.83,0.24,2.36,1.95,2.24,1.85,2.78,1440.00,14.60,16.26,33.53,20.33,0.9659,1.0187,0.8256,1
152,15,409.43,0.25,1.68,1.39,1.62,1.33,2.02,1440.00,14.60,15.81,28.24,18.66,0.9870,1.0254,0.8256,1
152,16,191.89,0.27,0.79,0.66,0.78,0.64,1.05,1440.00,14.60,15.23,21.50,16.51,1.0140,1.0340,0.8256,1
152,17,71.38,0.36,0.30,0.24,0.29,0.24,0.52,1440.00,14.60,14.91,17.77,15.31,1.0289,1.0387,0.8256,1
152,18,0.00,0.00,0.00,0.00,0.00,0.00,0.00,,14.60,,15.58,15.58,1.0377,1.0377,0.8256,0
152,19,0.00,0.00,0.00,0.00,0.00,0.00,0.00,,14.60,,14.64,14.64,1.0414,1.0414,0.8256,0
152,20,0.00,0.00,0.00,0.00,0.00,0.00,0.00,,14.60,,14.69,14.69,1.0412,1.0412,0.8256,0
152,21,0.00,0.00,0.00,0.00,0.00,0.00,0.00,,14.60,,14.34,14.34,1.0426,1.0426,0.8256,0
152,22,0.00,0.00,0.00,0.00,0.00,0.00,0.00,,14.60,,14.05,14.05,1.0438,1.0438,0.8256,0
152,23,0.00,0.00,0.00,0.00,0.00,0.00,0.00,,14.60,,13.83,13.83,1.0447,1.0447,0.8256,0
152,24,0.00,0.00,0.00,0.00,0.00,0.00,0.00,,14.60,,13.60,13.60,1.0456,1.0456,0.8256,0
153,1,0.00,0.00,0.00,0.00,0.00,0.00,0.00,,14.54,,13.20,13.20,1.0472,1.0472,0.8256,0
153,2,0.00,0.00,0.00,0.00,0.00,0.00,0.00,,14.54,,12.83,12.83,1.0487,1.0487,0.8256,0
153,3,0.00,0.00,0.00,0.00,0.00,0.00,0.00,,14.54,,12.72,12.72,1.0491,1.0491,0.8256,0
153,4,0.00,0.00,0.00,0.00,0.00,0.00,0.00,,14.54,,12.49,12.49,1.0500,1.0500,0.8256,0
153,5,0.00,0.00,0.00,0.00,0.00,0.00,0.00,,14.54,,12.13,12.13,1.0515,1.0515,0.8256,0
153,6,0.00,0.00,0.00,0.00,0.00,0.00,0.00,,14.54,,12.01,12.01,1.0520,1.0520,0.8256,0
153,7,0.00,0.00,0.00,0.00,0.00,0.00,0.00,,14.54,,11.85,11.85,1.0526,1.0526,0.8256,0
153,8,22.86,0.00,0.10,0.08,0.10,0.08,0.00,,14.54,,12.55,12.55,1.0498,1.0498,0.8256,0
153,9,60.43,0.00,0.25,0.21,0.25,0.21,0.00,,14.54,,14.42,14.42,1.0423,1.0423,0.8256,0
153,10,485.41,0.21,1.99,1.64,1.91,1.58,2.02,1440.00,14.54,15.75,28.45,18.85,0.9862,1.0246,0.8256,0
153,11,604.68,0.23,2.47,2.04,2.34,1.93,2.81,1440.00,14.54,16.23,33.50,20.13,0.9660,1.0195,0.8256,1
153,12,583.07,0.24,2.38,1.96,2.26,1.86,2.77,1440.00,14.54,16.20,33.27,20.12,0.9669,1.0195,0.8256,1
153,13,654.00,0.25,2.66,2.19,2.50,2.06,3.24,1440.00,14.54,16.48,36.38,20.97,0.9545,1.0161,0.8256,1
153,14,461.55,0.26,1.89,1.56,1.80,1.49,2.41,1440.00,14.54,15.99,30.70,19.25,0.9772,1.0230,0.8256,1
153,15,245.07,0.30,1.01,0.83,0.98,0.81,1.46,1440.00,14.54,15.42,24.05,17.11,1.0038,1.0316,0.8256,1
153,16,210.16,0.32,0.87,0.72,0.85,0.70,1.33,1440.00,14.54,15.34,23.05,16.74,1.0078,1.0330,0.8256,1
153,17,61.17,0.43,0.25,0.21,0.25,0.21,0.53,1440.00,14.54,14.86,17.67,15.17,1.0293,1.0393,0.8256,1
153,18,0.00,0.00,0.00,0.00,0.00,0.00,0.00,,14.54,,15.83,15.83,1.0367,1.0367,0.8256,0
153,19,0.00,0.00,0.00,0.00,0.00,0.00,0.00,,14.54,,15.37,15.37,1.0385,1.0385,0.8256,0
153,20,0.00,0.00,0.00,0.00,0.00,0.00,0.00,,14.54,,15.20,15.20,1.0392,1.0392,0.8256,0
153,21,0.00,0.00,0.00,0.00,0.00,0.00,0.00,,14.54,,15.38,15.38,1.0385,1.0385,0.8256,0
153,22,0.00,0.00,0.00,0.00,0.00,0.00,0.00,,14.54,,15.23,15.23,1.0391,1.0391,0.8256,0
153,23,0.00,0.00,0.00,0.00,0.00,0.00,0.00,,14.54,,14.97,14.97,1.0401,1.0401,0.8256,0
153,24,0.00,0.00,0.00,0.00,0.00,0.00,0.00,,14.54,,14.81,14.81,1.0408,1.0408,0.8256,0
154,1,0.00,0.00,0.00,0.00,0.00,0.00,0.00,,14.49,,14.62,14.62,1.0415,1.0415,0.8256,0
154,2,0.00,0.00,0.00,0.00,0.00,0.00,0.00,,14.49,,14.33,14.33,1.0427,1.0427,0.8256,0
154,3,0.00,0.00,0.00,0.00,0.00,0.00,0.00,,14.49,,14.18,14.18,1.0433,1.0433,0.8256,0
154,4,0.00,0.00,0.00,0.00,0.00,0.00,0.00,,14.49,,13.91,13.91,1.0444,1.0444,0.8256,0
154,5,0.00,0.00,0.00,0.00,0.00,0.00,0.00,,14.49,,13.70,13.70,1.0452,1.0452,0.8256,0
154,6,0.00,0.00,0.00,0.00,0.00,0.00,0.00,,14.49,,13.69,13.69,1.0452,1.0452,0.8256,0
154,7,0.00,0.00,0.00,0.00,0.00,0.00,0.00,,14.49,,13.79,13.79,1.0448,1.0448,0.8256,0
154,8,19.07,0.00,0.08,0.07,0.08,0.07,0.00,,14.49,,14.37,14.37,1.0425,1.0425,0.8256,0
154,9,57.78,0.16,0.24,0.20,0.24,0.20,0.19,1440.00,14.49,14.60,15.92,15.03,1.0363,1.0399,0.8256,0
154,10,400.90,0.23,1.65,1.36,1.59,1.31,1.87,1440.00,14.49,15.61,27.16,18.26,0.9914,1.0270,0.8256,0
154,11,554.13,0.25,2.26,1.87,2.15,1.77,2.72,1440.00,14.49,16.11,32.72,19.78,0.9691,1.0209,0.8256,1
154,12,544.29,0.25,2.22,1.84,2.11,1.74,2.73,1440.00,14.49,16.12,32.65,19.69,0.9694,1.0212,0.8256,1
154,13,464.20,0.26,1.90,1.57,1.81,1.50,2.45,1440.00,14.49,15.95,30.71,19.07,0.9772,1.0237,0.8256,1
154,14,378.61,0.27,1.55,1.28,1.49,1.23,2.07,1440.00,14.49,15.73,28.22,18.37,0.9871,1.0265,0.8256,1
154,15,314.20,0.28,1.29,1.07,1.25,1.03,1.76,1440.00,14.49,15.54,26.12,17.74,0.9955,1.0290,0.8256,1
154,16,166.93,0.32,0.69,0.57,0.68,0.56,1.08,1440.00,14.49,15.13,21.31,16.20,1.0148,1.0352,0.8256,1
154,17,46.90,0.43,0.20,0.16,0.19,0.16,0.40,1440.00,14.49,14.72,16.85,14.95,1.0326,1.0402,0.8256,0
154,18,0.00,0.00,0.00,0.00,0.00,0.00,0.00,,14.49,,15.15,15.15,1.0394,1.0394,0.8256,0
154,19,0.00,0.00,0.00,0.00,0.00,0.00,0.00,,14.49,,14.87,14.87,1.0405,1.0405,0.8256,0
154,20,0.00,0.00,0.00,0.00,0.00,0.00,0.00,,14.49,,15.01,15.01,1.0400,1.0400,0.8256,0
154,21,0.00,0.00,0.00,0.00,0.00,0.00,0.00,,14.49,,15.03,15.03,1.0399,1.0399,0.8256,0
154,22,0.00,0.00,0.00,0.00,0.00,0.00,0.00,,14.49,,14.80,14.80,1.0408,1.0408,0.8256,0
154,23,0.00,0.00,0.00,0.00,0.00,0.00,0.00,,14.49,,14.40,14.40,1.0424,1.0424,0.8256,0
154,24,0.00,0.00,0.00,0.00,0.00,0.00,0.00,,14.49,,14.21,14.21,1.0432,1.0432,0.8256,0
155,1,0.00,0.00,0.00,0.00,0.00,0.00,0.00,,14.43,,14.07,14.07,1.0437,1.0437,0.8256,0
155,2,0.00,0.00,0.00,0.00,0.00,0.00,0.00,,14.43,,13.46,13.46,1.0462,1.0462,0.8256,0
155,3,0.00,0.00,0.00,0.00,0.00,0.00,0.00,,14.43,,13.46,13.46,1.0462,1.0462,0.8256,0
155,4,0.00,0.00,0.00,0.00,0.00,0.00,0.00,,14.43,,13.44,13.44,1.0462,1.0462,0.8256,0
155,5,0.00,0.00,0.00,0.00,0.00,0.00,0.00,,14.43,,13.51,13.51,1.0460,1.0460,0.8256,0
155,6,0.00,0.00,0.00,0.00,0.00,0.00,0.00,,14.43,,13.61,13.61,1.0456,1.0456,0.8256,0
155,7,0.00,0.00,0.00,0.00,0.00,0.00,0.00,,14.43,,13.70,13.70,1.0452,1.0452,0.8256,0
155,8,16.80,0.00,0.07,0.06,0.07,0.06,0.00,,14.43,,14.15,14.15,1.0434,1.0434,0.8256,0
155,9,57.87,0.12,0.24,0.20,0.24,0.20,0.14,1440.00,14.43,14.51,15.53,14.89,1.0379,1.0405,0.8256,0
155,10,517.96,0.25,2.13,1.76,2.03,1.67,2.55,1440.00,14.43,15.95,30.60,18.47,0.9776,1.0261,0.8256,0
155,11,644.39,0.26,2.63,2.18,2.47,2.04,3.38,1440.00,14.43,16.45,35.51,19.46,0.9580,1.0222,0.8256,1
155,12,590.63,0.27,2.42,2.00,2.28,1.88,3.17,1440.00,14.43,16.32,34.15,19.10,0.9634,1.0236,0.8256,1
155,13,505.97,0.29,2.08,1.71,1.97,1.62,2.90,1440.00,14.43,16.16,32.26,18.48,0.9710,1.0261,0.8256,1
155,14,559.76,0.29,2.29,1.89,2.16,1.78,3.22,1440.00,14.43,16.35,34.14,18.86,0.9634,1.0246,0.8256,1
155,15,386.70,0.31,1.59,1.32,1.52,1.26,2.39,1440.00,14.43,15.86,28.83,17.47,0.9847,1.0301,0.8256,1
155,16,196.04,0.38,0.81,0.67,0.79,0.65,1.47,1440.00,14.43,15.31,22.95,15.96,1.0082,1.0362,0.8256,1
155,17,64.74,0.50,0.27,0.22,0.27,0.22,0.64,1440.00,14.43,14.81,17.98,14.93,1.0281,1.0403,0.8256,1
155,18,0.00,0.00,0.00,0.00,0.00,0.00,0.00,,14.43,,15.80,15.80,1.0368,1.0368,0.8256,0
155,19,0.00,0.00,0.00,0.00,0.00,0.00,0.00,,14.43,,15.00,15.00,1.0400,1.0400,0.8256,0
155,20,0.00,0.00,0.00,0.00,0.00,0.00,0.00,,14.43,,15.25,15.25,1.0390,1.0390,0.8256,0
155,21,0.00,0.00,0.00,0.00,0.00,0.00,0.00,,14.43,,14.92,14.92,1.0403,1.0403,0.8256,0
155,22,0.00,0.00,0.00,0.00,0.00,0.00,0.00,,14.43,,14.37,14.37,1.0425,1.0425,0.8256,0
155,23,0.00,0.00,0.00,0.00,0.00,0.00,0.00,,14.43,,13.93,13.93,1.0443,1.0443,0.8256,0
155,24,0.00,0.00,0.00,0.00,0.00,0.00,0.00,,14.43,,13.84,13.84,1.0446,1.0446,0.8256,0
156,1,0.00,0.00,0.00,0.00,0.00,0.00,0.00,,14.37,,13.69,13.69,1.0452,1.0452,0.8256,0
156,2,0.00,0.00,0.00,0.00,0.00,0.00,0.00,,14.37,,13.23,13.23,1.0471,1.0471,0.8256,0
156,3,0.00,0.00,0.00,0.00,0.00,0.00,0.00,,14.37,,13.25,13.25,1.0470,1.0470,0.8256,0
156,4,0.00,0.00,0.00,0.00,0.00,0.00,0.00,,14.37,,12.97,12.97,1.0481,1.0481,0.8256,0
156,5,0.00,0.00,0.00,0.00,0.00,0.00,0.00,,14.37,,12.69,12.69,1.0492,1.0492,0.8256,0
156,6,0.00,0.00,0.00,0.00,0.00,0.00,0.00,,14.37,,12.50,12.50,1.0500,1.0500,0.8256,0
156,7,0.00,0.00,0.00,0.00,0.00,0.00,0.00,,14.37,,12.44,12.44,1.0502,1.0502,0.8256,0
156,8,23.42,0.00,0.10,0.08,0.10,0.08,0.00,,14.37,,13.08,13.08,1.0477,1.0477,0.8256,0
156,9,54.94,0.00,0.23,0.19,0.23,0.19,0.01,1440.00,14.37,14.38,14.79,14.76,1.0409,1.0410,0.8256,0
156,10,554.17,0.24,2.28,1.88,2.16,1.79,2.69,1440.00,14.37,15.98,31.16,18.37,0.9754,1.0265,0.8256,0
156,11,638.92,0.26,2.62,2.16,2.45,2.03,3.33,1440.00,14.37,16.36,34.90,19.09,0.9604,1.0236,0.8256,1
156,12,704.48,0.27,2.88,2.38,2.68,2.21,3.74,1440.00,14.37,16.61,37.13,19.34,0.9515,1.0226,0.8256,1
156,13,713.43,0.29,2.92,2.41,2.70,2.23,4.09,1440.00,14.37,16.82,38.52,19.10,0.9459,1.0236,0.8256,1
156,14,634.61,0.30,2.61,2.15,2.42,2.00,3.85,1440.00,14.37,16.68,36.58,18.28,0.9537,1.0269,0.8256,1
156,15,502.25,0.33,2.07,1.71,1.95,1.61,3.28,1440.00,14.37,16.33,32.70,17.14,0.9692,1.0314,0.8256,1
156,16,269.91,0.39,1.12,0.92,1.08,0.89,2.09,1440.00,14.37,15.62,25.63,15.70,0.9975,1.0372,0.8256,1
156,17,55.78,0.64,0.23,0.19,0.23,0.19,0.71,1440.00,14.37,14.80,18.04,14.66,1.0278,1.0414,0.8256,1
156,18,0.00,0.00,0.00,0.00,0.00,0.00,0.00,,14.37,,15.88,15.88,1.0365,1.0365,0.8256,0
156,19,0.00,0.00,0.00,0.00,0.00,0.00,0.00,,14.37,,15.05,15.05,1.0398,1.0398,0.8256,0
156,20,0.00,0.00,0.00,0.00,0.00,0.00,0.00,,14.37,,14.86,14.86,1.0406,1.0406,0.8256,0
156,21,0.00,0.00,0.00,0.00,0.00,0.00,0.00,,14.37,,14.45,14.45,1.0422,1.0422,0.8256,0
156,22,0.00,0.00,0.00,0.00,0.00,0.00,0.00,,14.37,,14.79,14.79,1.0408,1.0408,0.8256,0
156,23,0.00,0.00,0.00,0.00,0.00,0.00,0.00,,14.37,,13.82,13.82,1.0447,1.0447,0.8256,0
156,24,0.00,0.00,0.00,0.00,0.00,0.00,0.00,,14.37,,13.70,13.70,1.0452,1.0452,0.8256,0
157,1,0.00,0.00,0.00,0.00,0.00,0.00,0.00,,14.32,,12.86,12.86,1.0486,1.0486,0.8256,0
157,2,0.00,0.00,0.00,0.00,0.00,0.00,0.00,,14.32,,11.95,11.95,1.0522,1.0522,0.8256,0
157,3,0.00,0.00,0.00,0.00,0.00,0.00,0.00,,14.32,,11.44,11.44,1.0542,1.0542,0.8256,0
157,4,0.00,0.00,0.00,0.00,0.00,0.00,0.00,,14.32,,10.96,10.96,1.0562,1.0562,0.8256,0
157,5,0.00,0.00,0.00,0.00,0.00,0.00,0.00,,14.32,,10.60,10.60,1.0576,1.0576,0.8256,0
157,6,0.00,0.00,0.00,0.00,0.00,0.00,0.00,,14.32,,10.30,10.30,1.0588,1.0588,0.8256,0
157,7,0.00,0.00,0.00,0.00,0.00,0.00,0.00,,14.32,,9.96,9.96,1.0602,1.0602,0.8256,0
157,8,22.24,0.00,0.09,0.08,0.09,0.08,0.00,,14.32,,10.61,10.61,1.0576,1.0576,0.8256,0
157,9,54.94,0.00,0.23,0.19,0.23,0.19,0.00,,14.32,,13.14,13.14,1.0475,1.0475,0.8256,0
157,10,557.22,0.21,2.28,1.88,2.18,1.80,2.31,1440.00,14.32,15.70,30.13,19.14,0.9795,1.0234,0.8256,0
157,11,638.75,0.23,2.60,2.15,2.46,2.03,2.96,1440.00,14.32,16.09,34.20,20.15,0.9632,1.0194,0.8256,1
157,12,774.09,0.24,3.14,2.59,2.92,2.41,3.70,1440.00,14.32,16.53,38.98,21.39,0.9441,1.0144,0.8256,1
157,13,589.79,0.25,2.41,1.99,2.28,1.88,2.90,1440.00,14.32,16.05,33.64,19.87,0.9654,1.0205,0.8256,1
157,14,584.32,0.24,2.38,1.97,2.26,1.87,2.81,1440.00,14.32,16.00,33.36,20.00,0.9666,1.0200,0.8256,1
157,15,452.31,0.25,1.86,1.53,1.78,1.47,2.27,1440.00,14.32,15.68,29.34,18.55,0.9826,1.0258,0.8256,1
157,16,279.99,0.27,1.16,0.96,1.13,0.93,1.49,1440.00,14.32,15.21,23.82,16.74,1.0047,1.0330,0.8256,1
157,17,54.91,0.30,0.23,0.19,0.23,0.19,0.33,1440.00,14.32,14.51,16.35,14.80,1.0346,1.0408,0.8256,1
157,18,0.00,0.00,0.00,0.00,0.00,0.00,0.00,,14.32,,14.46,14.46,1.0422,1.0422,0.8256,0
157,19,0.00,0.00,0.00,0.00,0.00,0.00,0.00,,14.32,,13.67,13.67,1.0453,1.0453,0.8256,0
157,20,0.00,0.00,0.00,0.00,0.00,0.00,0.00,,14.32,,13.59,13.59,1.0456,1.0456,0.8256,0
157,21,0.00,0.00,0.00,0.00,0.00,0.00,0.00,,14.32,,12.43,12.43,1.0503,1.0503,0.8256,0
157,22,0.00,0.00,0.00,0.00,0.00,0.00,0.00,,14.32,,11.60,11.60,1.0536,1.0536,0.8256,0
157,23,0.00,0.00,0.00,0.00,0.00,0.00,0.00,,14.32,,11.46,11.46,1.0542,1.0542,0.8256,0
157,24,0.00,0.00,0.00,0.00,0.00,0.00,0.00,,14.32,,11.61,11.61,1.0536,1.0536,0.8256,0
158,1,0.00,0.00,0.00,0.00,0.00,0.00,0.00,,14.27,,11.96,11.96,1.0522,1.0522,0.8256,0
158,2,0.00,0.00,0.00,0.00,0.00,0.00,0.00,,14.27,,12.29,12.29,1.0508,1.0508,0.8256,0
158,3,0.00,0.00,0.00,0.00,0.00,0.00,0.00,,14.27,,12.40,12.40,1.0504,1.0504,0.8256,0
158,4,0.00,0.00,0.00,0.00,0.00,0.00,0.00,,14.27,,12.47,12.47,1.0501,1.0501,0.8256,0
158,5,0.00,0.00,0.00,0.00,0.00,0.00,0.00,,14.27,,12.63,12.63,1.0495,1.0495,0.8256,0
158,6,0.00,0.00,0.00,0.00,0.00,0.00,0.00,,14.27,,12.57,12.57,1.0497,1.0497,0.8256,0
158,7,0.00,0.00,0.00,0.00,0.00,0.00,0.00,,14.27,,12.65,12.65,1.0494,1.0494,0.8256,0
158,8,23.28,0.00,0.10,0.08,0.10,0.08,0.00,,14.27,,13.48,13.48,1.0461,1.0461,0.8256,0
158,9,64.40,0.06,0.27,0.22,0.27,0.22,0.08,1440.00,14.27,14.31,15.44,15.08,1.0382,1.0397,0.8256,0
158,10,210.49,0.16,0.87,0.72,0.86,0.71,0.66,1440.00,14.27,14.66,20.13,16.98,1.0195,1.0321,0.8256,0
158,11,294.50,0.18,1.21,1.00,1.19,0.98,1.03,1440.00,14.27,14.88,22.76,17.85,1.0089,1.0286,0.8256,1
158,12,272.18,0.18,1.12,0.93,1.10,0.91,1.00,1440.00,14.27,14.86,22.24,17.51,1.0111,1.0300,0.8256,1
158,13,274.93,0.20,1.13,0.94,1.11,0.92,1.10,1440.00,14.27,14.92,22.68,17.48,1.0093,1.0301,0.8256,1
158,14,282.23,0.22,1.16,0.96,1.14,0.94,1.26,1440.00,14.27,15.02,23.45,17.44,1.0062,1.0302,0.8256,1
158,15,277.55,0.23,1.14,0.95,1.12,0.92,1.25,1440.00,14.27,15.01,23.19,17.24,1.0072,1.0310,0.8256,1
158,16,161.79,0.24,0.67,0.55,0.66,0.55,0.78,1440.00,14.27,14.73,19.73,16.02,1.0211,1.0359,0.8256,1
158,17,40.02,0.26,0.17,0.14,0.17,0.14,0.21,1440.00,14.27,14.39,15.68,14.68,1.0373,1.0413,0.8256,0
158,18,0.00,0.00,0.00,0.00,0.00,0.00,0.00,,14.27,,14.58,14.58,1.0417,1.0417,0.8256,0
158,19,0.00,0.00,0.00,0.00,0.00,0.00,0.00,,14.27,,14.50,14.50,1.0420,1.0420,0.8256,0
158,20,0.00,0.00,0.00,0.00,0.00,0.00,0.00,,14.27,,14.34,14.34,1.0426,1.0426,0.8256,0
158,21,0.00,0.00,0.00,0.00,0.00,0.00,0.00,,14.27,,14.99,14.99,1.0400,1.0400,0.8256,0
158,22,0.00,0.00,0.00,0.00,0.00,0.00,0.00,,14.27,,14.94,14.94,1.0402,1.0402,0.8256,0
158,23,0.00,0.00,0.00,0.00,0.00,0.00,0.00,,14.27,,14.63,14.63,1.0415,1.0415,0.8256,0
158,24,0.00,0.00,0.00,0.00,0.00,0.00,0.00,,14.27,,14.73,14.73,1.0411,1.0411,0.8256,0
159,1,0.00,0.00,0.00,0.00,0.00,0.00,0.00,,14.21,,14.52,14.52,1.0419,1.0419,0.8256,0
159,2,0.00,0.00,0.00,0.00,0.00,0.00,0.00,,14.21,,14.41,14.41,1.0424,1.0424,0.8256,0
159,3,0.00,0.00,0.00,0.00,0.00,0.00,0.00,,14.21,,14.40,14.40,1.0424,1.0424,0.8256,0
159,4,0.00,0.00,0.00,0.00,0.00,0.00,0.00,,14.21,,14.52,14.52,1.0419,1.0419,0.8256,0
159,5,0.00,0.00,0.00,0.00,0.00,0.00,0.00,,14.21,,14.46,14.46,1.0422,1.0422,0.8256,0
159,6,0.00,0.00,0.00,0.00,0.00,0.00,0.00,,14.21,,14.54,14.54,1.0418,1.0418,0.8256,0
159,7,0.00,0.00,0.00,0.00,0.00,0.00,0.00,,14.21,,14.85,14.85,1.0406,1.0406,0.8256,0
159,8,16.14,0.81,0.07,0.06,0.07,0.06,0.26,1440.00,14.21,14.37,15.60,14.37,1.0376,1.0425,0.8256,0
159,9,75.95,0.37,0.32,0.26,0.31,0.26,0.56,1440.00,14.21,14.55,17.54,14.87,1.0298,1.0405,0.8256,0
159,10,302.23,0.27,1.25,1.03,1.21,1.00,1.64,1440.00,14.21,15.19,24.73,16.94,1.0011,1.0322,0.8256,0
159,11,439.86,0.27,1.81,1.49,1.73,1.43,2.36,1440.00,14.21,15.62,29.50,18.28,0.9820,1.0269,0.8256,1
159,12,358.40,0.29,1.48,1.22,1.42,1.17,2.11,1440.00,14.21,15.47,27.59,17.56,0.9896,1.0297,0.8256,1
159,13,347.02,0.30,1.43,1.18,1.37,1.13,2.05,1440.00,14.21,15.44,27.41,17.68,0.9903,1.0293,0.8256,1
159,14,414.45,0.29,1.70,1.40,1.63,1.34,2.38,1440.00,14.21,15.63,29.81,18.51,0.9808,1.0260,0.8256,1
159,15,207.31,0.37,0.86,0.71,0.83,0.69,1.53,1440.00,14.21,15.12,23.64,16.39,1.0054,1.0344,0.8256,1
159,16,152.99,0.41,0.63,0.52,0.62,0.51,1.26,1440.00,14.21,14.96,21.79,15.81,1.0128,1.0367,0.8256,1
159,17,48.64,0.82,0.20,0.17,0.20,0.16,0.79,1440.00,14.21,14.69,18.47,14.70,1.0261,1.0412,0.8256,0
159,18,0.00,0.00,0.00,0.00,0.00,0.00,0.00,,14.21,,17.12,17.12,1.0315,1.0315,0.8256,0
159,19,0.00,0.00,0.00,0.00,0.00,0.00,0.00,,14.21,,16.83,16.83,1.0327,1.0327,0.8256,0
159,20,0.00,0.00,0.00,0.00,0.00,0.00,0.00,,14.21,,16.82,16.82,1.0327,1.0327,0.8256,0
159,21,0.00,0.00,0.00,0.00,0.00,0.00,0.00,,14.21,,17.14,17.14,1.0314,1.0314,0.8256,0
159,22,0.00,0.00,0.00,0.00,0.00,0.00,0.00,,14.21,,16.83,16.83,1.0327,1.0327,0.8256,0
159,23,0.00,0.00,0.00,0.00,0.00,0.00,0.00,,14.21,,16.40,16.40,1.0344,1.0344,0.8256,0
159,24,0.00,0.00,0.00,0.00,0.00,0.00,0.00,,14.21,,16.24,16.24,1.0350,1.0350,0.8256,0
160,1,0.00,0.00,0.00,0.00,0.00,0.00,0.00,,14.16,,16.06,16.06,1.0358,1.0358,0.8256,0
160,2,0.00,0.00,0.00,0.00,0.00,0.00,0.00,,14.16,,15.88,15.88,1.0365,1.0365,0.8256,0
160,3,0.00,0.00,0.00,0.00,0.00,0.00,0.00,,14.16,,15.80,15.80,1.0368,1.0368,0.8256,0
160,4,0.00,0.00,0.00,0.00,0.00,0.00,0.00,,14.16,,15.68,15.68,1.0373,1.0373,0.8256,0
160,5,0.00,0.00,0.00,0.00,0.00,0.00,0.00,,14.16,,15.62,15.62,1.0375,1.0375,0.8256,0
160,6,0.00,0.00,0.00,0.00,0.00,0.00,0.00,,14.16,,15.59,15.59,1.0376,1.0376,0.8256,0
160,7,0.00,0.00,0.00,0.00,0.00,0.00,0.00,,14.16,,15.56,15.56,1.0378,1.0378,0.8256,0
160,8,17.32,1.00,0.07,0.06,0.07,0.06,0.35,1440.00,14.16,14.37,16.17,14.53,1.0353,1.0419,0.8256,0
160,9,55.89,0.44,0.23,0.19,0.23,0.19,0.49,1440.00,14.16,14.45,16.99,14.67,1.0321,1.0413,0.8256,0
160,10,350.54,0.28,1.45,1.19,1.39,1.15,1.97,1440.00,14.16,15.34,26.53,17.16,0.9939,1.0314,0.8256,0
160,11,463.36,0.29,1.90,1.57,1.81,1.50,2.66,1440.00,14.16,15.75,30.69,18.07,0.9772,1.0277,0.8256,1
160,12,531.51,0.29,2.18,1.80,2.06,1.70,3.04,1440.00,14.16,15.98,33.22,18.79,0.9671,1.0248,0.8256,1
160,13,418.78,0.31,1.72,1.42,1.64,1.35,2.56,1440.00,14.16,15.69,30.26,18.08,0.9790,1.0277,0.8256,1
160,14,247.93,0.34,1.03,0.85,0.99,0.82,1.68,1440.00,14.16,15.16,24.56,16.60,1.0018,1.0336,0.8256,1
160,15,191.67,0.35,0.79,0.66,0.77,0.64,1.35,1440.00,14.16,14.97,22.53,16.13,1.0099,1.0355,0.8256,1
160,16,105.61,0.41,0.44,0.36,0.43,0.36,0.86,1440.00,14.16,14.67,19.34,15.27,1.0226,1.0389,0.8256,1
160,17,29.08,0.75,0.12,0.10,0.12,0.10,0.44,1440.00,14.16,14.42,16.55,14.47,1.0338,1.0421,0.8256,0
160,18,0.00,0.00,0.00,0.00,0.00,0.00,0.00,,14.16,,15.68,15.68,1.0373,1.0373,0.8256,0
160,19,0.00,0.00,0.00,0.00,0.00,0.00,0.00,,14.16,,15.31,15.31,1.0388,1.0388,0.8256,0
160,20,0.00,0.00,0.00,0.00,0.00,0.00,0.00,,14.16,,15.22,15.22,1.0391,1.0391,0.8256,0
160,21,0.00,0.00,0.00,0.00,0.00,0.00,0.00,,14.16,,15.31,15.31,1.0388,1.0388,0.8256,0
160,22,0.00,0.00,0.00,0.00,0.00,0.00,0.00,,14.16,,15.40,15.40,1.0384,1.0384,0.8256,0
160,23,0.00,0.00,0.00,0.00,0.00,0.00,0.00,,14.16,,15.36,15.36,1.0386,1.0386,0.8256,0
160,24,0.00,0.00,0.00,0.00,0.00,0.00,0.00,,14.16,,15.28,15.28,1.0389,1.0389,0.8256,0
161,1,0.00,0.00,0.00,0.00,0.00,0.00,0.00,,14.11,,15.40,15.40,1.0384,1.0384,0.8256,0
161,2,0.00,0.00,0.00,0.00,0.00,0.00,0.00,,14.11,,15.03,15.03,1.0399,1.0399,0.8256,0
161,3,0.00,0.00,0.00,0.00,0.00,0.00,0.00,,14.11,,15.01,15.01,1.0400,1.0400,0.8256,0
161,4,0.00,0.00,0.00,0.00,0.00,0.00,0.00,,14.11,,15.01,15.01,1.0400,1.0400,0.8256,0
161,5,0.00,0.00,0.00,0.00,0.00,0.00,0.00,,14.11,,14.96,14.96,1.0402,1.0402,0.8256,0
161,6,0.00,0.00,0.00,0.00,0.00,0.00,0.00,,14.11,,15.19,15.19,1.0392,1.0392,0.8256,0
161,7,0.00,0.00,0.00,0.00,0.00,0.00,0.00,,14.11,,15.27,15.27,1.0389,1.0389,0.8256,0
161,8,0.00,0.00,0.00,0.00,0.00,0.00,0.00,,14.11,,15.14,15.14,1.0394,1.0394,0.8256,0
161,9,63.13,0.42,0.26,0.22,0.26,0.21,0.53,1440.00,14.11,14.43,17.20,14.70,1.0312,1.0412,0.8256,0
161,10,329.11,0.27,1.36,1.12,1.31,1.08,1.76,1440.00,14.11,15.16,25.50,17.15,0.9980,1.0314,0.8256,0
161,11,473.32,0.27,1.94,1.61,1.85,1.53,2.53,1440.00,14.11,15.62,30.23,18.23,0.9791,1.0271,0.8256,1
161,12,337.29,0.29,1.39,1.15,1.34,1.11,1.95,1440.00,14.11,15.27,26.23,16.99,0.9951,1.0320,0.8256,1
161,13,430.31,0.28,1.77,1.46,1.69,1.40,2.41,1440.00,14.11,15.55,29.28,17.84,0.9829,1.0287,0.8256,1
161,14,402.80,0.28,1.66,1.37,1.59,1.31,2.23,1440.00,14.11,15.44,28.10,17.51,0.9876,1.0299,0.8256,1
161,15,228.58,0.30,0.95,0.78,0.92,0.76,1.39,1440.00,14.11,14.94,22.60,16.00,1.0096,1.0360,0.8256,1
161,16,143.65,0.35,0.60,0.49,0.59,0.48,1.00,1440.00,14.11,14.71,20.06,15.29,1.0198,1.0388,0.8256,1
161,17,25.43,0.77,0.11,0.09,0.11,0.09,0.39,1440.00,14.11,14.34,16.17,14.32,1.0353,1.0427,0.8256,0
161,18,0.00,0.00,0.00,0.00,0.00,0.00,0.00,,14.11,,15.46,15.46,1.0382,1.0382,0.8256,0
161,19,0.00,0.00,0.00,0.00,0.00,0.00,0.00,,14.11,,15.28,15.28,1.0389,1.0389,0.8256,0
161,20,0.00,0.00,0.00,0.00,0.00,0.00,0.00,,14.11,,15.29,15.29,1.0388,1.0388,0.8256,0
161,21,0.00,0.00,0.00,0.00,0.00,0.00,0.00,,14.11,,16.13,16.13,1.0355,1.0355,0.8256,0
161,22,0.00,0.00,0.00,0.00,0.00,0.00,0.00,,14.11,,15.85,15.85,1.0366,1.0366,0.8256,0
161,23,0.00,0.00,0.00,0.00,0.00,0.00,0.00,,14.11,,15.51,15.51,1.0380,1.0380,0.8256,0
161,24,0.00,0.00,0.00,0.00,0.00,0.00,0.00,,14.11,,15.31,15.31,1.0388,1.0388,0.8256,0
162,1,0.00,0.00,0.00,0.00,0.00,0.00,0.00,,14.06,,15.12,15.12,1.0395,1.0395,0.8256,0
162,2,0.00,0.00,0.00,0.00,0.00,0.00,0.00,,14.06,,14.77,14.77,1.0409,1.0409,0.8256,0
162,3,0.00,0.00,0.00,0.00,0.00,0.00,0.00,,14.06,,14.62,14.62,1.0415,1.0415,0.8256,0
162,4,0.00,0.00,0.00,0.00,0.00,0.00,0.00,,14.06,,14.58,14.58,1.0417,1.0417,0.8256,0
162,5,0.00,0.00,0.00,0.00,0.00,0.00,0.00,,14.06,,14.41,14.41,1.0424,1.0424,0.8256,0
162,6,0.00,0.00,0.00,0.00,0.00,0.00,0.00,,14.06,,14.40,14.40,1.0424,1.0424,0.8256,0
162,7,0.00,0.00,0.00,0.00,0.00,0.00,0.00,,14.06,,14.39,14.39,1.0424,1.0424,0.8256,0
162,8,0.00,0.00,0.00,0.00,0.00,0.00,0.00,,14.06,,14.44,14.44,1.0422,1.0422,0.8256,0
162,9,46.37,0.44,0.19,0.16,0.19,0.16,0.41,1440.00,14.06,14.30,16.31,14.38,1.0348,1.0425,0.8256,0
162,10,472.86,0.28,1.95,1.61,1.85,1.53,2.67,1440.00,14.06,15.66,29.91,17.22,0.9804,1.0311,0.8256,0
162,11,458.05,0.30,1.89,1.56,1.80,1.48,2.74,1440.00,14.06,15.70,29.95,16.93,0.9802,1.0323,0.8256,1
162,12,425.73,0.31,1.76,1.45,1.68,1.38,2.61,1440.00,14.06,15.62,29.04,16.66,0.9838,1.0334,0.8256,1
162,13,350.01,0.33,1.45,1.20,1.39,1.15,2.34,1440.00,14.06,15.46,27.27,16.18,0.9909,1.0353,0.8256,1
162,14,437.91,0.33,1.81,1.50,1.72,1.42,2.91,1440.00,14.06,15.80,30.21,16.41,0.9791,1.0344,0.8256,1
162,15,294.58,0.37,1.22,1.01,1.17,0.97,2.18,1440.00,14.06,15.37,25.87,15.50,0.9965,1.0380,0.8256,1
162,16,167.18,0.43,0.70,0.57,0.68,0.56,1.44,1440.00,14.06,14.92,21.74,14.90,1.0130,1.0404,0.8256,1
162,17,51.24,0.68,0.21,0.18,0.21,0.17,0.70,1440.00,14.06,14.48,17.62,14.32,1.0295,1.0427,0.8256,1
162,18,0.00,0.00,0.00,0.00,0.00,0.00,0.00,,14.06,,16.12,16.12,1.0355,1.0355,0.8256,0
162,19,0.00,0.00,0.00,0.00,0.00,0.00,0.00,,14.06,,15.92,15.92,1.0363,1.0363,0.8256,0
162,20,0.00,0.00,0.00,0.00,0.00,0.00,0.00,,14.06,,15.94,15.94,1.0362,1.0362,0.8256,0
162,21,0.00,0.00,0.00,0.00,0.00,0.00,0.00,,14.06,,15.76,15.76,1.0370,1.0370,0.8256,0
162,22,0.00,0.00,0.00,0.00,0.00,0.00,0.00,,14.06,,15.47,15.47,1.0381,1.0381,0.8256,0
162,23,0.00,0.00,0.00,0.00,0.00,0.00,0.00,,14.06,,14.89,14.89,1.0404,1.0404,0.8256,0
162,24,0.00,0.00,0.00,0.00,0.00,0.00,0.00,,14.06,,14.70,14.70,1.0412,1.0412,0.8256,0
163,1,0.00,0.00,0.00,0.00,0.00,0.00,0.00,,14.01,,14.32,14.32,1.0427,1.0427,0.8256,0
163,2,0.00,0.00,0.00,0.00,0.00,0.00,0.00,,14.01,,13.94,13.94,1.0442,1.0442,0.8256,0
163,3,0.00,0.00,0.00,0.00,0.00,0.00,0.00,,14.01,,13.78,13.78,1.0449,1.0449,0.8256,0
163,4,0.00,0.00,0.00,0.00,0.00,0.00,0.00,,14.01,,13.44,13.44,1.0462,1.0462,0.8256,0
163,5,0.00,0.00,0.00,0.00,0.00,0.00,0.00,,14.01,,12.99,12.99,1.0480,1.0480,0.8256,0
163,6,0.00,0.00,0.00,0.00,0.00,0.00,0.00,,14.01,,12.77,12.77,1.0489,1.0489,0.8256,0
163,7,0.00,0.00,0.00,0.00,0.00,0.00,0.00,,14.01,,12.42,12.42,1.0503,1.0503,0.8256,0
163,8,0.00,0.00,0.00,0.00,0.00,0.00,0.00,,14.01,,12.11,12.11,1.0516,1.0516,0.8256,0
163,9,53.99,0.00,0.23,0.19,0.23,0.19,0.00,,14.01,,14.09,14.09,1.0437,1.0437,0.8256,0
163,10,575.79,0.23,2.37,1.95,2.25,1.86,2.65,1440.00,14.01,15.60,30.77,18.17,0.9769,1.0273,0.8256,0
163,11,690.31,0.26,2.83,2.34,2.65,2.18,3.55,1440.00,14.01,16.13,35.50,18.67,0.9580,1.0253,0.8256,1
163,12,771.30,0.27,3.16,2.61,2.91,2.41,4.18,1440.00,14.01,16.51,38.87,19.00,0.9445,1.0240,0.8256,1
163,13,753.17,0.29,3.09,2.55,2.83,2.34,4.44,1440.00,14.01,16.67,40.06,18.97,0.9398,1.0241,0.8256,1
163,14,678.09,0.31,2.78,2.30,2.56,2.12,4.21,1440.00,14.01,16.53,38.67,18.69,0.9453,1.0252,0.8256,1
163,15,491.25,0.34,2.02,1.67,1.90,1.57,3.29,1440.00,14.01,15.98,33.11,17.48,0.9676,1.0301,0.8256,1
163,16,258.09,0.41,1.07,0.88,1.03,0.85,2.09,1440.00,14.01,15.26,25.88,15.95,0.9965,1.0362,0.8256,1
163,17,64.95,0.76,0.27,0.22,0.27,0.22,0.99,1440.00,14.01,14.60,19.23,14.53,1.0231,1.0419,0.8256,1
163,18,0.00,0.00,0.00,0.00,0.00,0.00,0.00,,14.01,,17.01,17.01,1.0320,1.0320,0.8256,0
163,19,0.00,0.00,0.00,0.00,0.00,0.00,0.00,,14.01,,16.53,16.53,1.0339,1.0339,0.8256,0
163,20,0.00,0.00,0.00,0.00,0.00,0.00,0.00,,14.01,,16.43,16.43,1.0343,1.0343,0.8256,0
163,21,0.00,0.00,0.00,0.00,0.00,0.00,0.00,,14.01,,16.30,16.30,1.0348,1.0348,0.8256,0
163,22,0.00,0.00,0.00,0.00,0.00,0.00,0.00,,14.01,,16.03,16.03,1.0359,1.0359,0.8256,0
163,23,0.00,0.00,0.00,0.00,0.00,0.00,0.00,,14.01,,15.88,15.88,1.0365,1.0365,0.8256,0
163,24,0.00,0.00,0.00,0.00,0.00,0.00,0.00,,14.01,,15.82,15.82,1.0367,1.0367,0.8256,0
164,1,0.00,0.00,0.00,0.00,0.00,0.00,0.00,,13.97,,15.84,15.84,1.0366,1.0366,0.8256,0
164,2,0.00,0.00,0.00,0.00,0.00,0.00,0.00,,13.97,,15.61,15.61,1.0376,1.0376,0.8256,0
164,3,0.00,0.00,0.00,0.00,0.00,0.00,0.00,,13.97,,15.58,15.58,1.0377,1.0377,0.8256,0
164,4,0.00,0.00,0.00,0.00,0.00,0.00,0.00,,13.97,,15.53,15.53,1.0379,1.0379,0.8256,0
164,5,0.00,0.00,0.00,0.00,0.00,0.00,0.00,,13.97,,15.31,15.31,1.0388,1.0388,0.8256,0
164,6,0.00,0.00,0.00,0.00,0.00,0.00,0.00,,13.97,,15.23,15.23,1.0391,1.0391,0.8256,0
164,7,0.00,0.00,0.00,0.00,0.00,0.00,0.00,,13.97,,15.23,15.23,1.0391,1.0391,0.8256,0
164,8,0.00,0.00,0.00,0.00,0.00,0.00,0.00,,13.97,,15.39,15.39,1.0384,1.0384,0.8256,0
164,9,67.62,0.51,0.28,0.23,0.28,0.23,0.68,1440.00,13.97,14.38,17.77,14.52,1.0289,1.0419,0.8256,0
164,10,390.80,0.29,1.61,1.33,1.54,1.27,2.27,1440.00,13.97,15.32,28.10,17.33,0.9876,1.0307,0.8256,0
164,11,562.49,0.28,2.30,1.90,2.17,1.79,3.11,1440.00,13.97,15.82,33.83,19.07,0.9647,1.0237,0.8256,1
164,12,532.07,0.28,2.18,1.80,2.06,1.70,2.93,1440.00,13.97,15.72,33.02,19.08,0.9679,1.0237,0.8256,1
164,13,387.51,0.31,1.59,1.32,1.52,1.26,2.40,1440.00,13.97,15.40,29.24,17.84,0.9830,1.0286,0.8256,1
164,14,407.75,0.30,1.68,1.38,1.60,1.32,2.48,1440.00,13.97,15.45,29.83,18.04,0.9807,1.0278,0.8256,1
164,15,311.49,0.33,1.29,1.06,1.24,1.02,2.06,1440.00,13.97,15.20,26.83,17.05,0.9927,1.0318,0.8256,1
164,16,164.08,0.43,0.68,0.56,0.66,0.55,1.40,1440.00,13.97,14.81,22.25,15.58,1.0110,1.0377,0.8256,1
164,17,49.63,0.79,0.21,0.17,0.20,0.17,0.79,1440.00,13.97,14.44,18.18,14.45,1.0273,1.0422,0.8256,0
164,18,0.00,0.00,0.00,0.00,0.00,0.00,0.00,,13.97,,16.71,16.71,1.0332,1.0332,0.8256,0
164,19,0.00,0.00,0.00,0.00,0.00,0.00,0.00,,13.97,,16.36,16.36,1.0346,1.0346,0.8256,0
164,20,0.00,0.00,0.00,0.00,0.00,0.00,0.00,,13.97,,16.43,16.43,1.0343,1.0343,0.8256,0
164,21,0.00,0.00,0.00,0.00,0.00,0.00,0.00,,13.97,,16.12,16.12,1.0355,1.0355,0.8256,0
164,22,0.00,0.00,0.00,0.00,0.00,0.00,0.00,,13.97,,16.16,16.16,1.0354,1.0354,0.8256,0
164,23,0.00,0.00,0.00,0.00,0.00,0.00,0.00,,13.97,,16.08,16.08,1.0357,1.0357,0.8256,0
164,24,0.00,0.00,0.00,0.00,0.00,0.00,0.00,,13.97,,16.03,16.03,1.0359,1.0359,0.8256,0
165,1,0.00,0.00,0.00,0.00,0.00,0.00,0.00,,13.92,,15.94,15.94,1.0362,1.0362,0.8256,0
165,2,0.00,0.00,0.00,0.00,0.00,0.00,0.00,,13.92,,15.66,15.66,1.0374,1.0374,0.8256,0
165,3,0.00,0.00,0.00,0.00,0.00,0.00,0.00,,13.92,,15.41,15.41,1.0384,1.0384,0.8256,0
165,4,0.00,0.00,0.00,0.00,0.00,0.00,0.00,,13.92,,15.32,15.32,1.0387,1.0387,0.8256,0
165,5,0.00,0.00,0.00,0.00,0.00,0.00,0.00,,13.92,,15.18,15.18,1.0393,1.0393,0.8256,0
165,6,0.00,0.00,0.00,0.00,0.00,0.00,0.00,,13.92,,15.08,15.08,1.0397,1.0397,0.8256,0
165,7,0.00,0.00,0.00,0.00,0.00,0.00,0.00,,13.92,,14.84,14.84,1.0406,1.0406,0.8256,0
165,8,0.00,0.00,0.00,0.00,0.00,0.00,0.00,,13.92,,14.74,14.74,1.0410,1.0410,0.8256,0
165,9,58.72,0.55,0.24,0.20,0.24,0.20,0.65,1440.00,13.92,14.31,17.48,14.38,1.0301,1.0425,0.8256,0
165,10,159.30,0.37,0.66,0.55,0.65,0.53,1.19,1440.00,13.92,14.63,20.79,15.14,1.0168,1.0394,0.8256,0
165,11,311.23,0.33,1.29,1.06,1.24,1.02,2.04,1440.00,13.92,15.14,25.95,16.23,0.9962,1.0351,0.8256,1
165,12,406.53,0.32,1.68,1.39,1.60,1.32,2.56,1440.00,13.92,15.45,28.92,16.75,0.9843,1.0330,0.8256,1
165,13,325.87,0.36,1.35,1.11,1.29,1.07,2.34,1440.00,13.92,15.32,27.09,15.98,0.9916,1.0361,0.8256,1
165,14,200.54,0.44,0.83,0.69,0.81,0.67,1.78,1440.00,13.92,14.98,23.53,15.08,1.0059,1.0397,0.8256,1
165,15,192.46,0.47,0.80,0.66,0.77,0.64,1.79,1440.00,13.92,14.99,23.50,14.98,1.0060,1.0401,0.8256,1
165,16,131.26,0.56,0.55,0.45,0.53,0.44,1.47,1440.00,13.92,14.80,21.57,14.61,1.0137,1.0416,0.8256,1
165,17,49.27,0.95,0.21,0.17,0.20,0.17,0.94,1440.00,13.92,14.48,18.62,14.17,1.0255,1.0433,0.8256,0
165,18,0.00,0.00,0.00,0.00,0.00,0.00,0.00,,13.92,,17.04,17.04,1.0318,1.0318,0.8256,0
165,19,0.00,0.00,0.00,0.00,0.00,0.00,0.00,,13.92,,16.85,16.85,1.0326,1.0326,0.8256,0
165,20,0.00,0.00,0.00,0.00,0.00,0.00,0.00,,13.92,,16.98,16.98,1.0321,1.0321,0.8256,0
165,21,0.00,0.00,0.00,0.00,0.00,0.00,0.00,,13.92,,16.86,16.86,1.0326,1.0326,0.8256,0
165,22,0.00,0.00,0.00,0.00,0.00,0.00,0.00,,13.92,,16.80,16.80,1.0328,1.0328,0.8256,0
165,23,0.00,0.00,0.00,0.00,0.00,0.00,0.00,,13.92,,16.55,16.55,1.0338,1.0338,0.8256,0
165,24,0.00,0.00,0.00,0.00,0.00,0.00,0.00,,13.92,,16.42,16.42,1.0343,1.0343,0.8256,0
166,1,0.00,0.00,0.00,0.00,0.00,0.00,0.00,,13.88,,15.98,15.98,1.0361,1.0361,0.8256,0
166,2,0.00,0.00,0.00,0.00,0.00,0.00,0.00,,13.88,,15.24,15.24,1.0390,1.0390,0.8256,0
166,3,0.00,0.00,0.00,0.00,0.00,0.00,0.00,,13.88,,14.70,14.70,1.0412,1.0412,0.8256,0
166,4,0.00,0.00,0.00,0.00,0.00,0.00,0.00,,13.88,,14.30,14.30,1.0428,1.0428,0.8256,0
166,5,0.00,0.00,0.00,0.00,0.00,0.00,0.00,,13.88,,13.62,13.62,1.0455,1.0455,0.8256,0
166,6,0.00,0.00,0.00,0.00,0.00,0.00,0.00,,13.88,,13.21,13.21,1.0472,1.0472,0.8256,0
166,7,0.00,0.00,0.00,0.00,0.00,0.00,0.00,,13.88,,12.45,12.45,1.0502,1.0502,0.8256,0
166,8,0.00,0.00,0.00,0.00,0.00,0.00,0.00,,13.88,,12.10,12.10,1.0516,1.0516,0.8256,0
166,9,55.13,0.08,0.23,0.19,0.23,0.19,0.08,1440.00,13.88,13.93,14.68,14.28,1.0413,1.0429,0.8256,0
166,10,545.47,0.24,2.24,1.85,2.14,1.76,2.62,1440.00,13.88,15.44,30.31,17.87,0.9788,1.0285,0.8256,0
166,11,691.84,0.26,2.84,2.34,2.64,2.18,3.64,1440.00,13.88,16.05,36.10,18.80,0.9556,1.0248,0.8256,1
166,12,739.47,0.28,3.03,2.50,2.80,2.31,4.13,1440.00,13.88,16.35,38.65,19.02,0.9454,1.0239,0.8256,1
166,13,661.92,0.31,2.72,2.25,2.51,2.07,4.13,1440.00,13.88,16.34,37.71,18.09,0.9492,1.0276,0.8256,1
166,14,464.05,0.36,1.92,1.58,1.80,1.49,3.33,1440.00,13.88,15.86,32.38,16.58,0.9705,1.0337,0.8256,1
166,15,328.40,0.41,1.36,1.13,1.30,1.07,2.68,1440.00,13.88,15.48,28.40,15.67,0.9864,1.0373,0.8256,1
166,16,176.75,0.53,0.74,0.61,0.71,0.59,1.87,1440.00,13.88,14.99,23.76,14.89,1.0049,1.0404,0.8256,1
166,17,47.20,1.00,0.20,0.16,0.19,0.16,0.94,1440.00,13.88,14.44,18.89,14.41,1.0244,1.0424,0.8256,0
166,18,0.00,0.00,0.00,0.00,0.00,0.00,0.00,,13.88,,17.28,17.28,1.0309,1.0309,0.8256,0
166,19,0.00,0.00,0.00,0.00,0.00,0.00,0.00,,13.88,,16.56,16.56,1.0338,1.0338,0.8256,0
166,20,0.00,0.00,0.00,0.00,0.00,0.00,0.00,,13.88,,16.30,16.30,1.0348,1.0348,0.8256,0
166,21,0.00,0.00,0.00,0.00,0.00,0.00,0.00,,13.88,,16.23,16.23,1.0351,1.0351,0.8256,0
166,22,0.00,0.00,0.00,0.00,0.00,0.00,0.00,,13.88,,16.34,16.34,1.0346,1.0346,0.8256,0
166,23,0.00,0.00,0.00,0.00,0.00,0.00,0.00,,13.88,,16.10,16.10,1.0356,1.0356,0.8256,0
166,24,0.00,0.00,0.00,0.00,0.00,0.00,0.00,,13.88,,15.74,15.74,1.0370,1.0370,0.8256,0
167,1,0.00,0.00,0.00,0.00,0.00,0.00,0.00,,13.83,,15.32,15.32,1.0387,1.0387,0.8256,0
167,2,0.00,0.00,0.00,0.00,0.00,0.00,0.00,,13.83,,14.79,14.79,1.0408,1.0408,0.8256,0
167,3,0.00,0.00,0.00,0.00,0.00,0.00,0.00,,13.83,,14.60,14.60,1.0416,1.0416,0.8256,0
167,4,0.00,0.00,0.00,0.00,0.00,0.00,0.00,,13.83,,14.49,14.49,1.0420,1.0420,0.8256,0
167,5,0.00,0.00,0.00,0.00,0.00,0.00,0.00,,13.83,,14.49,14.49,1.0420,1.0420,0.8256,0
167,6,0.00,0.00,0.00,0.00,0.00,0.00,0.00,,13.83,,14.68,14.68,1.0413,1.0413,0.8256,0
167,7,0.00,0.00,0.00,0.00,0.00,0.00,0.00,,13.83,,14.84,14.84,1.0406,1.0406,0.8256,0
167,8,0.00,0.00,0.00,0.00,0.00,0.00,0.00,,13.83,,14.91,14.91,1.0404,1.0404,0.8256,0
167,9,75.14,0.46,0.31,0.26,0.31,0.26,0.69,1440.00,13.83,14.24,17.69,14.42,1.0292,1.0423,0.8256,0
167,10,234.94,0.32,0.97,0.80,0.95,0.78,1.52,1440.00,13.83,14.74,22.85,15.65,1.0086,1.0374,0.8256,0
167,11,237.66,0.34,0.99,0.81,0.96,0.79,1.64,1440.00,13.83,14.81,23.43,15.65,1.0063,1.0374,0.8256,1
167,12,259.13,0.34,1.07,0.89,1.04,0.86,1.75,1440.00,13.83,14.88,24.15,15.81,1.0034,1.0367,0.8256,1
167,13,266.10,0.35,1.10,0.91,1.07,0.88,1.88,1440.00,13.83,14.96,24.80,15.87,1.0008,1.0365,0.8256,1
167,14,220.28,0.39,0.91,0.76,0.89,0.73,1.73,1440.00,13.83,14.87,23.70,15.47,1.0052,1.0381,0.8256,1
167,15,150.88,0.47,0.63,0.52,0.61,0.50,1.42,1440.00,13.83,14.68,21.66,14.93,1.0133,1.0403,0.8256,1
167,16,78.53,0.68,0.33,0.27,0.32,0.27,1.06,1440.00,13.83,14.47,19.44,14.40,1.0222,1.0424,0.8256,1
167,17,20.70,1.00,0.09,0.07,0.09,0.07,0.41,1440.00,13.83,14.08,17.22,15.25,1.0311,1.0390,0.8256,0
167,18,0.00,0.00,0.00,0.00,0.00,0.00,0.00,,13.83,,16.65,16.65,1.0334,1.0334,0.8256,0
167,19,0.00,0.00,0.00,0.00,0.00,0.00,0.00,,13.83,,16.34,16.34,1.0346,1.0346,0.8256,0
167,20,0.00,0.00,0.00,0.00,0.00,0.00,0.00,,13.83,,16.29,16.29,1.0348,1.0348,0.8256,0
167,21,0.00,0.00,0.00,0.00,0.00,0.00,0.00,,13.83,,16.34,16.34,1.0346,1.0346,0.8256,0
167,22,0.00,0.00,0.00,0.00,0.00,0.00,0.00,,13.83,,16.22,16.22,1.0351,1.0351,0.8256,0
167,23,0.00,0.00,0.00,0.00,0.00,0.00,0.00,,13.83,,16.15,16.15,1.0354,1.0354,0.8256,0
167,24,0.00,0.00,0.00,0.00,0.00,0.00,0.00,,13.83,,16.05,16.05,1.0358,1.0358,0.8256,0
168,1,0.00,0.00,0.00,0.00,0.00,0.00,0.00,,13.79,,15.96,15.96,1.0362,1.0362,0.8256,0
168,2,0.00,0.00,0.00,0.00,0.00,0.00,0.00,,13.79,,15.86,15.86,1.0366,1.0366,0.8256,0
168,3,0.00,0.00,0.00,0.00,0.00,0.00,0.00,,13.79,,15.71,15.71,1.0372,1.0372,0.8256,0
168,4,0.00,0.00,0.00,0.00,0.00,0.00,0.00,,13.79,,15.58,15.58,1.0377,1.0377,0.8256,0
168,5,0.00,0.00,0.00,0.00,0.00,0.00,0.00,,13.79,,15.45,15.45,1.0382,1.0382,0.8256,0
168,6,0.00,0.00,0.00,0.00,0.00,0.00,0.00,,13.79,,15.40,15.40,1.0384,1.0384,0.8256,0
168,7,0.00,0.00,0.00,0.00,0.00,0.00,0.00,,13.79,,15.48,15.48,1.0381,1.0381,0.8256,0
168,8,0.00,0.00,0.00,0.00,0.00,0.00,0.00,,13.79,,15.53,15.53,1.0379,1.0379,0.8256,0
168,9,69.23,0.60,0.29,0.24,0.28,0.23,0.83,1440.00,13.79,14.29,18.27,14.32,1.0269,1.0427,0.8256,0
168,10,127.56,0.46,0.53,0.44,0.52,0.43,1.17,1440.00,13.79,14.49,20.28,14.73,1.0189,1.0411,0.8256,0
168,11,303.84,0.36,1.26,1.04,1.21,1.00,2.20,1440.00,13.79,15.11,26.42,15.97,0.9943,1.0361,0.8256,1
168,12,407.40,0.34,1.68,1.39,1.60,1.32,2.76,1440.00,13.79,15.44,29.66,16.54,0.9814,1.0339,0.8256,1
168,13,404.29,0.35,1.67,1.38,1.59,1.31,2.81,1440.00,13.79,15.47,29.70,16.37,0.9812,1.0345,0.8256,1
168,14,162.24,0.46,0.68,0.56,0.66,0.54,1.50,1440.00,13.79,14.69,21.95,14.85,1.0122,1.0406,0.8256,1
168,15,99.30,0.58,0.41,0.34,0.41,0.33,1.16,1440.00,13.79,14.48,19.96,14.47,1.0201,1.0421,0.8256,1
168,16,61.82,0.73,0.26,0.21,0.25,0.21,0.90,1440.00,13.79,14.33,18.54,14.28,1.0258,1.0429,0.8256,1
168,17,39.51,0.83,0.16,0.14,0.16,0.13,0.65,1440.00,13.79,14.18,17.23,14.13,1.0311,1.0435,0.8256,0
168,18,0.00,0.00,0.00,0.00,0.00,0.00,0.00,,13.79,,15.95,15.95,1.0362,1.0362,0.8256,0
168,19,0.00,0.00,0.00,0.00,0.00,0.00,0.00,,13.79,,15.64,15.64,1.0374,1.0374,0.8256,0
168,20,0.00,0.00,0.00,0.00,0.00,0.00,0.00,,13.79,,15.60,15.60,1.0376,1.0376,0.8256,0
168,21,0.00,0.00,0.00,0.00,0.00,0.00,0.00,,13.79,,16.01,16.01,1.0360,1.0360,0.8256,0
168,22,0.00,0.00,0.00,0.00,0.00,0.00,0.00,,13.79,,16.00,16.00,1.0360,1.0360,0.8256,0
168,23,0.00,0.00,0.00,0.00,0.00,0.00,0.00,,13.79,,15.48,15.48,1.0381,1.0381,0.8256,0
168,24,0.00,0.00,0.00,0.00,0.00,0.00,0.00,,13.79,,15.43,15.43,1.0383,1.0383,0.8256,0
169,1,0.00,0.00,0.00,0.00,0.00,0.00,0.00,,13.75,,15.06,15.06,1.0398,1.0398,0.8256,0
169,2,0.00,0.00,0.00,0.00,0.00,0.00,0.00,,13.75,,14.90,14.90,1.0404,1.0404,0.8256,0
169,3,0.00,0.00,0.00,0.00,0.00,0.00,0.00,,13.75,,14.44,14.44,1.0422,1.0422,0.8256,0
169,4,0.00,0.00,0.00,0.00,0.00,0.00,0.00,,13.75,,14.05,14.05,1.0438,1.0438,0.8256,0
169,5,0.00,0.00,0.00,0.00,0.00,0.00,0.00,,13.75,,14.07,14.07,1.0437,1.0437,0.8256,0
169,6,0.00,0.00,0.00,0.00,0.00,0.00,0.00,,13.75,,13.96,13.96,1.0442,1.0442,0.8256,0
169,7,0.00,0.00,0.00,0.00,0.00,0.00,0.00,,13.75,,13.84,13.84,1.0446,1.0446,0.8256,0
169,8,0.00,0.00,0.00,0.00,0.00,0.00,0.00,,13.75,,14.01,14.01,1.0440,1.0440,0.8256,0
169,9,56.31,0.31,0.23,0.19,0.23,0.19,0.34,1440.00,13.75,13.96,15.94,14.31,1.0362,1.0428,0.8256,0
169,10,311.62,0.26,1.29,1.06,1.25,1.03,1.63,1440.00,13.75,14.73,24.73,16.96,1.0011,1.0321,0.8256,0
169,11,329.69,0.27,1.36,1.12,1.31,1.09,1.76,1440.00,13.75,14.81,25.84,17.47,0.9966,1.0301,0.8256,1
169,12,428.76,0.25,1.76,1.45,1.69,1.39,2.15,1440.00,13.75,15.03,29.16,18.97,0.9834,1.0241,0.8256,1
169,13,417.33,0.27,1.71,1.41,1.64,1.35,2.25,1440.00,13.75,15.10,29.47,18.79,0.9821,1.0248,0.8256,1
169,14,405.31,0.27,1.66,1.37,1.59,1.32,2.20,1440.00,13.75,15.07,29.13,18.67,0.9835,1.0253,0.8256,1
169,15,290.10,0.30,1.20,0.99,1.16,0.96,1.72,1440.00,13.75,14.78,25.49,17.33,0.9981,1.0307,0.8256,1
169,16,197.08,0.33,0.82,0.67,0.80,0.66,1.31,1440.00,13.75,14.53,22.40,16.17,1.0104,1.0353,0.8256,1
169,17,52.38,0.61,0.22,0.18,0.22,0.18,0.64,1440.00,13.75,14.14,17.45,14.39,1.0302,1.0424,0.8256,1
169,18,0.00,0.00,0.00,0.00,0.00,0.00,0.00,,13.75,,15.90,15.90,1.0364,1.0364,0.8256,0
169,19,0.00,0.00,0.00,0.00,0.00,0.00,0.00,,13.75,,15.60,15.60,1.0376,1.0376,0.8256,0
169,20,0.00,0.00,0.00,0.00,0.00,0.00,0.00,,13.75,,15.82,15.82,1.0367,1.0367,0.8256,0
169,21,0.00,0.00,0.00,0.00,0.00,0.00,0.00,,13.75,,15.74,15.74,1.0370,1.0370,0.8256,0
169,22,0.00,0.00,0.00,0.00,0.00,0.00,0.00,,13.75,,15.54,15.54,1.0378,1.0378,0.8256,0
169,23,0.00,0.00,0.00,0.00,0.00,0.00,0.00,,13.75,,15.62,15.62,1.0375,1.0375,0.8256,0
169,24,0.00,0.00,0.00,0.00,0.00,0.00,0.00,,13.75,,15.82,15.82,1.0367,1.0367,0.8256,0
170,1,0.00,0.00,0.00,0.00,0.00,0.00,0.00,,13.71,,15.92,15.92,1.0363,1.0363,0.8256,0
170,2,0.00,0.00,0.00,0.00,0.00,0.00,0.00,,13.71,,15.83,15.83,1.0367,1.0367,0.8256,0
170,3,0.00,0.00,0.00,0.00,0.00,0.00,0.00,,13.71,,15.84,15.84,1.0366,1.0366,0.8256,0
170,4,0.00,0.00,0.00,0.00,0.00,0.00,0.00,,13.71,,15.96,15.96,1.0362,1.0362,0.8256,0
170,5,0.00,0.00,0.00,0.00,0.00,0.00,0.00,,13.71,,15.83,15.83,1.0367,1.0367,0.8256,0
170,6,0.00,0.00,0.00,0.00,0.00,0.00,0.00,,13.71,,15.84,15.84,1.0366,1.0366,0.8256,0
170,7,0.00,0.00,0.00,0.00,0.00,0.00,0.00,,13.71,,15.72,15.72,1.0371,1.0371,0.8256,0
170,8,0.00,0.00,0.00,0.00,0.00,0.00,0.00,,13.71,,15.19,15.19,1.0392,1.0392,0.8256,0
170,9,60.52,0.55,0.25,0.21,0.25,0.21,0.67,1440.00,13.71,14.11,17.46,14.27,1.0302,1.0429,0.8256,0
170,10,413.32,0.29,1.70,1.41,1.63,1.34,2.38,1440.00,13.71,15.14,28.87,17.55,0.9845,1.0298,0.8256,0
170,11,510.44,0.29,2.09,1.73,1.98,1.63,2.99,1440.00,13.71,15.50,32.72,18.54,0.9691,1.0258,0.8256,1
170,12,451.28,0.30,1.85,1.53,1.76,1.45,2.69,1440.00,13.71,15.32,30.93,18.15,0.9763,1.0274,0.8256,1
170,13,582.91,0.29,2.38,1.97,2.23,1.84,3.40,1440.00,13.71,15.75,35.71,19.54,0.9572,1.0219,0.8256,1
170,14,416.35,0.33,1.71,1.41,1.63,1.34,2.73,1440.00,13.71,15.34,30.83,17.87,0.9767,1.0285,0.8256,1
170,15,415.37,0.33,1.71,1.41,1.62,1.34,2.74,1440.00,13.71,15.35,30.81,17.82,0.9768,1.0287,0.8256,1
170,16,236.18,0.41,0.98,0.81,0.94,0.78,1.96,1440.00,13.71,14.88,25.32,16.02,0.9987,1.0359,0.8256,1
170,17,48.08,1.00,0.20,0.17,0.20,0.16,0.96,1440.00,13.71,14.29,18.86,14.30,1.0245,1.0428,0.8256,0
170,18,0.00,0.00,0.00,0.00,0.00,0.00,0.00,,13.71,,17.49,17.49,1.0300,1.0300,0.8256,0
170,19,0.00,0.00,0.00,0.00,0.00,0.00,0.00,,13.71,,17.01,17.01,1.0320,1.0320,0.8256,0
170,20,0.00,0.00,0.00,0.00,0.00,0.00,0.00,,13.71,,17.12,17.12,1.0315,1.0315,0.8256,0
170,21,0.00,0.00,0.00,0.00,0.00,0.00,0.00,,13.71,,16.80,16.80,1.0328,1.0328,0.8256,0
170,22,0.00,0.00,0.00,0.00,0.00,0.00,0.00,,13.71,,16.68,16.68,1.0333,1.0333,0.8256,0
170,23,0.00,0.00,0.00,0.00,0.00,0.00,0.00,,13.71,,16.07,16.07,1.0357,1.0357,0.8256,0
170,24,0.00,0.00,0.00,0.00,0.00,0.00,0.00,,13.71,,15.91,15.91,1.0364,1.0364,0.8256,0
171,1,0.00,0.00,0.00,0.00,0.00,0.00,0.00,,13.67,,16.02,16.02,1.0359,1.0359,0.8256,0
171,2,0.00,0.00,0.00,0.00,0.00,0.00,0.00,,13.67,,16.07,16.07,1.0357,1.0357,0.8256,0
171,3,0.00,0.00,0.00,0.00,0.00,0.00,0.00,,13.67,,15.71,15.71,1.0372,1.0372,0.8256,0
171,4,0.00,0.00,0.00,0.00,0.00,0.00,0.00,,13.67,,15.70,15.70,1.0372,1.0372,0.8256,0
171,5,0.00,0.00,0.00,0.00,0.00,0.00,0.00,,13.67,,15.60,15.60,1.0376,1.0376,0.8256,0
171,6,0.00,0.00,0.00,0.00,0.00,0.00,0.00,,13.67,,15.51,15.51,1.0380,1.0380,0.8256,0
171,7,0.00,0.00,0.00,0.00,0.00,0.00,0.00,,13.67,,15.42,15.42,1.0383,1.0383,0.8256,0
171,8,0.00,0.00,0.00,0.00,0.00,0.00,0.00,,13.67,,15.33,15.33,1.0387,1.0387,0.8256,0
171,9,55.84,0.57,0.23,0.19,0.23,0.19,0.64,1440.00,13.67,14.05,17.13,14.11,1.0315,1.0435,0.8256,0
171,10,458.82,0.29,1.89,1.56,1.80,1.48,2.70,1440.00,13.67,15.29,30.30,17.47,0.9788,1.0301,0.8256,0
171,11,437.67,0.31,1.80,1.49,1.71,1.41,2.72,1440.00,13.67,15.30,30.32,17.39,0.9787,1.0304,0.8256,1
171,12,550.16,0.30,2.26,1.87,2.12,1.75,3.30,1440.00,13.67,15.65,33.93,18.26,0.9643,1.0270,0.8256,1
171,13,453.54,0.33,1.87,1.54,1.77,1.46,3.02,1440.00,13.67,15.48,31.69,17.36,0.9732,1.0306,0.8256,1
171,14,519.22,0.33,2.14,1.76,2.00,1.65,3.44,1440.00,13.67,15.73,34.14,17.78,0.9635,1.0289,0.8256,1
171,15,463.42,0.35,1.91,1.58,1.80,1.48,3.24,1440.00,13.67,15.61,32.47,17.07,0.9701,1.0317,0.8256,1
171,16,220.19,0.46,0.92,0.76,0.88,0.73,2.05,1440.00,13.67,14.90,24.87,15.16,1.0005,1.0394,0.8256,1
171,17,70.04,0.78,0.29,0.24,0.29,0.24,1.09,1440.00,13.67,14.33,19.29,14.10,1.0228,1.0436,0.8256,1
171,18,0.00,0.00,0.00,0.00,0.00,0.00,0.00,,13.67,,16.54,16.54,1.0338,1.0338,0.8256,0
171,19,0.00,0.00,0.00,0.00,0.00,0.00,0.00,,13.67,,16.43,16.43,1.0343,1.0343,0.8256,0
171,20,0.00,0.00,0.00,0.00,0.00,0.00,0.00,,13.67,,16.78,16.78,1.0329,1.0329,0.8256,0
171,21,0.00,0.00,0.00,0.00,0.00,0.00,0.00,,13.67,,15.58,15.58,1.0377,1.0377,0.8256,0
171,22,0.00,0.00,0.00,0.00,0.00,0.00,0.00,,13.67,,15.13,15.13,1.0395,1.0395,0.8256,0
171,23,0.00,0.00,0.00,0.00,0.00,0.00,0.00,,13.67,,14.80,14.80,1.0408,1.0408,0.8256,0
171,24,0.00,0.00,0.00,0.00,0.00,0.00,0.00,,13.67,,14.53,14.53,1.0419,1.0419,0.8256,0
172,1,0.00,0.00,0.00,0.00,0.00,0.00,0.00,,13.64,,14.20,14.20,1.0432,1.0432,0.8256,0
172,2,0.00,0.00,0.00,0.00,0.00,0.00,0.00,,13.64,,13.48,13.48,1.0461,1.0461,0.8256,0
172,3,0.00,0.00,0.00,0.00,0.00,0.00,0.00,,13.64,,13.23,13.23,1.0471,1.0471,0.8256,0
172,4,0.00,0.00,0.00,0.00,0.00,0.00,0.00,,13.64,,12.74,12.74,1.0490,1.0490,0.8256,0
172,5,0.00,0.00,0.00,0.00,0.00,0.00,0.00,,13.64,,12.21,12.21,1.0512,1.0512,0.8256,0
172,6,0.00,0.00,0.00,0.00,0.00,0.00,0.00,,13.64,,11.72,11.72,1.0531,1.0531,0.8256,0
172,7,0.00,0.00,0.00,0.00,0.00,0.00,0.00,,13.64,,11.31,11.31,1.0548,1.0548,0.8256,0
172,8,0.00,0.00,0.00,0.00,0.00,0.00,0.00,,13.64,,11.16,11.16,1.0554,1.0554,0.8256,0
172,9,54.37,0.00,0.23,0.19,0.23,0.19,0.00,,13.64,,13.21,13.21,1.0472,1.0472,0.8256,0
172,10,562.86,0.23,2.31,1.91,2.20,1.82,2.56,1440.00,13.64,15.16,30.17,18.03,0.9793,1.0279,0.8256,0
172,11,679.36,0.26,2.78,2.30,2.60,2.15,3.54,1440.00,13.64,15.75,35.88,19.05,0.9565,1.0238,0.8256,1
172,12,581.47,0.28,2.39,1.97,2.24,1.85,3.30,1440.00,13.64,15.61,34.02,18.33,0.9639,1.0267,0.8256,1
172,13,473.37,0.32,1.95,1.61,1.84,1.52,3.06,1440.00,13.64,15.47,32.23,17.68,0.9711,1.0293,0.8256,1
172,14,489.11,0.33,2.01,1.66,1.89,1.56,3.22,1440.00,13.64,15.56,33.45,18.16,0.9662,1.0274,0.8256,1
172,15,358.09,0.36,1.48,1.22,1.41,1.16,2.60,1440.00,13.64,15.19,29.52,17.18,0.9819,1.0313,0.8256,1
172,16,232.05,0.43,0.96,0.79,0.93,0.77,1.97,1440.00,13.64,14.82,25.32,15.94,0.9987,1.0362,0.8256,1
172,17,59.16,0.87,0.25,0.20,0.24,0.20,1.03,1440.00,13.64,14.25,19.08,14.19,1.0237,1.0432,0.8256,1
172,18,0.00,0.00,0.00,0.00,0.00,0.00,0.00,,13.64,,17.12,17.12,1.0315,1.0315,0.8256,0
172,19,0.00,0.00,0.00,0.00,0.00,0.00,0.00,,13.64,,16.56,16.56,1.0338,1.0338,0.8256,0
172,20,0.00,0.00,0.00,0.00,0.00,0.00,0.00,,13.64,,16.56,16.56,1.0338,1.0338,0.8256,0
172,21,0.00,0.00,0.00,0.00,0.00,0.00,0.00,,13.64,,16.06,16.06,1.0358,1.0358,0.8256,0
172,22,0.00,0.00,0.00,0.00,0.00,0.00,0.00,,13.64,,15.57,15.57,1.0377,1.0377,0.8256,0
172,23,0.00,0.00,0.00,0.00,0.00,0.00,0.00,,13.64,,14.72,14.72,1.0411,1.0411,0.8256,0
172,24,0.00,0.00,0.00,0.00,0.00,0.00,0.00,,13.64,,14.26,14.26,1.0430,1.0430,0.8256,0
173,1,0.00,0.00,0.00,0.00,0.00,0.00,0.00,,13.60,,13.92,13.92,1.0443,1.0443,0.8256,0
173,2,0.00,0.00,0.00,0.00,0.00,0.00,0.00,,13.60,,13.74,13.74,1.0450,1.0450,0.8256,0
173,3,0.00,0.00,0.00,0.00,0.00,0.00,0.00,,13.60,,13.97,13.97,1.0441,1.0441,0.8256,0
173,4,0.00,0.00,0.00,0.00,0.00,0.00,0.00,,13.60,,13.93,13.93,1.0443,1.0443,0.8256,0
173,5,0.00,0.00,0.00,0.00,0.00,0.00,0.00,,13.60,,13.69,13.69,1.0452,1.0452,0.8256,0
173,6,0.00,0.00,0.00,0.00,0.00,0.00,0.00,,13.60,,13.67,13.67,1.0453,1.0453,0.8256,0
173,7,0.00,0.00,0.00,0.00,0.00,0.00,0.00,,13.60,,13.67,13.67,1.0453,1.0453,0.8256,0
173,8,0.00,0.00,0.00,0.00,0.00,0.00,0.00,,13.60,,13.74,13.74,1.0450,1.0450,0.8256,0
173,9,52.90,0.32,0.22,0.18,0.22,0.18,0.34,1440.00,13.60,13.80,15.63,14.02,1.0375,1.0439,0.8256,0
173,10,542.15,0.26,2.23,1.84,2.11,1.74,2.85,1440.00,13.60,15.30,31.54,18.00,0.9738,1.0280,0.8256,0
173,11,661.04,0.27,2.71,2.24,2.53,2.08,3.63,1440.00,13.60,15.77,36.26,19.04,0.9550,1.0238,0.8256,1
173,12,727.37,0.28,2.97,2.46,2.75,2.27,4.02,1440.00,13.60,16.01,38.51,19.40,0.9460,1.0224,0.8256,1
173,13,669.78,0.30,2.75,2.27,2.54,2.10,3.97,1440.00,13.60,15.98,37.52,18.65,0.9499,1.0254,0.8256,1
173,14,612.10,0.31,2.52,2.08,2.34,1.93,3.81,1440.00,13.60,15.88,35.97,17.86,0.9561,1.0286,0.8256,1
173,15,446.74,0.34,1.85,1.53,1.75,1.44,3.04,1440.00,13.60,15.42,30.83,16.37,0.9767,1.0345,0.8256,1
173,16,274.31,0.39,1.14,0.94,1.10,0.90,2.15,1440.00,13.60,14.89,25.37,15.16,0.9985,1.0394,0.8256,1
173,17,62.56,0.66,0.26,0.22,0.26,0.21,0.83,1440.00,13.60,14.09,17.87,13.94,1.0285,1.0442,0.8256,1
173,18,0.00,0.00,0.00,0.00,0.00,0.00,0.00,,13.60,,15.45,15.45,1.0382,1.0382,0.8256,0
173,19,0.00,0.00,0.00,0.00,0.00,0.00,0.00,,13.60,,14.93,14.93,1.0403,1.0403,0.8256,0
173,20,0.00,0.00,0.00,0.00,0.00,0.00,0.00,,13.60,,15.12,15.12,1.0395,1.0395,0.8256,0
173,21,0.00,0.00,0.00,0.00,0.00,0.00,0.00,,13.60,,14.95,14.95,1.0402,1.0402,0.8256,0
173,22,0.00,0.00,0.00,0.00,0.00,0.00,0.00,,13.60,,14.89,14.89,1.0404,1.0404,0.8256,0
173,23,0.00,0.00,0.00,0.00,0.00,0.00,0.00,,13.60,,14.65,14.65,1.0414,1.0414,0.8256,0
173,24,0.00,0.00,0.00,0.00,0.00,0.00,0.00,,13.60,,14.49,14.49,1.0420,1.0420,0.8256,0
174,1,0.00,0.00,0.00,0.00,0.00,0.00,0.00,,13.57,,14.11,14.11,1.0436,1.0436,0.8256,0
174,2,0.00,0.00,0.00,0.00,0.00,0.00,0.00,,13.57,,13.49,13.49,1.0460,1.0460,0.8256,0
174,3,0.00,0.00,0.00,0.00,0.00,0.00,0.00,,13.57,,13.02,13.02,1.0479,1.0479,0.8256,0
174,4,0.00,0.00,0.00,0.00,0.00,0.00,0.00,,13.57,,12.55,12.55,1.0498,1.0498,0.8256,0
174,5,0.00,0.00,0.00,0.00,0.00,0.00,0.00,,13.57,,12.16,12.16,1.0514,1.0514,0.8256,0
174,6,0.00,0.00,0.00,0.00,0.00,0.00,0.00,,13.57,,11.84,11.84,1.0526,1.0526,0.8256,0
174,7,0.00,0.00,0.00,0.00,0.00,0.00,0.00,,13.57,,11.56,11.56,1.0538,1.0538,0.8256,0
174,8,0.00,0.00,0.00,0.00,0.00,0.00,0.00,,13.57,,11.36,11.36,1.0546,1.0546,0.8256,0
174,9,73.16,0.00,0.31,0.25,0.31,0.25,0.00,,13.57,,13.70,13.70,1.0452,1.0452,0.8256,0
174,10,357.14,0.20,1.48,1.22,1.44,1.19,1.41,1440.00,13.57,14.41,22.86,16.16,1.0086,1.0353,0.8256,0
174,11,572.06,0.24,2.35,1.94,2.24,1.85,2.75,1440.00,13.57,15.21,30.79,17.73,0.9769,1.0291,0.8256,1
174,12,549.02,0.26,2.26,1.87,2.14,1.77,2.84,1440.00,13.57,15.26,31.10,17.62,0.9756,1.0295,0.8256,1
174,13,564.09,0.28,2.32,1.92,2.19,1.80,3.13,1440.00,13.57,15.44,32.89,18.00,0.9684,1.0280,0.8256,1
174,14,691.73,0.29,2.83,2.34,2.62,2.17,3.97,1440.00,13.57,15.94,37.89,19.04,0.9485,1.0238,0.8256,1
174,15,535.83,0.31,2.21,1.82,2.07,1.71,3.35,1440.00,13.57,15.57,33.53,17.63,0.9659,1.0295,0.8256,1
174,16,291.29,0.38,1.21,1.00,1.16,0.96,2.21,1440.00,13.57,14.89,26.34,15.82,0.9946,1.0367,0.8256,1
174,17,72.55,0.75,0.30,0.25,0.30,0.25,1.09,1440.00,13.57,14.22,19.31,14.13,1.0228,1.0435,0.8256,1
174,18,0.00,0.00,0.00,0.00,0.00,0.00,0.00,,13.57,,17.17,17.17,1.0313,1.0313,0.8256,0
174,19,0.00,0.00,0.00,0.00,0.00,0.00,0.00,,13.57,,16.54,16.54,1.0338,1.0338,0.8256,0
174,20,0.00,0.00,0.00,0.00,0.00,0.00,0.00,,13.57,,16.16,16.16,1.0354,1.0354,0.8256,0
174,21,0.00,0.00,0.00,0.00,0.00,0.00,0.00,,13.57,,15.19,15.19,1.0392,1.0392,0.8256,0
174,22,0.00,0.00,0.00,0.00,0.00,0.00,0.00,,13.57,,14.55,14.55,1.0418,1.0418,0.8256,0
174,23,0.00,0.00,0.00,0.00,0.00,0.00,0.00,,13.57,,14.13,14.13,1.0435,1.0435,0.8256,0
174,24,0.00,0.00,0.00,0.00,0.00,0.00,0.00,,13.57,,13.92,13.92,1.0443,1.0443,0.8256,0
175,1,0.00,0.00,0.00,0.00,0.00,0.00,0.00,,13.53,,13.47,13.47,1.0461,1.0461,0.8256,0
175,2,0.00,0.00,0.00,0.00,0.00,0.00,0.00,,13.53,,13.04,13.04,1.0478,1.0478,0.8256,0
175,3,0.00,0.00,0.00,0.00,0.00,0.00,0.00,,13.53,,12.77,12.77,1.0489,1.0489,0.8256,0
175,4,0.00,0.00,0.00,0.00,0.00,0.00,0.00,,13.53,,12.43,12.43,1.0503,1.0503,0.8256,0
175,5,0.00,0.00,0.00,0.00,0.00,0.00,0.00,,13.53,,12.23,12.23,1.0511,1.0511,0.8256,0
175,6,0.00,0.00,0.00,0.00,0.00,0.00,0.00,,13.53,,12.16,12.16,1.0514,1.0514,0.8256,0
175,7,0.00,0.00,0.00,0.00,0.00,0.00,0.00,,13.53,,12.06,12.06,1.0518,1.0518,0.8256,0
175,8,0.00,0.00,0.00,0.00,0.00,0.00,0.00,,13.53,,12.02,12.02,1.0519,1.0519,0.8256,0
175,9,50.68,0.03,0.21,0.17,0.21,0.17,0.03,1440.00,13.53,13.55,14.11,13.99,1.0435,1.0441,0.8256,0
175,10,591.91,0.23,2.43,2.00,2.30,1.90,2.74,1440.00,13.53,15.17,31.90,18.88,0.9724,1.0245,0.8256,0
175,11,727.81,0.25,2.97,2.45,2.77,2.28,3.70,1440.00,13.53,15.74,37.55,19.99,0.9498,1.0200,0.8256,1
175,12,781.05,0.26,3.18,2.63,2.94,2.43,4.09,1440.00,13.53,15.98,39.71,20.29,0.9412,1.0188,0.8256,1
175,13,775.31,0.28,3.16,2.61,2.91,2.40,4.38,1440.00,13.53,16.15,40.78,20.00,0.9369,1.0200,0.8256,1
175,14,689.77,0.30,2.82,2.33,2.61,2.15,4.14,1440.00,13.53,16.01,38.88,19.21,0.9445,1.0232,0.8256,1
175,15,531.84,0.33,2.19,1.81,2.05,1.69,3.48,1440.00,13.53,15.62,34.32,17.77,0.9627,1.0289,0.8256,1
175,16,261.51,0.43,1.09,0.90,1.04,0.86,2.24,1440.00,13.53,14.87,26.17,15.53,0.9953,1.0379,0.8256,1
175,17,74.35,0.75,0.31,0.26,0.30,0.25,1.11,1440.00,13.53,14.20,19.36,14.07,1.0225,1.0437,0.8256,1
175,18,0.00,0.00,0.00,0.00,0.00,0.00,0.00,,13.53,,16.59,16.59,1.0336,1.0336,0.8256,0
175,19,0.00,0.00,0.00,0.00,0.00,0.00,0.00,,13.53,,16.40,16.40,1.0344,1.0344,0.8256,0
175,20,0.00,0.00,0.00,0.00,0.00,0.00,0.00,,13.53,,16.27,16.27,1.0349,1.0349,0.8256,0
175,21,0.00,0.00,0.00,0.00,0.00,0.00,0.00,,13.53,,14.67,14.67,1.0413,1.0413,0.8256,0
175,22,0.00,0.00,0.00,0.00,0.00,0.00,0.00,,13.53,,14.04,14.04,1.0438,1.0438,0.8256,0
175,23,0.00,0.00,0.00,0.00,0.00,0.00,0.00,,13.53,,13.31,13.31,1.0468,1.0468,0.8256,0
175,24,0.00,0.00,0.00,0.00,0.00,0.00,0.00,,13.53,,12.89,12.89,1.0484,1.0484,0.8256,0
176,1,0.00,0.00,0.00,0.00,0.00,0.00,0.00,,13.50,,12.43,12.43,1.0503,1.0503,0.8256,0
176,2,0.00,0.00,0.00,0.00,0.00,0.00,0.00,,13.50,,11.81,11.81,1.0528,1.0528,0.8256,0
176,3,0.00,0.00,0.00,0.00,0.00,0.00,0.00,,13.50,,11.43,11.43,1.0543,1.0543,0.8256,0
176,4,0.00,0.00,0.00,0.00,0.00,0.00,0.00,,13.50,,11.08,11.08,1.0557,1.0557,0.8256,0
176,5,0.00,0.00,0.00,0.00,0.00,0.00,0.00,,13.50,,10.72,10.72,1.0571,1.0571,0.8256,0
176,6,0.00,0.00,0.00,0.00,0.00,0.00,0.00,,13.50,,10.44,10.44,1.0582,1.0582,0.8256,0
176,7,0.00,0.00,0.00,0.00,0.00,0.00,0.00,,13.50,,10.07,10.07,1.0597,1.0597,0.8256,0
176,8,0.00,0.00,0.00,0.00,0.00,0.00,0.00,,13.50,,9.86,9.86,1.0606,1.0606,0.8256,0
176,9,50.11,0.00,0.21,0.17,0.21,0.17,0.00,,13.50,,11.91,11.91,1.0524,1.0524,0.8256,0
176,10,608.55,0.21,2.50,2.06,2.38,1.97,2.52,1440.00,13.50,15.01,30.35,18.38,0.9786,1.0265,0.8256,0
176,11,733.07,0.23,2.99,2.47,2.80,2.32,3.41,1440.00,13.50,15.54,35.90,19.69,0.9564,1.0212,0.8256,1
176,12,792.68,0.24,3.23,2.67,3.00,2.48,3.88,1440.00,13.50,15.82,38.50,20.07,0.9460,1.0197,0.8256,1
176,13,777.43,0.27,3.18,2.62,2.93,2.42,4.14,1440.00,13.50,15.98,39.41,19.73,0.9423,1.0211,0.8256,1
176,14,688.15,0.29,2.82,2.33,2.61,2.16,3.94,1440.00,13.50,15.86,37.62,18.91,0.9495,1.0244,0.8256,1
176,15,528.13,0.31,2.18,1.80,2.04,1.69,3.30,1440.00,13.50,15.48,33.24,17.57,0.9670,1.0297,0.8256,1
176,16,299.98,0.38,1.24,1.03,1.19,0.98,2.29,1440.00,13.50,14.87,26.61,15.75,0.9935,1.0370,0.8256,1
176,17,72.27,0.71,0.30,0.25,0.30,0.24,1.03,1440.00,13.50,14.12,18.90,14.02,1.0244,1.0439,0.8256,1
176,18,0.00,0.00,0.00,0.00,0.00,0.00,0.00,,13.50,,16.35,16.35,1.0346,1.0346,0.8256,0
176,19,0.00,0.00,0.00,0.00,0.00,0.00,0.00,,13.50,,15.89,15.89,1.0364,1.0364,0.8256,0
176,20,0.00,0.00,0.00,0.00,0.00,0.00,0.00,,13.50,,15.55,15.55,1.0378,1.0378,0.8256,0
176,21,0.00,0.00,0.00,0.00,0.00,0.00,0.00,,13.50,,14.18,14.18,1.0433,1.0433,0.8256,0
176,22,0.00,0.00,0.00,0.00,0.00,0.00,0.00,,13.50,,13.62,13.62,1.0455,1.0455,0.8256,0
176,23,0.00,0.00,0.00,0.00,0.00,0.00,0.00,,13.50,,13.04,13.04,1.0478,1.0478,0.8256,0
176,24,0.00,0.00,0.00,0.00,0.00,0.00,0.00,,13.50,,12.70,12.70,1.0492,1.0492,0.8256,0
177,1,0.00,0.00,0.00,0.00,0.00,0.00,0.00,,13.47,,12.46,12.46,1.0502,1.0502,0.8256,0
177,2,0.00,0.00,0.00,0.00,0.00,0.00,0.00,,13.47,,11.76,11.76,1.0530,1.0530,0.8256,0
177,3,0.00,0.00,0.00,0.00,0.00,0.00,0.00,,13.47,,11.24,11.24,1.0550,1.0550,0.8256,0
177,4,0.00,0.00,0.00,0.00,0.00,0.00,0.00,,13.47,,10.59,10.59,1.0576,1.0576,0.8256,0
177,5,0.00,0.00,0.00,0.00,0.00,0.00,0.00,,13.47,,10.10,10.10,1.0596,1.0596,0.8256,0
177,6,0.00,0.00,0.00,0.00,0.00,0.00,0.00,,13.47,,9.89,9.89,1.0604,1.0604,0.8256,0
177,7,0.00,0.00,0.00,0.00,0.00,0.00,0.00,,13.47,,9.77,9.77,1.0609,1.0609,0.8256,0
177,8,0.00,0.00,0.00,0.00,0.00,0.00,0.00,,13.47,,9.52,9.52,1.0619,1.0619,0.8256,0
177,9,49.07,0.00,0.21,0.17,0.21,0.17,0.00,,13.47,,12.39,12.39,1.0504,1.0504,0.8256,0
177,10,613.07,0.22,2.52,2.08,2.39,1.98,2.66,1440.00,13.47,15.06,31.01,18.36,0.9760,1.0266,0.8256,0
177,11,739.68,0.25,3.03,2.50,2.82,2.33,3.63,1440.00,13.47,15.64,36.38,19.13,0.9545,1.0235,0.8256,1
177,12,774.77,0.25,3.17,2.62,2.94,2.43,3.92,1440.00,13.47,15.81,38.04,19.44,0.9478,1.0223,0.8256,1
177,13,768.50,0.27,3.15,2.60,2.90,2.39,4.21,1440.00,13.47,15.99,39.12,19.14,0.9435,1.0234,0.8256,1
177,14,688.69,0.30,2.83,2.34,2.62,2.16,4.08,1440.00,13.47,15.91,37.51,18.15,0.9500,1.0274,0.8256,1
177,15,525.33,0.32,2.17,1.79,2.04,1.68,3.35,1440.00,13.47,15.48,32.75,16.82,0.9690,1.0327,0.8256,1
177,16,304.56,0.37,1.27,1.04,1.21,1.00,2.23,1440.00,13.47,14.81,25.96,15.35,0.9962,1.0386,0.8256,1
177,17,79.77,0.53,0.33,0.28,0.33,0.27,0.85,1440.00,13.47,13.98,17.99,13.95,1.0280,1.0442,0.8256,1
177,18,0.00,0.00,0.00,0.00,0.00,0.00,0.00,,13.47,,15.09,15.09,1.0396,1.0396,0.8256,0
177,19,0.00,0.00,0.00,0.00,0.00,0.00,0.00,,13.47,,14.65,14.65,1.0414,1.0414,0.8256,0
177,20,0.00,0.00,0.00,0.00,0.00,0.00,0.00,,13.47,,14.83,14.83,1.0407,1.0407,0.8256,0
177,21,0.00,0.00,0.00,0.00,0.00,0.00,0.00,,13.47,,15.06,15.06,1.0398,1.0398,0.8256,0
177,22,0.00,0.00,0.00,0.00,0.00,0.00,0.00,,13.47,,15.03,15.03,1.0399,1.0399,0.8256,0
177,23,0.00,0.00,0.00,0.00,0.00,0.00,0.00,,13.47,,13.93,13.93,1.0443,1.0443,0.8256,0
177,24,0.00,0.00,0.00,0.00,0.00,0.00,0.00,,13.47,,13.02,13.02,1.0479,1.0479,0.8256,0
178,1,0.00,0.00,0.00,0.00,0.00,0.00,0.00,,13.44,,12.61,12.61,1.0496,1.0496,0.8256,0
178,2,0.00,0.00,0.00,0.00,0.00,0.00,0.00,,13.44,,12.31,12.31,1.0508,1.0508,0.8256,0
178,3,0.00,0.00,0.00,0.00,0.00,0.00,0.00,,13.44,,12.05,12.05,1.0518,1.0518,0.8256,0
178,4,0.00,0.00,0.00,0.00,0.00,0.00,0.00,,13.44,,11.41,11.41,1.0544,1.0544,0.8256,0
178,5,0.00,0.00,0.00,0.00,0.00,0.00,0.00,,13.44,,11.01,11.01,1.0560,1.0560,0.8256,0
178,6,0.00,0.00,0.00,0.00,0.00,0.00,0.00,,13.44,,10.88,10.88,1.0565,1.0565,0.8256,0
178,7,0.00,0.00,0.00,0.00,0.00,0.00,0.00,,13.44,,10.58,10.58,1.0577,1.0577,0.8256,0
178,8,0.00,0.00,0.00,0.00,0.00,0.00,0.00,,13.44,,10.42,10.42,1.0583,1.0583,0.8256,0
178,9,57.54,0.00,0.24,0.20,0.24,0.20,0.00,,13.44,,13.46,13.46,1.0462,1.0462,0.8256,0
178,10,395.06,0.23,1.64,1.35,1.58,1.31,1.85,1440.00,13.44,14.55,24.93,16.15,1.0003,1.0354,0.8256,0
178,11,429.26,0.27,1.78,1.47,1.70,1.41,2.29,1440.00,13.44,14.81,27.20,16.31,0.9912,1.0347,0.8256,1
178,12,491.59,0.28,2.03,1.68,1.93,1.59,2.74,1440.00,13.44,15.08,29.64,16.65,0.9814,1.0334,0.8256,1
178,13,450.34,0.31,1.86,1.54,1.77,1.46,2.78,1440.00,13.44,15.11,29.47,16.26,0.9821,1.0350,0.8256,1
178,14,345.59,0.34,1.43,1.18,1.37,1.13,2.33,1440.00,13.44,14.84,26.58,15.50,0.9937,1.0380,0.8256,1
178,15,177.79,0.42,0.74,0.61,0.72,0.60,1.50,1440.00,13.44,14.34,21.55,14.44,1.0138,1.0422,0.8256,1
178,16,89.32,0.58,0.37,0.31,0.37,0.30,1.04,1440.00,13.44,14.07,18.90,13.94,1.0244,1.0442,0.8256,1
178,17,24.38,1.00,0.10,0.08,0.10,0.08,0.49,1440.00,13.44,13.73,16.34,14.03,1.0346,1.0439,0.8256,0
178,18,0.00,0.00,0.00,0.00,0.00,0.00,0.00,,13.44,,15.96,15.96,1.0362,1.0362,0.8256,0
178,19,0.00,0.00,0.00,0.00,0.00,0.00,0.00,,13.44,,15.85,15.85,1.0366,1.0366,0.8256,0
178,20,0.00,0.00,0.00,0.00,0.00,0.00,0.00,,13.44,,15.58,15.58,1.0377,1.0377,0.8256,0
178,21,0.00,0.00,0.00,0.00,0.00,0.00,0.00,,13.44,,14.71,14.71,1.0412,1.0412,0.8256,0
178,22,0.00,0.00,0.00,0.00,0.00,0.00,0.00,,13.44,,14.30,14.30,1.0428,1.0428,0.8256,0
178,23,0.00,0.00,0.00,0.00,0.00,0.00,0.00,,13.44,,13.99,13.99,1.0440,1.0440,0.8256,0
178,24,0.00,0.00,0.00,0.00,0.00,0.00,0.00,,13.44,,13.82,13.82,1.0447,1.0447,0.8256,0
179,1,0.00,0.00,0.00,0.00,0.00,0.00,0.00,,13.42,,13.59,13.59,1.0456,1.0456,0.8256,0
179,2,0.00,0.00,0.00,0.00,0.00,0.00,0.00,,13.42,,13.35,13.35,1.0466,1.0466,0.8256,0
179,3,0.00,0.00,0.00,0.00,0.00,0.00,0.00,,13.42,,13.07,13.07,1.0477,1.0477,0.8256,0
179,4,0.00,0.00,0.00,0.00,0.00,0.00,0.00,,13.42,,12.89,12.89,1.0484,1.0484,0.8256,0
179,5,0.00,0.00,0.00,0.00,0.00,0.00,0.00,,13.42,,12.54,12.54,1.0498,1.0498,0.8256,0
179,6,0.00,0.00,0.00,0.00,0.00,0.00,0.00,,13.42,,12.39,12.39,1.0504,1.0504,0.8256,0
179,7,0.00,0.00,0.00,0.00,0.00,0.00,0.00,,13.42,,12.20,12.20,1.0512,1.0512,0.8256,0
179,8,0.00,0.00,0.00,0.00,0.00,0.00,0.00,,13.42,,11.97,11.97,1.0521,1.0521,0.8256,0
179,9,69.18,0.25,0.29,0.24,0.29,0.24,0.35,1440.00,13.42,13.62,15.55,13.90,1.0378,1.0444,0.8256,0
179,10,511.65,0.26,2.11,1.74,2.01,1.66,2.68,1440.00,13.42,15.02,29.70,16.97,0.9812,1.0321,0.8256,0
179,11,677.13,0.27,2.78,2.30,2.59,2.14,3.71,1440.00,13.42,15.63,35.70,18.09,0.9572,1.0276,0.8256,1
179,12,705.71,0.28,2.90,2.39,2.69,2.22,3.92,1440.00,13.42,15.76,37.10,18.51,0.9516,1.0260,0.8256,1
179,13,696.56,0.29,2.86,2.36,2.65,2.19,4.03,1440.00,13.42,15.82,37.27,18.15,0.9509,1.0274,0.8256,1
179,14,517.34,0.31,2.14,1.76,2.01,1.66,3.17,1440.00,13.42,15.31,31.99,16.93,0.9721,1.0323,0.8256,1
179,15,234.64,0.36,0.98,0.81,0.95,0.78,1.70,1440.00,13.42,14.43,23.09,15.04,1.0076,1.0399,0.8256,1
179,16,72.41,0.59,0.30,0.25,0.30,0.25,0.86,1440.00,13.42,13.93,17.97,13.91,1.0281,1.0444,0.8256,1
179,17,28.76,0.96,0.12,0.10,0.12,0.10,0.55,1440.00,13.42,13.75,16.24,13.61,1.0350,1.0456,0.8256,0
179,18,0.00,0.00,0.00,0.00,0.00,0.00,0.00,,13.42,,15.38,15.38,1.0385,1.0385,0.8256,0
179,19,0.00,0.00,0.00,0.00,0.00,0.00,0.00,,13.42,,15.09,15.09,1.0396,1.0396,0.8256,0
179,20,0.00,0.00,0.00,0.00,0.00,0.00,0.00,,13.42,,15.18,15.18,1.0393,1.0393,0.8256,0
179,21,0.00,0.00,0.00,0.00,0.00,0.00,0.00,,13.42,,14.33,14.33,1.0427,1.0427,0.8256,0
179,22,0.00,0.00,0.00,0.00,0.00,0.00,0.00,,13.42,,14.04,14.04,1.0438,1.0438,0.8256,0
179,23,0.00,0.00,0.00,0.00,0.00,0.00,0.00,,13.42,,13.68,13.68,1.0453,1.0453,0.8256,0
179,24,0.00,0.00,0.00,0.00,0.00,0.00,0.00,,13.42,,13.66,13.66,1.0454,1.0454,0.8256,0
180,1,0.00,0.00,0.00,0.00,0.00,0.00,0.00,,13.39,,13.48,13.48,1.0461,1.0461,0.8256,0
180,2,0.00,0.00,0.00,0.00,0.00,0.00,0.00,,13.39,,13.14,13.14,1.0474,1.0474,0.8256,0
180,3,0.00,0.00,0.00,0.00,0.00,0.00,0.00,,13.39,,13.03,13.03,1.0479,1.0479,0.8256,0
180,4,0.00,0.00,0.00,0.00,0.00,0.00,0.00,,13.39,,12.81,12.81,1.0488,1.0488,0.8256,0
180,5,0.00,0.00,0.00,0.00,0.00,0.00,0.00,,13.39,,12.55,12.55,1.0498,1.0498,0.8256,0
180,6,0.00,0.00,0.00,0.00,0.00,0.00,0.00,,13.39,,12.37,12.37,1.0505,1.0505,0.8256,0
180,7,0.00,0.00,0.00,0.00,0.00,0.00,0.00,,13.39,,12.37,12.37,1.0505,1.0505,0.8256,0
180,8,0.00,0.00,0.00,0.00,0.00,0.00,0.00,,13.39,,12.29,12.29,1.0508,1.0508,0.8256,0
180,9,79.17,0.12,0.33,0.27,0.33,0.27,0.19,1440.00,13.39,13.50,14.86,13.95,1.0405,1.0442,0.8256,0
180,10,438.17,0.24,1.81,1.50,1.74,1.44,2.08,1440.00,13.39,14.63,26.37,16.50,0.9945,1.0340,0.8256,0
180,11,613.66,0.25,2.52,2.08,2.38,1.96,3.10,1440.00,13.39,15.24,32.62,17.92,0.9695,1.0283,0.8256,1
180,12,728.49,0.25,2.99,2.46,2.78,2.30,3.71,1440.00,13.39,15.61,36.50,18.88,0.9540,1.0245,0.8256,1
180,13,683.20,0.27,2.80,2.32,2.61,2.16,3.69,1440.00,13.39,15.59,35.95,18.43,0.9562,1.0263,0.8256,1
180,14,598.98,0.29,2.47,2.04,2.31,1.91,3.43,1440.00,13.39,15.44,33.92,17.62,0.9643,1.0295,0.8256,1
180,15,492.53,0.30,2.03,1.68,1.92,1.59,2.94,1440.00,13.39,15.14,30.78,16.84,0.9769,1.0326,0.8256,1
180,16,282.85,0.34,1.18,0.97,1.13,0.94,1.94,1440.00,13.39,14.55,24.51,15.31,1.0020,1.0388,0.8256,1
180,17,73.61,0.50,0.31,0.25,0.30,0.25,0.74,1440.00,13.39,13.83,17.37,13.85,1.0305,1.0446,0.8256,1
180,18,0.00,0.00,0.00,0.00,0.00,0.00,0.00,,13.39,,14.69,14.69,1.0412,1.0412,0.8256,0
180,19,0.00,0.00,0.00,0.00,0.00,0.00,0.00,,13.39,,14.21,14.21,1.0432,1.0432,0.8256,0
180,20,0.00,0.00,0.00,0.00,0.00,0.00,0.00,,13.39,,14.39,14.39,1.0424,1.0424,0.8256,0
180,21,0.00,0.00,0.00,0.00,0.00,0.00,0.00,,13.39,,14.06,14.06,1.0438,1.0438,0.8256,0
180,22,0.00,0.00,0.00,0.00,0.00,0.00,0.00,,13.39,,13.83,13.83,1.0447,1.0447,0.8256,0
180,23,0.00,0.00,0.00,0.00,0.00,0.00,0.00,,13.39,,12.46,12.46,1.0502,1.0502,0.8256,0
180,24,0.00,0.00,0.00,0.00,0.00,0.00,0.00,,13.39,,12.04,12.04,1.0518,1.0518,0.8256,0
181,1,0.00,0.00,0.00,0.00,0.00,0.00,0.00,,13.36,,11.76,11.76,1.0530,1.0530,0.8256,0
181,2,0.00,0.00,0.00,0.00,0.00,0.00,0.00,,13.36,,11.54,11.54,1.0538,1.0538,0.8256,0
181,3,0.00,0.00,0.00,0.00,0.00,0.00,0.00,,13.36,,11.57,11.57,1.0537,1.0537,0.8256,0
181,4,0.00,0.00,0.00,0.00,0.00,0.00,0.00,,13.36,,11.54,11.54,1.0538,1.0538,0.8256,0
181,5,0.00,0.00,0.00,0.00,0.00,0.00,0.00,,13.36,,11.35,11.35,1.0546,1.0546,0.8256,0
181,6,0.00,0.00,0.00,0.00,0.00,0.00,0.00,,13.36,,11.35,11.35,1.0546,1.0546,0.8256,0
181,7,0.00,0.00,0.00,0.00,0.00,0.00,0.00,,13.36,,11.14,11.14,1.0554,1.0554,0.8256,0
181,8,0.00,0.00,0.00,0.00,0.00,0.00,0.00,,13.36,,11.03,11.03,1.0559,1.0559,0.8256,0
181,9,51.86,0.00,0.22,0.18,0.22,0.18,0.00,,13.36,,13.04,13.04,1.0478,1.0478,0.8256,0
181,10,560.36,0.19,2.29,1.89,2.20,1.82,2.18,1440.00,13.36,14.67,29.55,19.20,0.9818,1.0232,0.8256,0
181,11,733.61,0.21,2.98,2.46,2.81,2.32,3.08,1440.00,13.36,15.21,35.74,21.09,0.9571,1.0157,0.8256,1
181,12,799.37,0.22,3.24,2.68,3.03,2.50,3.49,1440.00,13.36,15.45,38.09,21.52,0.9476,1.0139,0.8256,1
181,13,783.64,0.23,3.19,2.63,2.97,2.45,3.68,1440.00,13.36,15.56,38.41,20.94,0.9464,1.0162,0.8256,1
181,14,707.41,0.24,2.89,2.38,2.70,2.23,3.44,1440.00,13.36,15.42,36.35,20.02,0.9546,1.0199,0.8256,1
181,15,526.12,0.25,2.16,1.78,2.06,1.70,2.63,1440.00,13.36,14.94,30.72,18.23,0.9771,1.0271,0.8256,1
181,16,296.15,0.27,1.23,1.01,1.19,0.98,1.59,1440.00,13.36,14.31,23.58,16.04,1.0057,1.0358,0.8256,1
181,17,81.86,0.24,0.34,0.28,0.34,0.28,0.40,1440.00,13.36,13.60,15.98,14.09,1.0361,1.0437,0.8256,1
181,18,0.00,0.00,0.00,0.00,0.00,0.00,0.00,,13.36,,13.31,13.31,1.0468,1.0468,0.8256,0
181,19,0.00,0.00,0.00,0.00,0.00,0.00,0.00,,13.36,,12.37,12.37,1.0505,1.0505,0.8256,0
181,20,0.00,0.00,0.00,0.00,0.00,0.00,0.00,,13.36,,12.31,12.31,1.0508,1.0508,0.8256,0
181,21,0.00,0.00,0.00,0.00,0.00,0.00,0.00,,13.36,,12.59,12.59,1.0496,1.0496,0.8256,0
181,22,0.00,0.00,0.00,0.00,0.00,0.00,0.00,,13.36,,12.32,12.32,1.0507,1.0507,0.8256,0
181,23,0.00,0.00,0.00,0.00,0.00,0.00,0.00,,13.36,,11.62,11.62,1.0535,1.0535,0.8256,0
181,24,0.00,0.00,0.00,0.00,0.00,0.00,0.00,,13.36,,11.24,11.24,1.0550,1.0550,0.8256,0
182,1,0.00,0.00,0.00,0.00,0.00,0.00,0.00,,13.34,,10.89,10.89,1.0564,1.0564,0.8256,0
182,2,0.00,0.00,0.00,0.00,0.00,0.00,0.00,,13.34,,10.45,10.45,1.0582,1.0582,0.8256,0
182,3,0.00,0.00,0.00,0.00,0.00,0.00,0.00,,13.34,,8.65,8.65,1.0654,1.0654,0.8256,0
182,4,0.00,0.00,0.00,0.00,0.00,0.00,0.00,,13.34,,9.06,9.06,1.0638,1.0638,0.8256,0
182,5,0.00,0.00,0.00,0.00,0.00,0.00,0.00,,13.34,,9.47,9.47,1.0621,1.0621,0.8256,0
182,6,0.00,0.00,0.00,0.00,0.00,0.00,0.00,,13.34,,9.88,9.88,1.0605,1.0605,0.8256,0
182,7,0.00,0.00,0.00,0.00,0.00,0.00,0.00,,13.34,,10.29,10.29,1.0588,1.0588,0.8256,0
182,8,0.00,0.00,0.00,0.00,0.00,0.00,0.00,,13.34,,10.70,10.70,1.0572,1.0572,0.8256,0
182,9,52.86,0.00,0.22,0.18,0.22,0.18,0.00,,13.34,,12.75,12.75,1.0490,1.0490,0.8256,0
182,10,496.24,0.19,2.04,1.68,1.97,1.63,1.86,1440.00,13.34,14.45,27.02,18.19,0.9919,1.0272,0.8256,0
182,11,716.22,0.21,2.92,2.41,2.76,2.28,2.95,1440.00,13.34,15.10,34.30,20.30,0.9628,1.0188,0.8256,1
182,12,720.84,0.21,2.94,2.43,2.77,2.29,3.06,1440.00,13.34,15.17,34.86,20.30,0.9606,1.0188,0.8256,1
182,13,698.94,0.22,2.85,2.35,2.69,2.22,3.06,1440.00,13.34,15.17,34.58,20.05,0.9617,1.0198,0.8256,1
182,14,627.48,0.23,2.57,2.12,2.43,2.01,2.83,1440.00,13.34,15.03,32.76,19.34,0.9690,1.0226,0.8256,1
182,15,530.56,0.23,2.18,1.80,2.08,1.72,2.48,1440.00,13.34,14.82,30.14,18.38,0.9794,1.0265,0.8256,1
182,16,326.97,0.25,1.35,1.12,1.31,1.08,1.63,1440.00,13.34,14.32,24.19,16.43,1.0032,1.0343,0.8256,1
182,17,84.00,0.36,0.35,0.29,0.35,0.29,0.60,1440.00,13.34,13.70,17.00,14.13,1.0320,1.0435,0.8256,1
182,18,0.00,0.00,0.00,0.00,0.00,0.00,0.00,,13.34,,14.78,14.78,1.0409,1.0409,0.8256,0
182,19,0.00,0.00,0.00,0.00,0.00,0.00,0.00,,13.34,,12.98,12.98,1.0481,1.0481,0.8256,0
182,20,0.00,0.00,0.00,0.00,0.00,0.00,0.00,,13.34,,12.58,12.58,1.0497,1.0497,0.8256,0
182,21,0.00,0.00,0.00,0.00,0.00,0.00,0.00,,13.34,,11.28,11.28,1.0549,1.0549,0.8256,0
182,22,0.00,0.00,0.00,0.00,0.00,0.00,0.00,,13.34,,10.90,10.90,1.0564,1.0564,0.8256,0
182,23,0.00,0.00,0.00,0.00,0.00,0.00,0.00,,13.34,,10.71,10.71,1.0572,1.0572,0.8256,0
182,24,0.00,0.00,0.00,0.00,0.00,0.00,0.00,,13.34,,10.21,10.21,1.0592,1.0592,0.8256,0
183,1,0.00,0.00,0.00,0.00,0.00,0.00,0.00,,13.32,,10.07,10.07,1.0597,1.0597,0.8256,0
183,2,0.00,0.00,0.00,0.00,0.00,0.00,0.00,,13.32,,9.93,9.93,1.0603,1.0603,0.8256,0
183,3,0.00,0.00,0.00,0.00,0.00,0.00,0.00,,13.32,,9.53,9.53,1.0619,1.0619,0.8256,0
183,4,0.00,0.00,0.00,0.00,0.00,0.00,0.00,,13.32,,9.29,9.29,1.0628,1.0628,0.8256,0
183,5,0.00,0.00,0.00,0.00,0.00,0.00,0.00,,13.32,,9.09,9.09,1.0636,1.0636,0.8256,0
183,6,0.00,0.00,0.00,0.00,0.00,0.00,0.00,,13.32,,9.05,9.05,1.0638,1.0638,0.8256,0
183,7,0.00,0.00,0.00,0.00,0.00,0.00,0.00,,13.32,,9.13,9.13,1.0635,1.0635,0.8256,0
183,8,0.00,0.00,0.00,0.00,0.00,0.00,0.00,,13.32,,9.28,9.28,1.0629,1.0629,0.8256,0
183,9,53.19,0.00,0.22,0.18,0.22,0.18,0.00,,13.32,,12.62,12.62,1.0495,1.0495,0.8256,0
183,10,587.98,0.19,2.41,1.99,2.31,1.90,2.28,1440.00,13.32,14.68,29.83,19.00,0.9807,1.0240,0.8256,0
183,11,701.44,0.20,2.86,2.36,2.71,2.23,2.85,1440.00,13.32,15.02,33.86,20.33,0.9646,1.0187,0.8256,1
183,12,770.67,0.22,3.13,2.58,2.93,2.42,3.38,1440.00,13.32,15.34,37.23,21.18,0.9511,1.0153,0.8256,1
183,13,619.13,0.24,2.53,2.09,2.39,1.98,2.91,1440.00,13.32,15.06,33.33,19.51,0.9667,1.0220,0.8256,1
183,14,500.10,0.24,2.05,1.70,1.96,1.62,2.42,1440.00,13.32,14.77,29.90,18.39,0.9804,1.0264,0.8256,1
183,15,456.12,0.26,1.88,1.55,1.80,1.48,2.35,1440.00,13.32,14.72,29.01,17.88,0.9839,1.0285,0.8256,1
183,16,271.35,0.29,1.12,0.93,1.09,0.90,1.59,1440.00,13.32,14.27,23.53,16.00,1.0059,1.0360,0.8256,1
183,17,63.81,0.51,0.27,0.22,0.26,0.22,0.66,1440.00,13.32,13.71,17.07,13.96,1.0317,1.0442,0.8256,1
183,18,0.00,0.00,0.00,0.00,0.00,0.00,0.00,,13.32,,14.04,14.04,1.0438,1.0438,0.8256,0
183,19,0.00,0.00,0.00,0.00,0.00,0.00,0.00,,13.32,,13.39,13.39,1.0464,1.0464,0.8256,0
183,20,0.00,0.00,0.00,0.00,0.00,0.00,0.00,,13.32,,12.87,12.87,1.0485,1.0485,0.8256,0
183,21,0.00,0.00,0.00,0.00,0.00,0.00,0.00,,13.32,,11.88,11.88,1.0525,1.0525,0.8256,0
183,22,0.00,0.00,0.00,0.00,0.00,0.00,0.00,,13.32,,11.42,11.42,1.0543,1.0543,0.8256,0
183,23,0.00,0.00,0.00,0.00,0.00,0.00,0.00,,13.32,,11.16,11.16,1.0554,1.0554,0.8256,0
183,24,0.00,0.00,0.00,0.00,0.00,0.00,0.00,,13.32,,10.65,10.65,1.0574,1.0574,0.8256,0
184,1,0.00,0.00,0.00,0.00,0.00,0.00,0.00,,13.30,,10.59,10.59,1.0576,1.0576,0.8256,0
184,2,0.00,0.00,0.00,0.00,0.00,0.00,0.00,,13.30,,10.50,10.50,1.0580,1.0580,0.8256,0
184,3,0.00,0.00,0.00,0.00,0.00,0.00,0.00,,13.30,,10.07,10.07,1.0597,1.0597,0.8256,0
184,4,0.00,0.00,0.00,0.00,0.00,0.00,0.00,,13.30,,9.98,9.98,1.0601,1.0601,0.8256,0
184,5,0.00,0.00,0.00,0.00,0.00,0.00,0.00,,13.30,,9.82,9.82,1.0607,1.0607,0.8256,0
184,6,0.00,0.00,0.00,0.00,0.00,0.00,0.00,,13.30,,9.54,9.54,1.0618,1.0618,0.8256,0
184,7,0.00,0.00,0.00,0.00,0.00,0.00,0.00,,13.30,,9.40,9.40,1.0624,1.0624,0.8256,0
184,8,0.00,0.00,0.00,0.00,0.00,0.00,0.00,,13.30,,9.17,9.17,1.0633,1.0633,0.8256,0
184,9,50.73,0.00,0.21,0.18,0.21,0.18,0.00,,13.30,,11.70,11.70,1.0532,1.0532,0.8256,0
184,10,588.41,0.17,2.41,1.99,2.32,1.91,2.04,1440.00,13.30,14.51,28.69,19.02,0.9852,1.0239,0.8256,0
184,11,730.02,0.19,2.98,2.46,2.82,2.33,2.81,1440.00,13.30,14.97,33.56,20.24,0.9657,1.0190,0.8256,1
184,12,801.60,0.22,3.26,2.69,3.05,2.52,3.53,1440.00,13.30,15.41,37.35,20.57,0.9506,1.0177,0.8256,1
184,13,787.92,0.24,3.21,2.65,2.99,2.47,3.73,1440.00,13.30,15.52,38.14,20.45,0.9474,1.0182,0.8256,1
184,14,640.88,0.24,2.62,2.17,2.47,2.04,3.11,1440.00,13.30,15.15,33.88,19.12,0.9645,1.0235,0.8256,1
184,15,515.37,0.26,2.12,1.75,2.02,1.66,2.64,1440.00,13.30,14.87,30.45,17.92,0.9782,1.0283,0.8256,1
184,16,249.59,0.29,1.04,0.86,1.01,0.83,1.45,1440.00,13.30,14.16,22.41,15.51,1.0104,1.0380,0.8256,1
184,17,73.36,0.45,0.31,0.25,0.30,0.25,0.67,1440.00,13.30,13.69,17.08,13.92,1.0317,1.0443,0.8256,1
184,18,0.00,0.00,0.00,0.00,0.00,0.00,0.00,,13.30,,13.48,13.48,1.0461,1.0461,0.8256,0
184,19,0.00,0.00,0.00,0.00,0.00,0.00,0.00,,13.30,,12.86,12.86,1.0486,1.0486,0.8256,0
184,20,0.00,0.00,0.00,0.00,0.00,0.00,0.00,,13.30,,12.84,12.84,1.0486,1.0486,0.8256,0
184,21,0.00,0.00,0.00,0.00,0.00,0.00,0.00,,13.30,,11.99,11.99,1.0520,1.0520,0.8256,0
184,22,0.00,0.00,0.00,0.00,0.00,0.00,0.00,,13.30,,11.40,11.40,1.0544,1.0544,0.8256,0
184,23,0.00,0.00,0.00,0.00,0.00,0.00,0.00,,13.30,,11.08,11.08,1.0557,1.0557,0.8256,0
184,24,0.00,0.00,0.00,0.00,0.00,0.00,0.00,,13.30,,10.76,10.76,1.0570,1.0570,0.8256,0
185,1,0.00,0.00,0.00,0.00,0.00,0.00,0.00,,13.28,,10.72,10.72,1.0571,1.0571,0.8256,0
185,2,0.00,0.00,0.00,0.00,0.00,0.00,0.00,,13.28,,10.63,10.63,1.0575,1.0575,0.8256,0
185,3,0.00,0.00,0.00,0.00,0.00,0.00,0.00,,13.28,,10.21,10.21,1.0592,1.0592,0.8256,0
185,4,0.00,0.00,0.00,0.00,0.00,0.00,0.00,,13.28,,10.15,10.15,1.0594,1.0594,0.8256,0
185,5,0.00,0.00,0.00,0.00,0.00,0.00,0.00,,13.28,,10.09,10.09,1.0596,1.0596,0.8256,0
185,6,0.00,0.00,0.00,0.00,0.00,0.00,0.00,,13.28,,10.05,10.05,1.0598,1.0598,0.8256,0
185,7,0.00,0.00,0.00,0.00,0.00,0.00,0.00,,13.28,,9.98,9.98,1.0601,1.0601,0.8256,0
185,8,0.00,0.00,0.00,0.00,0.00,0.00,0.00,,13.28,,10.10,10.10,1.0596,1.0596,0.8256,0
185,9,77.70,0.00,0.32,0.27,0.32,0.27,0.00,,13.28,,13.80,13.80,1.0448,1.0448,0.8256,0
185,10,401.27,0.17,1.65,1.36,1.61,1.33,1.33,1440.00,13.28,14.07,23.92,17.61,1.0043,1.0296,0.8256,0
185,11,500.77,0.18,2.05,1.69,1.99,1.64,1.77,1440.00,13.28,14.34,27.20,18.79,0.9912,1.0248,0.8256,1
185,12,487.37,0.20,2.00,1.65,1.93,1.59,1.93,1440.00,13.28,14.43,27.89,18.72,0.9884,1.0251,0.8256,1
185,13,544.90,0.22,2.23,1.84,2.13,1.76,2.37,1440.00,13.28,14.69,30.73,19.48,0.9771,1.0221,0.8256,1
185,14,531.69,0.22,2.17,1.79,2.08,1.72,2.32,1440.00,13.28,14.66,30.46,19.44,0.9782,1.0222,0.8256,1
185,15,445.25,0.22,1.83,1.51,1.76,1.45,1.99,1440.00,13.28,14.47,27.81,18.34,0.9887,1.0266,0.8256,1
185,16,209.00,0.24,0.87,0.72,0.85,0.70,1.00,1440.00,13.28,13.88,20.35,15.59,1.0186,1.0376,0.8256,1
185,17,43.58,0.29,0.18,0.15,0.18,0.15,0.26,1440.00,13.28,13.43,14.97,13.75,1.0401,1.0450,0.8256,0
185,18,0.00,0.00,0.00,0.00,0.00,0.00,0.00,,13.28,,12.73,12.73,1.0491,1.0491,0.8256,0
185,19,0.00,0.00,0.00,0.00,0.00,0.00,0.00,,13.28,,12.27,12.27,1.0509,1.0509,0.8256,0
185,20,0.00,0.00,0.00,0.00,0.00,0.00,0.00,,13.28,,12.18,12.18,1.0513,1.0513,0.8256,0
185,21,0.00,0.00,0.00,0.00,0.00,0.00,0.00,,13.28,,12.03,12.03,1.0519,1.0519,0.8256,0
185,22,0.00,0.00,0.00,0.00,0.00,0.00,0.00,,13.28,,11.98,11.98,1.0521,1.0521,0.8256,0
185,23,0.00,0.00,0.00,0.00,0.00,0.00,0.00,,13.28,,12.15,12.15,1.0514,1.0514,0.8256,0
185,24,0.00,0.00,0.00,0.00,0.00,0.00,0.00,,13.28,,12.31,12.31,1.0508,1.0508,0.8256,0
186,1,0.00,0.00,0.00,0.00,0.00,0.00,0.00,,13.26,,12.42,12.42,1.0503,1.0503,0.8256,0
186,2,0.00,0.00,0.00,0.00,0.00,0.00,0.00,,13.26,,12.32,12.32,1.0507,1.0507,0.8256,0
186,3,0.00,0.00,0.00,0.00,0.00,0.00,0.00,,13.26,,12.06,12.06,1.0518,1.0518,0.8256,0
186,4,0.00,0.00,0.00,0.00,0.00,0.00,0.00,,13.26,,11.80,11.80,1.0528,1.0528,0.8256,0
186,5,0.00,0.00,0.00,0.00,0.00,0.00,0.00,,13.26,,11.41,11.41,1.0544,1.0544,0.8256,0
186,6,0.00,0.00,0.00,0.00,0.00,0.00,0.00,,13.26,,11.42,11.42,1.0543,1.0543,0.8256,0
186,7,0.00,0.00,0.00,0.00,0.00,0.00,0.00,,13.26,,11.36,11.36,1.0546,1.0546,0.8256,0
186,8,0.00,0.00,0.00,0.00,0.00,0.00,0.00,,13.26,,11.37,11.37,1.0545,1.0545,0.8256,0
186,9,55.32,0.00,0.23,0.19,0.23,0.19,0.00,,13.26,,13.80,13.80,1.0448,1.0448,0.8256,0
186,10,417.98,0.19,1.72,1.42,1.67,1.38,1.57,1440.00,13.26,14.20,25.19,17.75,0.9992,1.0290,0.8256,0
186,11,474.61,0.19,1.95,1.61,1.88,1.55,1.83,1440.00,13.26,14.35,27.08,18.38,0.9917,1.0265,0.8256,1
186,12,573.81,0.21,2.35,1.94,2.24,1.85,2.41,1440.00,13.26,14.70,30.88,19.45,0.9765,1.0222,0.8256,1
186,13,506.09,0.22,2.07,1.71,1.99,1.64,2.22,1440.00,13.26,14.59,29.37,18.80,0.9825,1.0248,0.8256,1
186,14,440.24,0.22,1.81,1.49,1.75,1.44,1.90,1440.00,13.26,14.40,27.21,18.17,0.9912,1.0273,0.8256,1
186,15,395.21,0.22,1.63,1.34,1.58,1.30,1.72,1440.00,13.26,14.29,25.86,17.67,0.9966,1.0293,0.8256,1
186,16,173.80,0.22,0.72,0.60,0.71,0.59,0.78,1440.00,13.26,13.72,18.88,15.19,1.0245,1.0392,0.8256,1
186,17,40.85,0.29,0.17,0.14,0.17,0.14,0.24,1440.00,13.26,13.40,14.83,13.71,1.0407,1.0452,0.8256,0
186,18,0.00,0.00,0.00,0.00,0.00,0.00,0.00,,13.26,,12.97,12.97,1.0481,1.0481,0.8256,0
186,19,0.00,0.00,0.00,0.00,0.00,0.00,0.00,,13.26,,12.60,12.60,1.0496,1.0496,0.8256,0
186,20,0.00,0.00,0.00,0.00,0.00,0.00,0.00,,13.26,,12.45,12.45,1.0502,1.0502,0.8256,0
186,21,0.00,0.00,0.00,0.00,0.00,0.00,0.00,,13.26,,12.01,12.01,1.0520,1.0520,0.8256,0
186,22,0.00,0.00,0.00,0.00,0.00,0.00,0.00,,13.26,,11.83,11.83,1.0527,1.0527,0.8256,0
186,23,0.00,0.00,0.00,0.00,0.00,0.00,0.00,,13.26,,11.91,11.91,1.0524,1.0524,0.8256,0
186,24,0.00,0.00,0.00,0.00,0.00,0.00,0.00,,13.26,,11.91,11.91,1.0524,1.0524,0.8256,0
187,1,0.00,0.00,0.00,0.00,0.00,0.00,0.00,,13.24,,11.93,11.93,1.0523,1.0523,0.8256,0
187,2,0.00,0.00,0.00,0.00,0.00,0.00,0.00,,13.24,,11.78,11.78,1.0529,1.0529,0.8256,0
187,3,0.00,0.00,0.00,0.00,0.00,0.00,0.00,,13.24,,11.56,11.56,1.0538,1.0538,0.8256,0
187,4,0.00,0.00,0.00,0.00,0.00,0.00,0.00,,13.24,,11.30,11.30,1.0548,1.0548,0.8256,0
187,5,0.00,0.00,0.00,0.00,0.00,0.00,0.00,,13.24,,11.05,11.05,1.0558,1.0558,0.8256,0
187,6,0.00,0.00,0.00,0.00,0.00,0.00,0.00,,13.24,,10.82,10.82,1.0567,1.0567,0.8256,0
187,7,0.00,0.00,0.00,0.00,0.00,0.00,0.00,,13.24,,10.87,10.87,1.0565,1.0565,0.8256,0
187,8,0.00,0.00,0.00,0.00,0.00,0.00,0.00,,13.24,,11.07,11.07,1.0557,1.0557,0.8256,0
187,9,44.95,0.00,0.19,0.16,0.19,0.16,0.00,,13.24,,13.26,13.26,1.0469,1.0469,0.8256,0
187,10,321.96,0.19,1.33,1.10,1.30,1.08,1.22,1440.00,13.24,13.97,22.10,16.31,1.0116,1.0348,0.8256,0
187,11,475.78,0.20,1.96,1.62,1.89,1.56,1.93,1440.00,13.24,14.40,27.04,17.87,0.9918,1.0285,0.8256,1
187,12,436.78,0.22,1.80,1.48,1.74,1.43,1.88,1440.00,13.24,14.37,26.62,17.70,0.9935,1.0292,0.8256,1
187,13,470.39,0.23,1.93,1.60,1.86,1.53,2.12,1440.00,13.24,14.51,28.10,18.04,0.9876,1.0278,0.8256,1
187,14,449.18,0.23,1.85,1.53,1.78,1.47,2.05,1440.00,13.24,14.47,27.60,17.85,0.9896,1.0286,0.8256,1
187,15,263.79,0.24,1.09,0.90,1.07,0.88,1.28,1440.00,13.24,14.01,22.00,15.92,1.0120,1.0363,0.8256,1
187,16,220.51,0.25,0.92,0.76,0.90,0.74,1.12,1440.00,13.24,13.91,20.79,15.46,1.0168,1.0382,0.8256,1
187,17,72.42,0.34,0.30,0.25,0.30,0.25,0.50,1440.00,13.24,13.54,16.31,13.95,1.0347,1.0442,0.8256,1
187,18,0.00,0.00,0.00,0.00,0.00,0.00,0.00,,13.24,,13.34,13.34,1.0466,1.0466,0.8256,0
187,19,0.00,0.00,0.00,0.00,0.00,0.00,0.00,,13.24,,12.86,12.86,1.0486,1.0486,0.8256,0
187,20,0.00,0.00,0.00,0.00,0.00,0.00,0.00,,13.24,,12.69,12.69,1.0492,1.0492,0.8256,0
187,21,0.00,0.00,0.00,0.00,0.00,0.00,0.00,,13.24,,12.51,12.51,1.0500,1.0500,0.8256,0
187,22,0.00,0.00,0.00,0.00,0.00,0.00,0.00,,13.24,,12.27,12.27,1.0509,1.0509,0.8256,0
187,23,0.00,0.00,0.00,0.00,0.00,0.00,0.00,,13.24,,12.15,12.15,1.0514,1.0514,0.8256,0
187,24,0.00,0.00,0.00,0.00,0.00,0.00,0.00,,13.24,,12.26,12.26,1.0510,1.0510,0.8256,0
188,1,0.00,0.00,0.00,0.00,0.00,0.00,0.00,,13.23,,12.29,12.29,1.0508,1.0508,0.8256,0
188,2,0.00,0.00,0.00,0.00,0.00,0.00,0.00,,13.23,,12.26,12.26,1.0510,1.0510,0.8256,0
188,3,0.00,0.00,0.00,0.00,0.00,0.00,0.00,,13.23,,12.12,12.12,1.0515,1.0515,0.8256,0
188,4,0.00,0.00,0.00,0.00,0.00,0.00,0.00,,13.23,,12.04,12.04,1.0518,1.0518,0.8256,0
188,5,0.00,0.00,0.00,0.00,0.00,0.00,0.00,,13.23,,11.91,11.91,1.0524,1.0524,0.8256,0
188,6,0.00,0.00,0.00,0.00,0.00,0.00,0.00,,13.23,,11.66,11.66,1.0534,1.0534,0.8256,0
188,7,0.00,0.00,0.00,0.00,0.00,0.00,0.00,,13.23,,11.65,11.65,1.0534,1.0534,0.8256,0
188,8,0.00,0.00,0.00,0.00,0.00,0.00,0.00,,13.23,,11.61,11.61,1.0536,1.0536,0.8256,0
188,9,51.39,0.16,0.21,0.18,0.21,0.18,0.17,1440.00,13.23,13.33,14.39,13.60,1.0425,1.0456,0.8256,0
188,10,370.83,0.23,1.54,1.27,1.49,1.23,1.68,1440.00,13.23,14.23,24.00,16.02,1.0040,1.0359,0.8256,0
188,11,328.87,0.22,1.36,1.13,1.33,1.10,1.43,1440.00,13.23,14.09,22.59,15.78,1.0097,1.0369,0.8256,1
188,12,494.35,0.25,2.04,1.68,1.95,1.61,2.44,1440.00,13.23,14.69,28.61,17.01,0.9856,1.0320,0.8256,1
188,13,446.34,0.26,1.85,1.52,1.77,1.46,2.32,1440.00,13.23,14.62,27.67,16.64,0.9893,1.0334,0.8256,1
188,14,473.76,0.26,1.96,1.62,1.87,1.54,2.43,1440.00,13.23,14.68,28.43,16.90,0.9863,1.0324,0.8256,1
188,15,362.29,0.27,1.50,1.24,1.45,1.20,1.92,1440.00,13.23,14.38,25.24,16.11,0.9990,1.0355,0.8256,1
188,16,220.64,0.29,0.92,0.76,0.90,0.74,1.28,1440.00,13.23,13.99,21.05,14.99,1.0158,1.0401,0.8256,1
188,17,71.01,0.41,0.30,0.25,0.29,0.24,0.58,1440.00,13.23,13.58,16.56,13.79,1.0338,1.0448,0.8256,1
188,18,0.00,0.00,0.00,0.00,0.00,0.00,0.00,,13.23,,13.85,13.85,1.0446,1.0446,0.8256,0
188,19,0.00,0.00,0.00,0.00,0.00,0.00,0.00,,13.23,,13.38,13.38,1.0465,1.0465,0.8256,0
188,20,0.00,0.00,0.00,0.00,0.00,0.00,0.00,,13.23,,13.35,13.35,1.0466,1.0466,0.8256,0
188,21,0.00,0.00,0.00,0.00,0.00,0.00,0.00,,13.23,,12.74,12.74,1.0490,1.0490,0.8256,0
188,22,0.00,0.00,0.00,0.00,0.00,0.00,0.00,,13.23,,13.03,13.03,1.0479,1.0479,0.8256,0
188,23,0.00,0.00,0.00,0.00,0.00,0.00,0.00,,13.23,,13.11,13.11,1.0476,1.0476,0.8256,0
188,24,0.00,0.00,0.00,0.00,0.00,0.00,0.00,,13.23,,12.98,12.98,1.0481,1.0481,0.8256,0
189,1,0.00,0.00,0.00,0.00,0.00,0.00,0.00,,13.21,,12.93,12.93,1.0483,1.0483,0.8256,0
189,2,0.00,0.00,0.00,0.00,0.00,0.00,0.00,,13.21,,12.69,12.69,1.0492,1.0492,0.8256,0
189,3,0.00,0.00,0.00,0.00,0.00,0.00,0.00,,13.21,,12.03,12.03,1.0519,1.0519,0.8256,0
189,4,0.00,0.00,0.00,0.00,0.00,0.00,0.00,,13.21,,11.73,11.73,1.0531,1.0531,0.8256,0
189,5,0.00,0.00,0.00,0.00,0.00,0.00,0.00,,13.21,,11.50,11.50,1.0540,1.0540,0.8256,0
189,6,0.00,0.00,0.00,0.00,0.00,0.00,0.00,,13.21,,11.05,11.05,1.0558,1.0558,0.8256,0
189,7,0.00,0.00,0.00,0.00,0.00,0.00,0.00,,13.21,,11.06,11.06,1.0558,1.0558,0.8256,0
189,8,0.00,0.00,0.00,0.00,0.00,0.00,0.00,,13.21,,10.90,10.90,1.0564,1.0564,0.8256,0
189,9,59.53,0.00,0.25,0.21,0.25,0.21,0.00,,13.21,,13.60,13.60,1.0456,1.0456,0.8256,0
189,10,511.40,0.22,2.11,1.74,2.02,1.67,2.28,1440.00,13.21,14.58,27.83,17.02,0.9887,1.0319,0.8256,0
189,11,677.04,0.24,2.78,2.30,2.61,2.16,3.25,1440.00,13.21,15.16,33.65,18.21,0.9654,1.0272,0.8256,1
189,12,709.96,0.27,2.92,2.41,2.71,2.24,3.84,1440.00,13.21,15.51,36.41,18.19,0.9544,1.0273,0.8256,1
189,13,711.05,0.29,2.93,2.42,2.70,2.23,4.18,1440.00,13.21,15.72,37.50,17.63,0.9500,1.0295,0.8256,1
189,14,545.00,0.32,2.26,1.86,2.11,1.75,3.45,1440.00,13.21,15.28,32.58,16.19,0.9697,1.0352,0.8256,1
189,15,405.64,0.34,1.69,1.39,1.60,1.32,2.75,1440.00,13.21,14.86,28.39,15.34,0.9865,1.0386,0.8256,1
189,16,261.71,0.37,1.09,0.90,1.05,0.87,1.95,1440.00,13.21,14.38,24.01,14.73,1.0040,1.0411,0.8256,1
189,17,89.76,0.57,0.38,0.31,0.37,0.30,1.02,1440.00,13.21,13.82,18.63,13.78,1.0255,1.0449,0.8256,1
189,18,0.00,0.00,0.00,0.00,0.00,0.00,0.00,,13.21,,14.69,14.69,1.0412,1.0412,0.8256,0
189,19,0.00,0.00,0.00,0.00,0.00,0.00,0.00,,13.21,,14.33,14.33,1.0427,1.0427,0.8256,0
189,20,0.00,0.00,0.00,0.00,0.00,0.00,0.00,,13.21,,14.20,14.20,1.0432,1.0432,0.8256,0
189,21,0.00,0.00,0.00,0.00,0.00,0.00,0.00,,13.21,,13.29,13.29,1.0468,1.0468,0.8256,0
189,22,0.00,0.00,0.00,0.00,0.00,0.00,0.00,,13.21,,13.24,13.24,1.0470,1.0470,0.8256,0
189,23,0.00,0.00,0.00,0.00,0.00,0.00,0.00,,13.21,,13.12,13.12,1.0475,1.0475,0.8256,0
189,24,0.00,0.00,0.00,0.00,0.00,0.00,0.00,,13.21,,12.53,12.53,1.0499,1.0499,0.8256,0
190,1,0.00,0.00,0.00,0.00,0.00,0.00,0.00,,13.20,,12.14,12.14,1.0514,1.0514,0.8256,0
190,2,0.00,0.00,0.00,0.00,0.00,0.00,0.00,,13.20,,11.58,11.58,1.0537,1.0537,0.8256,0
190,3,0.00,0.00,0.00,0.00,0.00,0.00,0.00,,13.20,,10.65,10.65,1.0574,1.0574,0.8256,0
190,4,0.00,0.00,0.00,0.00,0.00,0.00,0.00,,13.20,,10.42,10.42,1.0583,1.0583,0.8256,0
190,5,0.00,0.00,0.00,0.00,0.00,0.00,0.00,,13.20,,10.20,10.20,1.0592,1.0592,0.8256,0
190,6,0.00,0.00,0.00,0.00,0.00,0.00,0.00,,13.20,,9.52,9.52,1.0619,1.0619,0.8256,0
190,7,0.00,0.00,0.00,0.00,0.00,0.00,0.00,,13.20,,9.22,9.22,1.0631,1.0631,0.8256,0
190,8,0.00,0.00,0.00,0.00,0.00,0.00,0.00,,13.20,,8.85,8.85,1.0646,1.0646,0.8256,0
190,9,74.15,0.00,0.31,0.26,0.31,0.26,0.00,,13.20,,12.31,12.31,1.0508,1.0508,0.8256,0
190,10,447.32,0.18,1.85,1.53,1.80,1.49,1.57,1440.00,13.20,14.14,23.52,16.08,1.0059,1.0357,0.8256,0
190,11,606.01,0.20,2.50,2.07,2.39,1.97,2.47,1440.00,13.20,14.68,28.67,16.93,0.9853,1.0323,0.8256,1
190,12,738.44,0.25,3.04,2.51,2.84,2.34,3.71,1440.00,13.20,15.42,35.01,17.39,0.9600,1.0304,0.8256,1
190,13,758.25,0.28,3.13,2.58,2.88,2.38,4.25,1440.00,13.20,15.74,37.29,17.10,0.9509,1.0316,0.8256,1
190,14,686.71,0.29,2.83,2.34,2.63,2.17,3.96,1440.00,13.20,15.57,35.89,17.10,0.9564,1.0316,0.8256,1
190,15,536.40,0.30,2.22,1.83,2.09,1.72,3.21,1440.00,13.20,15.12,32.00,16.76,0.9720,1.0330,0.8256,1
190,16,321.36,0.33,1.33,1.10,1.28,1.06,2.12,1440.00,13.20,14.47,25.62,15.57,0.9975,1.0377,0.8256,1
190,17,92.87,0.55,0.39,0.32,0.38,0.31,1.02,1440.00,13.20,13.81,18.74,13.92,1.0250,1.0443,0.8256,1
190,18,0.00,0.00,0.00,0.00,0.00,0.00,0.00,,13.20,,15.08,15.08,1.0397,1.0397,0.8256,0
190,19,0.00,0.00,0.00,0.00,0.00,0.00,0.00,,13.20,,14.86,14.86,1.0406,1.0406,0.8256,0
190,20,0.00,0.00,0.00,0.00,0.00,0.00,0.00,,13.20,,15.00,15.00,1.0400,1.0400,0.8256,0
190,21,0.00,0.00,0.00,0.00,0.00,0.00,0.00,,13.20,,14.66,14.66,1.0414,1.0414,0.8256,0
190,22,0.00,0.00,0.00,0.00,0.00,0.00,0.00,,13.20,,14.42,14.42,1.0423,1.0423,0.8256,0
190,23,0.00,0.00,0.00,0.00,0.00,0.00,0.00,,13.20,,14.52,14.52,1.0419,1.0419,0.8256,0
190,24,0.00,0.00,0.00,0.00,0.00,0.00,0.00,,13.20,,13.92,13.92,1.0443,1.0443,0.8256,0
191,1,0.00,0.00,0.00,0.00,0.00,0.00,0.00,,13.19,,13.76,13.76,1.0450,1.0450,0.8256,0
191,2,0.00,0.00,0.00,0.00,0.00,0.00,0.00,,13.19,,13.70,13.70,1.0452,1.0452,0.8256,0
191,3,0.00,0.00,0.00,0.00,0.00,0.00,0.00,,13.19,,13.16,13.16,1.0474,1.0474,0.8256,0
191,4,0.00,0.00,0.00,0.00,0.00,0.00,0.00,,13.19,,13.12,13.12,1.0475,1.0475,0.8256,0
191,5,0.00,0.00,0.00,0.00,0.00,0.00,0.00,,13.19,,12.89,12.89,1.0484,1.0484,0.8256,0
191,6,0.00,0.00,0.00,0.00,0.00,0.00,0.00,,13.19,,12.49,12.49,1.0500,1.0500,0.8256,0
191,7,0.00,0.00,0.00,0.00,0.00,0.00,0.00,,13.19,,12.21,12.21,1.0512,1.0512,0.8256,0
191,8,0.00,0.00,0.00,0.00,0.00,0.00,0.00,,13.19,,11.83,11.83,1.0527,1.0527,0.8256,0
191,9,75.67,0.24,0.32,0.26,0.31,0.26,0.36,1440.00,13.19,13.41,15.45,13.75,1.0382,1.0450,0.8256,0
191,10,401.80,0.25,1.66,1.37,1.60,1.32,2.04,1440.00,13.19,14.41,25.80,16.11,0.9968,1.0355,0.8256,0
191,11,592.41,0.26,2.44,2.01,2.30,1.90,3.06,1440.00,13.19,15.02,32.29,17.75,0.9708,1.0290,0.8256,1
191,12,623.69,0.28,2.56,2.11,2.40,1.98,3.44,1440.00,13.19,15.25,34.82,18.49,0.9607,1.0260,0.8256,1
191,13,559.35,0.29,2.30,1.89,2.16,1.78,3.25,1440.00,13.19,15.14,33.98,18.54,0.9641,1.0258,0.8256,1
191,14,271.26,0.37,1.12,0.93,1.08,0.89,2.00,1440.00,13.19,14.39,25.39,15.89,0.9985,1.0364,0.8256,1
191,15,116.03,0.56,0.48,0.40,0.47,0.39,1.31,1440.00,13.19,13.97,20.63,14.42,1.0175,1.0423,0.8256,1
191,16,58.54,0.89,0.24,0.20,0.24,0.20,1.04,1440.00,13.19,13.81,18.75,13.82,1.0250,1.0447,0.8256,1
191,17,46.29,1.00,0.19,0.16,0.19,0.16,0.93,1440.00,13.19,13.75,18.29,13.89,1.0269,1.0444,0.8256,0
191,18,0.00,0.00,0.00,0.00,0.00,0.00,0.00,,13.19,,16.40,16.40,1.0344,1.0344,0.8256,0
191,19,0.00,0.00,0.00,0.00,0.00,0.00,0.00,,13.19,,16.37,16.37,1.0345,1.0345,0.8256,0
191,20,0.00,0.00,0.00,0.00,0.00,0.00,0.00,,13.19,,16.51,16.51,1.0340,1.0340,0.8256,0
191,21,0.00,0.00,0.00,0.00,0.00,0.00,0.00,,13.19,,16.26,16.26,1.0350,1.0350,0.8256,0
191,22,0.00,0.00,0.00,0.00,0.00,0.00,0.00,,13.19,,16.13,16.13,1.0355,1.0355,0.8256,0
191,23,0.00,0.00,0.00,0.00,0.00,0.00,0.00,,13.19,,15.86,15.86,1.0366,1.0366,0.8256,0
191,24,0.00,0.00,0.00,0.00,0.00,0.00,0.00,,13.19,,15.43,15.43,1.0383,1.0383,0.8256,0
192,1,0.00,0.00,0.00,0.00,0.00,0.00,0.00,,13.18,,15.20,15.20,1.0392,1.0392,0.8256,0
192,2,0.00,0.00,0.00,0.00,0.00,0.00,0.00,,13.18,,15.05,15.05,1.0398,1.0398,0.8256,0
192,3,0.00,0.00,0.00,0.00,0.00,0.00,0.00,,13.18,,14.63,14.63,1.0415,1.0415,0.8256,0
192,4,0.00,0.00,0.00,0.00,0.00,0.00,0.00,,13.18,,14.35,14.35,1.0426,1.0426,0.8256,0
192,5,0.00,0.00,0.00,0.00,0.00,0.00,0.00,,13.18,,14.24,14.24,1.0430,1.0430,0.8256,0
192,6,0.00,0.00,0.00,0.00,0.00,0.00,0.00,,13.18,,14.04,14.04,1.0438,1.0438,0.8256,0
192,7,0.00,0.00,0.00,0.00,0.00,0.00,0.00,,13.18,,14.03,14.03,1.0439,1.0439,0.8256,0
192,8,0.00,0.00,0.00,0.00,0.00,0.00,0.00,,13.18,,14.03,14.03,1.0439,1.0439,0.8256,0
192,9,51.67,0.44,0.22,0.18,0.21,0.18,0.46,1440.00,13.18,13.46,15.83,13.65,1.0367,1.0454,0.8256,0
192,10,625.89,0.26,2.57,2.12,2.41,1.99,3.22,1440.00,13.18,15.11,33.94,18.63,0.9642,1.0255,0.8256,0
192,11,741.59,0.25,3.03,2.50,2.81,2.32,3.77,1440.00,13.18,15.44,37.78,19.88,0.9489,1.0205,0.8256,1
192,12,801.38,0.27,3.26,2.69,3.00,2.48,4.30,1440.00,13.18,15.76,40.90,20.46,0.9364,1.0182,0.8256,1
192,13,807.76,0.28,3.29,2.72,3.01,2.49,4.59,1440.00,13.18,15.93,42.10,20.31,0.9316,1.0188,0.8256,1
192,14,719.00,0.30,2.94,2.43,2.71,2.23,4.31,1440.00,13.18,15.76,39.85,19.37,0.9406,1.0225,0.8256,1
192,15,563.26,0.33,2.32,1.91,2.16,1.78,3.75,1440.00,13.18,15.42,35.75,17.94,0.9570,1.0282,0.8256,1
192,16,338.25,0.41,1.40,1.16,1.33,1.10,2.75,1440.00,13.18,14.82,28.92,15.88,0.9843,1.0365,0.8256,1
192,17,101.64,0.78,0.42,0.35,0.41,0.34,1.59,1440.00,13.18,14.14,21.51,13.94,1.0140,1.0442,0.8256,1
192,18,0.00,0.00,0.00,0.00,0.00,0.00,0.00,,13.18,,17.04,17.04,1.0318,1.0318,0.8256,0
192,19,0.00,0.00,0.00,0.00,0.00,0.00,0.00,,13.18,,16.31,16.31,1.0348,1.0348,0.8256,0
192,20,0.00,0.00,0.00,0.00,0.00,0.00,0.00,,13.18,,16.06,16.06,1.0358,1.0358,0.8256,0
192,21,0.00,0.00,0.00,0.00,0.00,0.00,0.00,,13.18,,15.12,15.12,1.0395,1.0395,0.8256,0
192,22,0.00,0.00,0.00,0.00,0.00,0.00,0.00,,13.18,,14.82,14.82,1.0407,1.0407,0.8256,0
192,23,0.00,0.00,0.00,0.00,0.00,0.00,0.00,,13.18,,14.60,14.60,1.0416,1.0416,0.8256,0
192,24,0.00,0.00,0.00,0.00,0.00,0.00,0.00,,13.18,,14.07,14.07,1.0437,1.0437,0.8256,0
193,1,0.00,0.00,0.00,0.00,0.00,0.00,0.00,,13.18,,13.79,13.79,1.0448,1.0448,0.8256,0
193,2,0.00,0.00,0.00,0.00,0.00,0.00,0.00,,13.18,,13.59,13.59,1.0456,1.0456,0.8256,0
193,3,0.00,0.00,0.00,0.00,0.00,0.00,0.00,,13.18,,13.29,13.29,1.0468,1.0468,0.8256,0
193,4,0.00,0.00,0.00,0.00,0.00,0.00,0.00,,13.18,,13.18,13.18,1.0473,1.0473,0.8256,0
193,5,0.00,0.00,0.00,0.00,0.00,0.00,0.00,,13.18,,12.87,12.87,1.0485,1.0485,0.8256,0
193,6,0.00,0.00,0.00,0.00,0.00,0.00,0.00,,13.18,,12.68,12.68,1.0493,1.0493,0.8256,0
193,7,0.00,0.00,0.00,0.00,0.00,0.00,0.00,,13.18,,12.70,12.70,1.0492,1.0492,0.8256,0
193,8,0.00,0.00,0.00,0.00,0.00,0.00,0.00,,13.18,,12.88,12.88,1.0485,1.0485,0.8256,0
193,9,61.80,0.34,0.26,0.21,0.26,0.21,0.43,1440.00,13.18,13.43,15.59,13.57,1.0376,1.0457,0.8256,0
193,10,503.08,0.28,2.08,1.72,1.98,1.63,2.78,1440.00,13.18,14.84,29.60,16.38,0.9816,1.0345,0.8256,0
193,11,637.75,0.28,2.63,2.17,2.46,2.03,3.55,1440.00,13.18,15.29,34.35,17.51,0.9626,1.0300,0.8256,1
193,12,716.08,0.29,2.94,2.43,2.72,2.24,4.09,1440.00,13.18,15.62,37.80,18.38,0.9488,1.0265,0.8256,1
193,13,727.59,0.29,2.98,2.46,2.75,2.27,4.28,1440.00,13.18,15.73,39.03,18.70,0.9439,1.0252,0.8256,1
193,14,458.14,0.33,1.89,1.56,1.79,1.48,3.02,1440.00,13.18,14.98,31.02,16.65,0.9759,1.0334,0.8256,1
193,15,421.54,0.34,1.74,1.44,1.65,1.36,2.91,1440.00,13.18,14.91,30.33,16.53,0.9787,1.0339,0.8256,1
193,16,211.72,0.45,0.88,0.73,0.85,0.70,1.89,1440.00,13.18,14.31,23.86,14.87,1.0046,1.0405,0.8256,1
193,17,69.25,0.83,0.29,0.24,0.28,0.23,1.15,1440.00,13.18,13.86,19.21,13.74,1.0231,1.0450,0.8256,1
193,18,0.00,0.00,0.00,0.00,0.00,0.00,0.00,,13.18,,16.72,16.72,1.0331,1.0331,0.8256,0
193,19,0.00,0.00,0.00,0.00,0.00,0.00,0.00,,13.18,,16.72,16.72,1.0331,1.0331,0.8256,0
193,20,0.00,0.00,0.00,0.00,0.00,0.00,0.00,,13.18,,16.56,16.56,1.0338,1.0338,0.8256,0
193,21,0.00,0.00,0.00,0.00,0.00,0.00,0.00,,13.18,,15.66,15.66,1.0374,1.0374,0.8256,0
193,22,0.00,0.00,0.00,0.00,0.00,0.00,0.00,,13.18,,15.60,15.60,1.0376,1.0376,0.8256,0
193,23,0.00,0.00,0.00,0.00,0.00,0.00,0.00,,13.18,,15.63,15.63,1.0375,1.0375,0.8256,0
193,24,0.00,0.00,0.00,0.00,0.00,0.00,0.00,,13.18,,15.72,15.72,1.0371,1.0371,0.8256,0
194,1,0.00,0.00,0.00,0.00,0.00,0.00,0.00,,13.17,,15.81,15.81,1.0368,1.0368,0.8256,0
194,2,0.00,0.00,0.00,0.00,0.00,0.00,0.00,,13.17,,15.72,15.72,1.0371,1.0371,0.8256,0
194,3,0.00,0.00,0.00,0.00,0.00,0.00,0.00,,13.17,,15.50,15.50,1.0380,1.0380,0.8256,0
194,4,0.00,0.00,0.00,0.00,0.00,0.00,0.00,,13.17,,15.22,15.22,1.0391,1.0391,0.8256,0
194,5,0.00,0.00,0.00,0.00,0.00,0.00,0.00,,13.17,,14.97,14.97,1.0401,1.0401,0.8256,0
194,6,0.00,0.00,0.00,0.00,0.00,0.00,0.00,,13.17,,14.70,14.70,1.0412,1.0412,0.8256,0
194,7,0.00,0.00,0.00,0.00,0.00,0.00,0.00,,13.17,,14.90,14.90,1.0404,1.0404,0.8256,0
194,8,0.00,0.00,0.00,0.00,0.00,0.00,0.00,,13.17,,15.26,15.26,1.0390,1.0390,0.8256,0
194,9,61.42,0.76,0.26,0.21,0.25,0.21,0.93,1440.00,13.17,13.72,18.06,13.65,1.0278,1.0454,0.8256,0
194,10,461.94,0.32,1.91,1.57,1.80,1.49,2.92,1440.00,13.17,14.91,30.88,17.02,0.9765,1.0319,0.8256,0
194,11,645.48,0.30,2.65,2.19,2.46,2.03,3.84,1440.00,13.17,15.47,36.91,18.66,0.9524,1.0254,0.8256,1
194,12,770.57,0.30,3.14,2.60,2.87,2.37,4.68,1440.00,13.17,15.97,42.17,19.92,0.9313,1.0203,0.8256,1
194,13,725.20,0.32,2.96,2.44,2.71,2.24,4.61,1440.00,13.17,15.92,41.66,19.79,0.9333,1.0208,0.8256,1
194,14,670.09,0.33,2.74,2.26,2.52,2.08,4.42,1440.00,13.17,15.81,40.26,19.29,0.9390,1.0228,0.8256,1
194,15,497.24,0.37,2.05,1.69,1.91,1.57,3.66,1440.00,13.17,15.36,35.22,17.82,0.9591,1.0287,0.8256,1
194,16,263.23,0.49,1.09,0.90,1.04,0.86,2.58,1440.00,13.17,14.71,28.00,15.73,0.9880,1.0371,0.8256,1
194,17,90.46,0.99,0.38,0.31,0.37,0.30,1.80,1440.00,13.17,14.24,22.64,14.10,1.0095,1.0436,0.8256,1
194,18,0.00,0.00,0.00,0.00,0.00,0.00,0.00,,13.17,,19.10,19.10,1.0236,1.0236,0.8256,0
194,19,0.00,0.00,0.00,0.00,0.00,0.00,0.00,,13.17,,18.77,18.77,1.0249,1.0249,0.8256,0
194,20,0.00,0.00,0.00,0.00,0.00,0.00,0.00,,13.17,,18.48,18.48,1.0261,1.0261,0.8256,0
194,21,0.00,0.00,0.00,0.00,0.00,0.00,0.00,,13.17,,17.27,17.27,1.0309,1.0309,0.8256,0
194,22,0.00,0.00,0.00,0.00,0.00,0.00,0.00,,13.17,,16.98,16.98,1.0321,1.0321,0.8256,0
194,23,0.00,0.00,0.00,0.00,0.00,0.00,0.00,,13.17,,16.65,16.65,1.0334,1.0334,0.8256,0
194,24,0.00,0.00,0.00,0.00,0.00,0.00,0.00,,13.17,,15.66,15.66,1.0374,1.0374,0.8256,0
195,1,0.00,0.00,0.00,0.00,0.00,0.00,0.00,,13.16,,15.29,15.29,1.0388,1.0388,0.8256,0
195,2,0.00,0.00,0.00,0.00,0.00,0.00,0.00,,13.16,,14.92,14.92,1.0403,1.0403,0.8256,0
195,3,0.00,0.00,0.00,0.00,0.00,0.00,0.00,,13.16,,14.00,14.00,1.0440,1.0440,0.8256,0
195,4,0.00,0.00,0.00,0.00,0.00,0.00,0.00,,13.16,,13.61,13.61,1.0456,1.0456,0.8256,0
195,5,0.00,0.00,0.00,0.00,0.00,0.00,0.00,,13.16,,13.33,13.33,1.0467,1.0467,0.8256,0
195,6,0.00,0.00,0.00,0.00,0.00,0.00,0.00,,13.16,,12.64,12.64,1.0494,1.0494,0.8256,0
195,7,0.00,0.00,0.00,0.00,0.00,0.00,0.00,,13.16,,12.68,12.68,1.0493,1.0493,0.8256,0
195,8,0.00,0.00,0.00,0.00,0.00,0.00,0.00,,13.16,,12.63,12.63,1.0495,1.0495,0.8256,0
195,9,52.43,0.37,0.22,0.18,0.22,0.18,0.39,1440.00,13.16,13.40,15.44,13.58,1.0382,1.0457,0.8256,0
195,10,604.51,0.26,2.49,2.05,2.34,1.93,3.18,1440.00,13.16,15.06,33.11,18.01,0.9676,1.0280,0.8256,0
195,11,715.06,0.26,2.93,2.42,2.72,2.25,3.77,1440.00,13.16,15.42,37.15,19.24,0.9514,1.0230,0.8256,1
195,12,812.93,0.27,3.31,2.73,3.04,2.51,4.42,1440.00,13.16,15.81,41.47,20.46,0.9341,1.0181,0.8256,1
195,13,797.75,0.28,3.25,2.68,2.98,2.46,4.47,1440.00,13.16,15.84,41.69,20.45,0.9332,1.0182,0.8256,1
195,14,722.79,0.29,2.95,2.44,2.72,2.25,4.26,1440.00,13.16,15.71,39.75,19.54,0.9410,1.0219,0.8256,1
195,15,547.62,0.32,2.25,1.86,2.11,1.74,3.54,1440.00,13.16,15.28,34.69,17.87,0.9612,1.0285,0.8256,1
195,16,347.94,0.38,1.44,1.19,1.37,1.13,2.63,1440.00,13.16,14.74,28.61,16.12,0.9855,1.0355,0.8256,1
195,17,107.02,0.70,0.45,0.37,0.43,0.36,1.49,1440.00,13.16,14.05,21.11,14.03,1.0155,1.0439,0.8256,1
195,18,0.00,0.00,0.00,0.00,0.00,0.00,0.00,,13.16,,16.34,16.34,1.0346,1.0346,0.8256,0
195,19,0.00,0.00,0.00,0.00,0.00,0.00,0.00,,13.16,,15.88,15.88,1.0365,1.0365,0.8256,0
195,20,0.00,0.00,0.00,0.00,0.00,0.00,0.00,,13.16,,15.88,15.88,1.0365,1.0365,0.8256,0
195,21,0.00,0.00,0.00,0.00,0.00,0.00,0.00,,13.16,,14.07,14.07,1.0437,1.0437,0.8256,0
195,22,0.00,0.00,0.00,0.00,0.00,0.00,0.00,,13.16,,13.71,13.71,1.0452,1.0452,0.8256,0
195,23,0.00,0.00,0.00,0.00,0.00,0.00,0.00,,13.16,,13.44,13.44,1.0462,1.0462,0.8256,0
195,24,0.00,0.00,0.00,0.00,0.00,0.00,0.00,,13.16,,12.69,12.69,1.0492,1.0492,0.8256,0
196,1,0.00,0.00,0.00,0.00,0.00,0.00,0.00,,13.16,,12.46,12.46,1.0502,1.0502,0.8256,0
196,2,0.00,0.00,0.00,0.00,0.00,0.00,0.00,,13.16,,12.32,12.32,1.0507,1.0507,0.8256,0
196,3,0.00,0.00,0.00,0.00,0.00,0.00,0.00,,13.16,,12.16,12.16,1.0514,1.0514,0.8256,0
196,4,0.00,0.00,0.00,0.00,0.00,0.00,0.00,,13.16,,11.92,11.92,1.0523,1.0523,0.8256,0
196,5,0.00,0.00,0.00,0.00,0.00,0.00,0.00,,13.16,,11.56,11.56,1.0538,1.0538,0.8256,0
196,6,0.00,0.00,0.00,0.00,0.00,0.00,0.00,,13.16,,10.83,10.83,1.0567,1.0567,0.8256,0
196,7,0.00,0.00,0.00,0.00,0.00,0.00,0.00,,13.16,,10.83,10.83,1.0567,1.0567,0.8256,0
196,8,0.00,0.00,0.00,0.00,0.00,0.00,0.00,,13.16,,10.76,10.76,1.0570,1.0570,0.8256,0
196,9,58.16,0.03,0.24,0.20,0.24,0.20,0.03,1440.00,13.16,13.18,13.85,13.69,1.0446,1.0452,0.8256,0
196,10,594.14,0.21,2.43,2.01,2.32,1.92,2.47,1440.00,13.16,14.64,30.67,18.94,0.9773,1.0243,0.8256,0
196,11,743.11,0.21,3.02,2.50,2.85,2.35,3.09,1440.00,13.16,15.01,35.46,20.78,0.9582,1.0169,0.8256,1
196,12,786.97,0.23,3.19,2.64,2.98,2.46,3.57,1440.00,13.16,15.29,38.35,21.40,0.9466,1.0144,0.8256,1
196,13,781.55,0.24,3.18,2.62,2.95,2.44,3.80,1440.00,13.16,15.43,39.13,21.09,0.9435,1.0156,0.8256,1
196,14,698.09,0.26,2.85,2.35,2.66,2.20,3.60,1440.00,13.16,15.31,36.96,19.87,0.9522,1.0205,0.8256,1
196,15,546.44,0.28,2.24,1.85,2.12,1.75,3.01,1440.00,13.16,14.96,32.58,18.27,0.9697,1.0269,0.8256,1
196,16,305.16,0.31,1.26,1.04,1.22,1.01,1.89,1440.00,13.16,14.29,25.06,16.08,0.9998,1.0357,0.8256,1
196,17,106.50,0.44,0.44,0.37,0.44,0.36,0.93,1440.00,13.16,13.72,18.62,14.19,1.0255,1.0432,0.8256,1
196,18,0.00,0.00,0.00,0.00,0.00,0.00,0.00,,13.16,,13.80,13.80,1.0448,1.0448,0.8256,0
196,19,0.00,0.00,0.00,0.00,0.00,0.00,0.00,,13.16,,12.86,12.86,1.0486,1.0486,0.8256,0
196,20,0.00,0.00,0.00,0.00,0.00,0.00,0.00,,13.16,,12.34,12.34,1.0506,1.0506,0.8256,0
196,21,0.00,0.00,0.00,0.00,0.00,0.00,0.00,,13.16,,11.36,11.36,1.0546,1.0546,0.8256,0
196,22,0.00,0.00,0.00,0.00,0.00,0.00,0.00,,13.16,,10.96,10.96,1.0562,1.0562,0.8256,0
196,23,0.00,0.00,0.00,0.00,0.00,0.00,0.00,,13.16,,10.70,10.70,1.0572,1.0572,0.8256,0
196,24,0.00,0.00,0.00,0.00,0.00,0.00,0.00,,13.16,,10.29,10.29,1.0588,1.0588,0.8256,0
197,1,0.00,0.00,0.00,0.00,0.00,0.00,0.00,,13.16,,10.11,10.11,1.0596,1.0596,0.8256,0
197,2,0.00,0.00,0.00,0.00,0.00,0.00,0.00,,13.16,,10.09,10.09,1.0596,1.0596,0.8256,0
197,3,0.00,0.00,0.00,0.00,0.00,0.00,0.00,,13.16,,10.03,10.03,1.0599,1.0599,0.8256,0
197,4,0.00,0.00,0.00,0.00,0.00,0.00,0.00,,13.16,,10.04,10.04,1.0598,1.0598,0.8256,0
197,5,0.00,0.00,0.00,0.00,0.00,0.00,0.00,,13.16,,10.08,10.08,1.0597,1.0597,0.8256,0
197,6,0.00,0.00,0.00,0.00,0.00,0.00,0.00,,13.16,,9.85,9.85,1.0606,1.0606,0.8256,0
197,7,0.00,0.00,0.00,0.00,0.00,0.00,0.00,,13.16,,9.93,9.93,1.0603,1.0603,0.8256,0
197,8,0.00,0.00,0.00,0.00,0.00,0.00,0.00,,13.16,,10.00,10.00,1.0600,1.0600,0.8256,0
197,9,52.57,0.00,0.22,0.18,0.22,0.18,0.00,,13.16,,13.45,13.45,1.0462,1.0462,0.8256,0
197,10,615.35,0.24,2.53,2.09,2.40,1.98,2.92,1440.00,13.16,14.90,31.48,17.60,0.9741,1.0296,0.8256,0
197,11,744.24,0.25,3.06,2.52,2.85,2.35,3.76,1440.00,13.16,15.40,36.07,18.21,0.9557,1.0271,0.8256,1
197,12,812.01,0.28,3.33,2.75,3.06,2.52,4.51,1440.00,13.16,15.85,39.81,18.41,0.9408,1.0264,0.8256,1
197,13,806.70,0.30,3.32,2.74,3.02,2.49,4.85,1440.00,13.16,16.06,41.02,17.99,0.9359,1.0280,0.8256,1
197,14,722.16,0.32,2.98,2.46,2.73,2.25,4.59,1440.00,13.16,15.90,38.80,16.99,0.9448,1.0321,0.8256,1
197,15,567.85,0.34,2.35,1.94,2.19,1.80,3.91,1440.00,13.16,15.49,34.45,15.90,0.9622,1.0364,0.8256,1
197,16,348.84,0.38,1.45,1.20,1.38,1.14,2.62,1440.00,13.16,14.73,27.59,15.14,0.9896,1.0395,0.8256,1
197,17,111.22,0.59,0.46,0.38,0.45,0.37,1.30,1440.00,13.16,13.94,20.06,13.86,1.0198,1.0446,0.8256,1
197,18,0.00,0.00,0.00,0.00,0.00,0.00,0.00,,13.16,,15.29,15.29,1.0388,1.0388,0.8256,0
197,19,0.00,0.00,0.00,0.00,0.00,0.00,0.00,,13.16,,14.75,14.75,1.0410,1.0410,0.8256,0
197,20,0.00,0.00,0.00,0.00,0.00,0.00,0.00,,13.16,,14.87,14.87,1.0405,1.0405,0.8256,0
197,21,0.00,0.00,0.00,0.00,0.00,0.00,0.00,,13.16,,14.00,14.00,1.0440,1.0440,0.8256,0
197,22,0.00,0.00,0.00,0.00,0.00,0.00,0.00,,13.16,,13.97,13.97,1.0441,1.0441,0.8256,0
197,23,0.00,0.00,0.00,0.00,0.00,0.00,0.00,,13.16,,13.94,13.94,1.0442,1.0442,0.8256,0
197,24,0.00,0.00,0.00,0.00,0.00,0.00,0.00,,13.16,,13.31,13.31,1.0468,1.0468,0.8256,0
198,1,0.00,0.00,0.00,0.00,0.00,0.00,0.00,,13.16,,13.03,13.03,1.0479,1.0479,0.8256,0
198,2,0.00,0.00,0.00,0.00,0.00,0.00,0.00,,13.16,,12.43,12.43,1.0503,1.0503,0.8256,0
198,3,0.00,0.00,0.00,0.00,0.00,0.00,0.00,,13.16,,11.47,11.47,1.0541,1.0541,0.8256,0
198,4,0.00,0.00,0.00,0.00,0.00,0.00,0.00,,13.16,,11.05,11.05,1.0558,1.0558,0.8256,0
198,5,0.00,0.00,0.00,0.00,0.00,0.00,0.00,,13.16,,11.02,11.02,1.0559,1.0559,0.8256,0
198,6,0.00,0.00,0.00,0.00,0.00,0.00,0.00,,13.16,,10.95,10.95,1.0562,1.0562,0.8256,0
198,7,0.00,0.00,0.00,0.00,0.00,0.00,0.00,,13.16,,11.13,11.13,1.0555,1.0555,0.8256,0
198,8,0.00,0.00,0.00,0.00,0.00,0.00,0.00,,13.16,,11.12,11.12,1.0555,1.0555,0.8256,0
198,9,52.86,0.04,0.22,0.18,0.22,0.18,0.05,1440.00,13.16,13.19,13.78,13.56,1.0449,1.0457,0.8256,0
198,10,618.51,0.23,2.54,2.10,2.41,1.99,2.84,1440.00,13.16,14.85,31.42,17.95,0.9743,1.0282,0.8256,0
198,11,757.47,0.24,3.10,2.56,2.89,2.39,3.63,1440.00,13.16,15.33,36.26,19.03,0.9550,1.0239,0.8256,1
198,12,825.61,0.27,3.37,2.79,3.09,2.55,4.48,1440.00,13.16,15.83,40.86,19.60,0.9366,1.0216,0.8256,1
198,13,818.07,0.29,3.34,2.76,3.05,2.52,4.78,1440.00,13.16,16.01,42.24,19.54,0.9310,1.0218,0.8256,1
198,14,735.36,0.31,3.01,2.49,2.76,2.28,4.51,1440.00,13.16,15.85,40.23,18.82,0.9391,1.0247,0.8256,1
198,15,576.91,0.34,2.38,1.96,2.20,1.82,3.91,1440.00,13.16,15.49,36.16,17.60,0.9554,1.0296,0.8256,1
198,16,357.06,0.40,1.48,1.22,1.40,1.16,2.86,1440.00,13.16,14.87,29.58,15.98,0.9817,1.0361,0.8256,1
198,17,113.89,0.73,0.48,0.39,0.46,0.38,1.67,1440.00,13.16,14.16,22.02,14.08,1.0119,1.0437,0.8256,1
198,18,0.00,0.00,0.00,0.00,0.00,0.00,0.00,,13.16,,16.89,16.89,1.0324,1.0324,0.8256,0
198,19,0.00,0.00,0.00,0.00,0.00,0.00,0.00,,13.16,,16.00,16.00,1.0360,1.0360,0.8256,0
198,20,0.00,0.00,0.00,0.00,0.00,0.00,0.00,,13.16,,15.77,15.77,1.0369,1.0369,0.8256,0
198,21,0.00,0.00,0.00,0.00,0.00,0.00,0.00,,13.16,,14.57,14.57,1.0417,1.0417,0.8256,0
198,22,0.00,0.00,0.00,0.00,0.00,0.00,0.00,,13.16,,14.17,14.17,1.0433,1.0433,0.8256,0
198,23,0.00,0.00,0.00,0.00,0.00,0.00,0.00,,13.16,,13.57,13.57,1.0457,1.0457,0.8256,0
198,24,0.00,0.00,0.00,0.00,0.00,0.00,0.00,,13.16,,12.66,12.66,1.0494,1.0494,0.8256,0
199,1,0.00,0.00,0.00,0.00,0.00,0.00,0.00,,13.16,,12.32,12.32,1.0507,1.0507,0.8256,0
199,2,0.00,0.00,0.00,0.00,0.00,0.00,0.00,,13.16,,12.16,12.16,1.0514,1.0514,0.8256,0
199,3,0.00,0.00,0.00,0.00,0.00,0.00,0.00,,13.16,,12.07,12.07,1.0517,1.0517,0.8256,0
199,4,0.00,0.00,0.00,0.00,0.00,0.00,0.00,,13.16,,11.89,11.89,1.0524,1.0524,0.8256,0
199,5,0.00,0.00,0.00,0.00,0.00,0.00,0.00,,13.16,,11.59,11.59,1.0536,1.0536,0.8256,0
199,6,0.00,0.00,0.00,0.00,0.00,0.00,0.00,,13.16,,11.18,11.18,1.0553,1.0553,0.8256,0
199,7,0.00,0.00,0.00,0.00,0.00,0.00,0.00,,13.16,,11.11,11.11,1.0556,1.0556,0.8256,0
199,8,0.00,0.00,0.00,0.00,0.00,0.00,0.00,,13.16,,11.10,11.10,1.0556,1.0556,0.8256,0
199,9,78.13,0.21,0.33,0.27,0.32,0.27,0.32,1440.00,13.16,13.35,15.37,13.84,1.0385,1.0446,0.8256,0
199,10,488.80,0.24,2.02,1.66,1.93,1.59,2.31,1440.00,13.16,14.54,28.24,17.29,0.9871,1.0309,0.8256,0
199,11,613.99,0.25,2.52,2.08,2.38,1.97,3.01,1440.00,13.16,14.96,32.37,18.05,0.9705,1.0278,0.8256,1
199,12,683.13,0.27,2.80,2.32,2.61,2.15,3.75,1440.00,13.16,15.40,36.24,18.42,0.9550,1.0263,0.8256,1
199,13,693.67,0.30,2.85,2.35,2.63,2.17,4.14,1440.00,13.16,15.63,37.85,18.20,0.9486,1.0272,0.8256,1
199,14,671.04,0.31,2.76,2.28,2.55,2.11,4.17,1440.00,13.16,15.65,37.50,17.72,0.9500,1.0291,0.8256,1
199,15,544.58,0.34,2.25,1.86,2.10,1.73,3.67,1440.00,13.16,15.35,34.11,16.66,0.9636,1.0334,0.8256,1
199,16,348.76,0.39,1.45,1.20,1.38,1.14,2.73,1440.00,13.16,14.79,28.28,15.30,0.9869,1.0388,0.8256,1
199,17,110.12,0.68,0.46,0.38,0.45,0.37,1.50,1440.00,13.16,14.05,20.95,13.84,1.0162,1.0447,0.8256,1
199,18,0.00,0.00,0.00,0.00,0.00,0.00,0.00,,13.16,,15.73,15.73,1.0371,1.0371,0.8256,0
199,19,0.00,0.00,0.00,0.00,0.00,0.00,0.00,,13.16,,15.08,15.08,1.0397,1.0397,0.8256,0
199,20,0.00,0.00,0.00,0.00,0.00,0.00,0.00,,13.16,,16.11,16.11,1.0356,1.0356,0.8256,0
199,21,0.00,0.00,0.00,0.00,0.00,0.00,0.00,,13.16,,14.27,14.27,1.0429,1.0429,0.8256,0
199,22,0.00,0.00,0.00,0.00,0.00,0.00,0.00,,13.16,,13.87,13.87,1.0445,1.0445,0.8256,0
199,23,0.00,0.00,0.00,0.00,0.00,0.00,0.00,,13.16,,13.44,13.44,1.0462,1.0462,0.8256,0
199,24,0.00,0.00,0.00,0.00,0.00,0.00,0.00,,13.16,,12.68,12.68,1.0493,1.0493,0.8256,0
200,1,0.00,0.00,0.00,0.00,0.00,0.00,0.00,,13.16,,12.25,12.25,1.0510,1.0510,0.8256,0
200,2,0.00,0.00,0.00,0.00,0.00,0.00,0.00,,13.16,,11.86,11.86,1.0526,1.0526,0.8256,0
200,3,0.00,0.00,0.00,0.00,0.00,0.00,0.00,,13.16,,11.11,11.11,1.0556,1.0556,0.8256,0
200,4,0.00,0.00,0.00,0.00,0.00,0.00,0.00,,13.16,,10.86,10.86,1.0566,1.0566,0.8256,0
200,5,0.00,0.00,0.00,0.00,0.00,0.00,0.00,,13.16,,10.70,10.70,1.0572,1.0572,0.8256,0
200,6,0.00,0.00,0.00,0.00,0.00,0.00,0.00,,13.16,,10.43,10.43,1.0583,1.0583,0.8256,0
200,7,0.00,0.00,0.00,0.00,0.00,0.00,0.00,,13.16,,10.45,10.45,1.0582,1.0582,0.8256,0
200,8,0.00,0.00,0.00,0.00,0.00,0.00,0.00,,13.16,,10.49,10.49,1.0580,1.0580,0.8256,0
200,9,64.78,0.00,0.27,0.22,0.27,0.22,0.00,,13.16,,13.73,13.73,1.0451,1.0451,0.8256,0
200,10,405.17,0.19,1.67,1.38,1.63,1.34,1.51,1440.00,13.16,14.06,24.32,17.17,1.0027,1.0313,0.8256,0
200,11,575.79,0.19,2.36,1.95,2.26,1.87,2.22,1440.00,13.16,14.49,29.66,19.13,0.9813,1.0235,0.8256,1
200,12,561.01,0.21,2.30,1.90,2.20,1.82,2.31,1440.00,13.16,14.54,30.00,19.04,0.9800,1.0239,0.8256,1
200,13,534.99,0.21,2.19,1.81,2.10,1.73,2.30,1440.00,13.16,14.53,29.85,18.93,0.9806,1.0243,0.8256,1
200,14,521.35,0.22,2.14,1.76,2.05,1.69,2.25,1440.00,13.16,14.50,29.67,19.01,0.9813,1.0240,0.8256,1
200,15,460.81,0.22,1.89,1.56,1.82,1.50,2.05,1440.00,13.16,14.39,28.08,18.33,0.9877,1.0267,0.8256,1
200,16,238.88,0.25,0.99,0.82,0.97,0.80,1.20,1440.00,13.16,13.88,21.43,15.73,1.0143,1.0371,0.8256,1
200,17,99.86,0.32,0.42,0.34,0.41,0.34,0.64,1440.00,13.16,13.54,17.24,14.22,1.0310,1.0431,0.8256,1
200,18,0.05,1.00,0.00,0.00,0.00,0.00,0.00,1440.00,13.16,13.16,13.45,13.45,1.0462,1.0462,0.8256,0
200,19,0.00,0.00,0.00,0.00,0.00,0.00,0.00,,13.16,,13.11,13.11,1.0476,1.0476,0.8256,0
200,20,0.00,0.00,0.00,0.00,0.00,0.00,0.00,,13.16,,13.02,13.02,1.0479,1.0479,0.8256,0
200,21,0.00,0.00,0.00,0.00,0.00,0.00,0.00,,13.16,,12.39,12.39,1.0504,1.0504,0.8256,0
200,22,0.00,0.00,0.00,0.00,0.00,0.00,0.00,,13.16,,12.45,12.45,1.0502,1.0502,0.8256,0
200,23,0.00,0.00,0.00,0.00,0.00,0.00,0.00,,13.16,,12.40,12.40,1.0504,1.0504,0.8256,0
200,24,0.00,0.00,0.00,0.00,0.00,0.00,0.00,,13.16,,11.84,11.84,1.0526,1.0526,0.8256,0
201,1,0.00,0.00,0.00,0.00,0.00,0.00,0.00,,13.16,,11.74,11.74,1.0530,1.0530,0.8256,0
201,2,0.00,0.00,0.00,0.00,0.00,0.00,0.00,,13.16,,11.57,11.57,1.0537,1.0537,0.8256,0
201,3,0.00,0.00,0.00,0.00,0.00,0.00,0.00,,13.16,,10.99,10.99,1.0560,1.0560,0.8256,0
201,4,0.00,0.00,0.00,0.00,0.00,0.00,0.00,,13.16,,10.79,10.79,1.0568,1.0568,0.8256,0
201,5,0.00,0.00,0.00,0.00,0.00,0.00,0.00,,13.16,,10.63,10.63,1.0575,1.0575,0.8256,0
201,6,0.00,0.00,0.00,0.00,0.00,0.00,0.00,,13.16,,10.27,10.27,1.0589,1.0589,0.8256,0
201,7,0.00,0.00,0.00,0.00,0.00,0.00,0.00,,13.16,,9.98,9.98,1.0601,1.0601,0.8256,0
201,8,0.00,0.00,0.00,0.00,0.00,0.00,0.00,,13.16,,9.75,9.75,1.0610,1.0610,0.8256,0
201,9,55.18,0.00,0.23,0.19,0.23,0.19,0.00,,13.16,,12.73,12.73,1.0491,1.0491,0.8256,0
201,10,604.13,0.21,2.48,2.05,2.37,1.95,2.49,1440.00,13.16,14.65,30.14,18.30,0.9794,1.0268,0.8256,0
201,11,711.27,0.22,2.91,2.40,2.74,2.27,3.07,1440.00,13.16,15.00,33.89,19.32,0.9645,1.0227,0.8256,1
201,12,763.74,0.24,3.12,2.57,2.91,2.40,3.63,1440.00,13.16,15.33,37.19,19.94,0.9513,1.0202,0.8256,1
201,13,745.18,0.25,3.04,2.51,2.83,2.33,3.76,1440.00,13.16,15.41,37.83,19.97,0.9487,1.0201,0.8256,1
201,14,673.05,0.26,2.75,2.27,2.58,2.13,3.44,1440.00,13.16,15.22,35.81,19.46,0.9567,1.0222,0.8256,1
201,15,518.21,0.27,2.13,1.76,2.02,1.67,2.80,1440.00,13.16,14.84,31.43,18.15,0.9743,1.0274,0.8256,1
201,16,330.04,0.30,1.37,1.13,1.32,1.09,1.96,1440.00,13.16,14.33,25.68,16.39,0.9973,1.0344,0.8256,1
201,17,113.71,0.44,0.47,0.39,0.47,0.38,1.00,1440.00,13.16,13.76,19.00,14.27,1.0240,1.0429,0.8256,1
201,18,0.05,1.00,0.00,0.00,0.00,0.00,0.00,1440.00,13.16,13.17,14.49,14.49,1.0420,1.0421,0.8256,0
201,19,0.00,0.00,0.00,0.00,0.00,0.00,0.00,,13.16,,14.26,14.26,1.0430,1.0430,0.8256,0
201,20,0.00,0.00,0.00,0.00,0.00,0.00,0.00,,13.16,,14.26,14.26,1.0430,1.0430,0.8256,0
201,21,0.00,0.00,0.00,0.00,0.00,0.00,0.00,,13.16,,13.89,13.89,1.0444,1.0444,0.8256,0
201,22,0.00,0.00,0.00,0.00,0.00,0.00,0.00,,13.16,,13.67,13.67,1.0453,1.0453,0.8256,0
201,23,0.00,0.00,0.00,0.00,0.00,0.00,0.00,,13.16,,13.77,13.77,1.0449,1.0449,0.8256,0
201,24,0.00,0.00,0.00,0.00,0.00,0.00,0.00,,13.16,,13.60,13.60,1.0456,1.0456,0.8256,0
202,1,0.00,0.00,0.00,0.00,0.00,0.00,0.00,,13.17,,13.59,13.59,1.0456,1.0456,0.8256,0
202,2,0.00,0.00,0.00,0.00,0.00,0.00,0.00,,13.17,,13.38,13.38,1.0465,1.0465,0.8256,0
202,3,0.00,0.00,0.00,0.00,0.00,0.00,0.00,,13.17,,13.38,13.38,1.0465,1.0465,0.8256,0
202,4,0.00,0.00,0.00,0.00,0.00,0.00,0.00,,13.17,,13.43,13.43,1.0463,1.0463,0.8256,0
202,5,0.00,0.00,0.00,0.00,0.00,0.00,0.00,,13.17,,13.44,13.44,1.0462,1.0462,0.8256,0
202,6,0.00,0.00,0.00,0.00,0.00,0.00,0.00,,13.17,,13.66,13.66,1.0454,1.0454,0.8256,0
202,7,0.00,0.00,0.00,0.00,0.00,0.00,0.00,,13.17,,13.68,13.68,1.0453,1.0453,0.8256,0
202,8,18.69,0.47,0.08,0.06,0.08,0.06,0.17,1440.00,13.17,13.27,14.22,13.39,1.0431,1.0464,0.8256,0
202,9,54.84,0.41,0.23,0.19,0.23,0.19,0.45,1440.00,13.17,13.44,15.92,13.80,1.0363,1.0448,0.8256,0
202,10,563.52,0.22,2.30,1.90,2.19,1.81,2.51,1440.00,13.17,14.67,31.68,19.76,0.9733,1.0210,0.8256,0
202,11,447.45,0.23,1.84,1.52,1.77,1.46,2.02,1440.00,13.17,14.38,28.15,18.57,0.9874,1.0257,0.8256,1
202,12,437.05,0.23,1.79,1.48,1.73,1.43,2.01,1440.00,13.17,14.37,28.08,18.51,0.9877,1.0259,0.8256,1
202,13,382.62,0.24,1.57,1.30,1.52,1.26,1.84,1440.00,13.17,14.27,26.56,17.83,0.9938,1.0287,0.8256,1
202,14,345.46,0.24,1.42,1.18,1.38,1.14,1.67,1440.00,13.17,14.17,25.33,17.39,0.9987,1.0304,0.8256,1
202,15,304.16,0.25,1.26,1.04,1.22,1.01,1.53,1440.00,13.17,14.08,24.19,16.92,1.0033,1.0323,0.8256,1
202,16,171.67,0.30,0.71,0.59,0.70,0.58,1.02,1440.00,13.17,13.78,20.14,15.29,1.0194,1.0389,0.8256,1
202,17,59.52,0.48,0.25,0.21,0.25,0.20,0.57,1440.00,13.17,13.51,16.59,13.89,1.0336,1.0444,0.8256,1
202,18,0.05,1.00,0.00,0.00,0.00,0.00,0.00,1440.00,13.17,13.17,14.18,14.18,1.0433,1.0433,0.8256,0
202,19,0.00,0.00,0.00,0.00,0.00,0.00,0.00,,13.17,,14.17,14.17,1.0433,1.0433,0.8256,0
202,20,0.00,0.00,0.00,0.00,0.00,0.00,0.00,,13.17,,14.16,14.16,1.0434,1.0434,0.8256,0
202,21,0.00,0.00,0.00,0.00,0.00,0.00,0.00,,13.17,,13.88,13.88,1.0445,1.0445,0.8256,0
202,22,0.00,0.00,0.00,0.00,0.00,0.00,0.00,,13.17,,13.82,13.82,1.0447,1.0447,0.8256,0
202,23,0.00,0.00,0.00,0.00,0.00,0.00,0.00,,13.17,,13.85,13.85,1.0446,1.0446,0.8256,0
202,24,0.00,0.00,0.00,0.00,0.00,0.00,0.00,,13.17,,13.48,13.48,1.0461,1.0461,0.8256,0
203,1,0.00,0.00,0.00,0.00,0.00,0.00,0.00,,13.18,,12.80,12.80,1.0488,1.0488,0.8256,0
203,2,0.00,0.00,0.00,0.00,0.00,0.00,0.00,,13.18,,12.59,12.59,1.0496,1.0496,0.8256,0
203,3,0.00,0.00,0.00,0.00,0.00,0.00,0.00,,13.18,,12.35,12.35,1.0506,1.0506,0.8256,0
203,4,0.00,0.00,0.00,0.00,0.00,0.00,0.00,,13.18,,11.83,11.83,1.0527,1.0527,0.8256,0
203,5,0.00,0.00,0.00,0.00,0.00,0.00,0.00,,13.18,,11.77,11.77,1.0529,1.0529,0.8256,0
203,6,0.00,0.00,0.00,0.00,0.00,0.00,0.00,,13.18,,11.89,11.89,1.0524,1.0524,0.8256,0
203,7,0.00,0.00,0.00,0.00,0.00,0.00,0.00,,13.18,,12.01,12.01,1.0520,1.0520,0.8256,0
203,8,20.02,0.00,0.08,0.07,0.08,0.07,0.00,,13.18,,13.05,13.05,1.0478,1.0478,0.8256,0
203,9,63.36,0.30,0.26,0.22,0.26,0.22,0.39,1440.00,13.18,13.41,15.61,13.78,1.0376,1.0449,0.8256,0
203,10,290.14,0.24,1.20,0.99,1.17,0.97,1.40,1440.00,13.18,14.01,22.60,15.94,1.0096,1.0363,0.8256,0
203,11,446.31,0.24,1.84,1.52,1.77,1.46,2.10,1440.00,13.18,14.43,27.50,17.52,0.9900,1.0299,0.8256,1
203,12,515.22,0.25,2.11,1.75,2.01,1.66,2.56,1440.00,13.18,14.71,30.62,18.46,0.9775,1.0262,0.8256,1
203,13,425.81,0.26,1.75,1.45,1.68,1.39,2.25,1440.00,13.18,14.52,28.25,17.57,0.9870,1.0297,0.8256,1
203,14,331.43,0.27,1.37,1.13,1.32,1.09,1.82,1440.00,13.18,14.27,25.25,16.59,0.9990,1.0336,0.8256,1
203,15,341.33,0.27,1.41,1.16,1.36,1.13,1.83,1440.00,13.18,14.27,25.35,16.66,0.9986,1.0334,0.8256,1
203,16,214.14,0.30,0.89,0.73,0.87,0.72,1.28,1440.00,13.18,13.94,21.43,15.34,1.0143,1.0386,0.8256,1
203,17,56.07,0.52,0.23,0.19,0.23,0.19,0.59,1440.00,13.18,13.53,16.53,13.74,1.0339,1.0451,0.8256,1
203,18,0.09,1.00,0.00,0.00,0.00,0.00,0.00,1440.00,13.18,13.18,14.31,14.30,1.0427,1.0428,0.8256,0
203,19,0.00,0.00,0.00,0.00,0.00,0.00,0.00,,13.18,,14.13,14.13,1.0435,1.0435,0.8256,0
203,20,0.00,0.00,0.00,0.00,0.00,0.00,0.00,,13.18,,14.18,14.18,1.0433,1.0433,0.8256,0
203,21,0.00,0.00,0.00,0.00,0.00,0.00,0.00,,13.18,,14.15,14.15,1.0434,1.0434,0.8256,0
203,22,0.00,0.00,0.00,0.00,0.00,0.00,0.00,,13.18,,14.16,14.16,1.0434,1.0434,0.8256,0
203,23,0.00,0.00,0.00,0.00,0.00,0.00,0.00,,13.18,,14.04,14.04,1.0438,1.0438,0.8256,0
203,24,0.00,0.00,0.00,0.00,0.00,0.00,0.00,,13.18,,13.80,13.80,1.0448,1.0448,0.8256,0
204,1,0.00,0.00,0.00,0.00,0.00,0.00,0.00,,13.18,,13.80,13.80,1.0448,1.0448,0.8256,0
204,2,0.00,0.00,0.00,0.00,0.00,0.00,0.00,,13.18,,13.74,13.74,1.0450,1.0450,0.8256,0
204,3,0.00,0.00,0.00,0.00,0.00,0.00,0.00,,13.18,,13.57,13.57,1.0457,1.0457,0.8256,0
204,4,0.00,0.00,0.00,0.00,0.00,0.00,0.00,,13.18,,13.53,13.53,1.0459,1.0459,0.8256,0
204,5,0.00,0.00,0.00,0.00,0.00,0.00,0.00,,13.18,,13.31,13.31,1.0468,1.0468,0.8256,0
204,6,0.00,0.00,0.00,0.00,0.00,0.00,0.00,,13.18,,12.94,12.94,1.0482,1.0482,0.8256,0
204,7,0.00,0.00,0.00,0.00,0.00,0.00,0.00,,13.18,,13.03,13.03,1.0479,1.0479,0.8256,0
204,8,20.96,0.18,0.09,0.07,0.09,0.07,0.07,1440.00,13.18,13.23,13.75,13.39,1.0450,1.0464,0.8256,0
204,9,69.04,0.34,0.29,0.24,0.29,0.24,0.47,1440.00,13.18,13.47,16.06,13.81,1.0358,1.0448,0.8256,0
204,10,343.02,0.26,1.42,1.17,1.37,1.13,1.79,1440.00,13.18,14.25,24.80,16.30,1.0008,1.0348,0.8256,0
204,11,448.23,0.26,1.85,1.53,1.77,1.46,2.32,1440.00,13.18,14.57,28.35,17.33,0.9866,1.0307,0.8256,1
204,12,484.98,0.27,2.00,1.65,1.90,1.57,2.58,1440.00,13.18,14.72,30.06,17.82,0.9798,1.0287,0.8256,1
204,13,479.24,0.28,1.97,1.63,1.88,1.55,2.65,1440.00,13.18,14.77,30.44,17.87,0.9783,1.0285,0.8256,1
204,14,404.99,0.29,1.67,1.38,1.60,1.32,2.31,1440.00,13.18,14.57,28.12,17.14,0.9875,1.0314,0.8256,1
204,15,311.32,0.30,1.29,1.06,1.25,1.03,1.86,1440.00,13.18,14.29,25.03,16.21,0.9999,1.0352,0.8256,1
204,16,191.70,0.35,0.80,0.66,0.78,0.64,1.32,1440.00,13.18,13.98,21.33,15.05,1.0147,1.0398,0.8256,1
204,17,74.20,0.52,0.31,0.26,0.31,0.25,0.78,1440.00,13.18,13.65,17.59,13.89,1.0296,1.0444,0.8256,1
204,18,0.09,1.00,0.00,0.00,0.00,0.00,0.00,1440.00,13.18,13.19,14.75,14.74,1.0410,1.0410,0.8256,0
204,19,0.00,0.00,0.00,0.00,0.00,0.00,0.00,,13.18,,14.53,14.53,1.0419,1.0419,0.8256,0
204,20,0.00,0.00,0.00,0.00,0.00,0.00,0.00,,13.18,,14.44,14.44,1.0422,1.0422,0.8256,0
204,21,0.00,0.00,0.00,0.00,0.00,0.00,0.00,,13.18,,14.19,14.19,1.0432,1.0432,0.8256,0
204,22,0.00,0.00,0.00,0.00,0.00,0.00,0.00,,13.18,,14.23,14.23,1.0431,1.0431,0.8256,0
204,23,0.00,0.00,0.00,0.00,0.00,0.00,0.00,,13.18,,14.29,14.29,1.0428,1.0428,0.8256,0
204,24,0.00,0.00,0.00,0.00,0.00,0.00,0.00,,13.18,,14.21,14.21,1.0432,1.0432,0.8256,0
205,1,0.00,0.00,0.00,0.00,0.00,0.00,0.00,,13.19,,14.15,14.15,1.0434,1.0434,0.8256,0
205,2,0.00,0.00,0.00,0.00,0.00,0.00,0.00,,13.19,,14.07,14.07,1.0437,1.0437,0.8256,0
205,3,0.00,0.00,0.00,0.00,0.00,0.00,0.00,,13.19,,13.85,13.85,1.0446,1.0446,0.8256,0
205,4,0.00,0.00,0.00,0.00,0.00,0.00,0.00,,13.19,,13.78,13.78,1.0449,1.0449,0.8256,0
205,5,0.00,0.00,0.00,0.00,0.00,0.00,0.00,,13.19,,13.77,13.77,1.0449,1.0449,0.8256,0
205,6,0.00,0.00,0.00,0.00,0.00,0.00,0.00,,13.19,,13.64,13.64,1.0454,1.0454,0.8256,0
205,7,0.00,0.00,0.00,0.00,0.00,0.00,0.00,,13.19,,13.48,13.48,1.0461,1.0461,0.8256,0
205,8,22.19,0.29,0.09,0.08,0.09,0.08,0.13,1440.00,13.19,13.27,14.01,13.40,1.0439,1.0464,0.8256,0
205,9,76.28,0.32,0.32,0.26,0.32,0.26,0.48,1440.00,13.19,13.48,16.14,13.85,1.0354,1.0446,0.8256,0
205,10,522.90,0.25,2.15,1.78,2.05,1.69,2.61,1440.00,13.19,14.76,30.08,17.66,0.9797,1.0293,0.8256,0
205,11,595.60,0.25,2.45,2.02,2.31,1.91,3.03,1440.00,13.19,15.00,32.72,18.35,0.9691,1.0266,0.8256,1
205,12,563.51,0.27,2.32,1.91,2.19,1.81,3.07,1440.00,13.19,15.03,32.39,17.83,0.9704,1.0287,0.8256,1
205,13,413.23,0.30,1.71,1.41,1.63,1.35,2.46,1440.00,13.19,14.66,28.10,16.42,0.9876,1.0343,0.8256,1
205,14,238.47,0.34,0.99,0.82,0.96,0.79,1.63,1440.00,13.19,14.17,22.67,14.93,1.0093,1.0403,0.8256,1
205,15,260.06,0.33,1.08,0.89,1.05,0.86,1.74,1440.00,13.19,14.23,23.28,15.01,1.0069,1.0399,0.8256,1
205,16,219.95,0.35,0.92,0.76,0.89,0.74,1.53,1440.00,13.19,14.11,22.02,14.73,1.0119,1.0411,0.8256,1
205,17,40.58,0.80,0.17,0.14,0.17,0.14,0.65,1440.00,13.19,13.58,16.54,13.47,1.0338,1.0461,0.8256,0
205,18,0.14,1.00,0.00,0.00,0.00,0.00,0.00,1440.00,13.19,13.20,15.03,15.02,1.0399,1.0399,0.8256,0
205,19,0.00,0.00,0.00,0.00,0.00,0.00,0.00,,13.19,,14.90,14.90,1.0404,1.0404,0.8256,0
205,20,0.00,0.00,0.00,0.00,0.00,0.00,0.00,,13.19,,14.73,14.73,1.0411,1.0411,0.8256,0
205,21,0.00,0.00,0.00,0.00,0.00,0.00,0.00,,13.19,,13.77,13.77,1.0449,1.0449,0.8256,0
205,22,0.00,0.00,0.00,0.00,0.00,0.00,0.00,,13.19,,13.85,13.85,1.0446,1.0446,0.8256,0
205,23,0.00,0.00,0.00,0.00,0.00,0.00,0.00,,13.19,,13.98,13.98,1.0441,1.0441,0.8256,0
205,24,0.00,0.00,0.00,0.00,0.00,0.00,0.00,,13.19,,13.66,13.66,1.0454,1.0454,0.8256,0
206,1,0.00,0.00,0.00,0.00,0.00,0.00,0.00,,13.20,,13.63,13.63,1.0455,1.0455,0.8256,0
206,2,0.00,0.00,0.00,0.00,0.00,0.00,0.00,,13.20,,13.60,13.60,1.0456,1.0456,0.8256,0
206,3,0.00,0.00,0.00,0.00,0.00,0.00,0.00,,13.20,,13.15,13.15,1.0474,1.0474,0.8256,0
206,4,0.00,0.00,0.00,0.00,0.00,0.00,0.00,,13.20,,13.02,13.02,1.0479,1.0479,0.8256,0
206,5,0.00,0.00,0.00,0.00,0.00,0.00,0.00,,13.20,,12.83,12.83,1.0487,1.0487,0.8256,0
206,6,0.00,0.00,0.00,0.00,0.00,0.00,0.00,,13.20,,12.37,12.37,1.0505,1.0505,0.8256,0
206,7,0.00,0.00,0.00,0.00,0.00,0.00,0.00,,13.20,,12.31,12.31,1.0508,1.0508,0.8256,0
206,8,25.03,0.00,0.10,0.09,0.10,0.09,0.00,,13.20,,12.86,12.86,1.0486,1.0486,0.8256,0
206,9,79.03,0.05,0.33,0.27,0.33,0.27,0.07,1440.00,13.20,13.25,14.11,13.75,1.0436,1.0450,0.8256,0
206,10,516.39,0.22,2.13,1.76,2.04,1.69,2.25,1440.00,13.20,14.55,27.59,16.90,0.9897,1.0324,0.8256,0
206,11,659.42,0.23,2.71,2.24,2.56,2.11,3.02,1440.00,13.20,15.01,32.26,17.89,0.9710,1.0284,0.8256,1
206,12,749.52,0.26,3.07,2.54,2.85,2.35,3.93,1440.00,13.20,15.55,37.26,18.61,0.9510,1.0255,0.8256,1
206,13,780.37,0.28,3.20,2.64,2.94,2.43,4.36,1440.00,13.20,15.81,39.75,19.05,0.9410,1.0238,0.8256,1
206,14,704.54,0.28,2.89,2.38,2.67,2.21,4.00,1440.00,13.20,15.59,37.88,18.89,0.9485,1.0244,0.8256,1
206,15,570.45,0.31,2.35,1.94,2.19,1.81,3.52,1440.00,13.20,15.31,34.60,17.90,0.9616,1.0284,0.8256,1
206,16,359.66,0.36,1.49,1.23,1.42,1.17,2.56,1440.00,13.20,14.73,28.27,16.13,0.9869,1.0355,0.8256,1
206,17,128.14,0.58,0.53,0.44,0.52,0.43,1.48,1440.00,13.20,14.09,21.30,14.27,1.0148,1.0429,0.8256,1
206,18,0.33,1.00,0.00,0.00,0.00,0.00,0.01,1440.00,13.20,13.21,16.31,16.28,1.0348,1.0349,0.8256,0
206,19,0.00,0.00,0.00,0.00,0.00,0.00,0.00,,13.20,,16.10,16.10,1.0356,1.0356,0.8256,0
206,20,0.00,0.00,0.00,0.00,0.00,0.00,0.00,,13.20,,16.15,16.15,1.0354,1.0354,0.8256,0
206,21,0.00,0.00,0.00,0.00,0.00,0.00,0.00,,13.20,,15.39,15.39,1.0384,1.0384,0.8256,0
206,22,0.00,0.00,0.00,0.00,0.00,0.00,0.00,,13.20,,15.21,15.21,1.0392,1.0392,0.8256,0
206,23,0.00,0.00,0.00,0.00,0.00,0.00,0.00,,13.20,,14.93,14.93,1.0403,1.0403,0.8256,0
206,24,0.00,0.00,0.00,0.00,0.00,0.00,0.00,,13.20,,14.44,14.44,1.0422,1.0422,0.8256,0
207,1,0.00,0.00,0.00,0.00,0.00,0.00,0.00,,13.22,,14.25,14.25,1.0430,1.0430,0.8256,0
207,2,0.00,0.00,0.00,0.00,0.00,0.00,0.00,,13.22,,14.12,14.12,1.0435,1.0435,0.8256,0
207,3,0.00,0.00,0.00,0.00,0.00,0.00,0.00,,13.22,,13.86,13.86,1.0446,1.0446,0.8256,0
207,4,0.00,0.00,0.00,0.00,0.00,0.00,0.00,,13.22,,13.87,13.87,1.0445,1.0445,0.8256,0
207,5,0.00,0.00,0.00,0.00,0.00,0.00,0.00,,13.22,,13.78,13.78,1.0449,1.0449,0.8256,0
207,6,0.00,0.00,0.00,0.00,0.00,0.00,0.00,,13.22,,13.36,13.36,1.0466,1.0466,0.8256,0
207,7,0.00,0.00,0.00,0.00,0.00,0.00,0.00,,13.22,,13.01,13.01,1.0480,1.0480,0.8256,0
207,8,29.48,0.10,0.12,0.10,0.12,0.10,0.06,1440.00,13.22,13.25,13.76,13.47,1.0450,1.0461,0.8256,0
207,9,65.87,0.32,0.28,0.23,0.27,0.23,0.43,1440.00,13.22,13.47,15.81,13.78,1.0368,1.0449,0.8256,0
207,10,528.40,0.26,2.18,1.80,2.07,1.71,2.70,1440.00,13.22,14.83,30.53,17.73,0.9779,1.0291,0.8256,0
207,11,714.00,0.25,2.92,2.41,2.72,2.25,3.62,1440.00,13.22,15.38,36.72,19.51,0.9531,1.0219,0.8256,1
207,12,773.92,0.27,3.15,2.60,2.91,2.40,4.17,1440.00,13.22,15.71,40.11,20.33,0.9395,1.0187,0.8256,1
207,13,805.98,0.28,3.28,2.71,3.00,2.48,4.51,1440.00,13.22,15.91,42.28,20.84,0.9309,1.0166,0.8256,1
207,14,707.29,0.30,2.89,2.39,2.66,2.20,4.24,1440.00,13.22,15.75,39.79,19.68,0.9408,1.0213,0.8256,1
207,15,520.86,0.34,2.14,1.77,2.00,1.65,3.53,1440.00,13.22,15.33,34.67,17.89,0.9613,1.0284,0.8256,1
207,16,354.49,0.40,1.47,1.21,1.39,1.15,2.83,1440.00,13.22,14.91,29.73,16.30,0.9811,1.0348,0.8256,1
207,17,120.13,0.69,0.50,0.41,0.49,0.40,1.66,1440.00,13.22,14.21,22.15,14.26,1.0114,1.0430,0.8256,1
207,18,0.38,1.00,0.00,0.00,0.00,0.00,0.01,1440.00,13.22,13.22,17.39,17.36,1.0304,1.0306,0.8256,0
207,19,0.00,0.00,0.00,0.00,0.00,0.00,0.00,,13.22,,16.74,16.74,1.0330,1.0330,0.8256,0
207,20,0.00,0.00,0.00,0.00,0.00,0.00,0.00,,13.22,,16.45,16.45,1.0342,1.0342,0.8256,0
207,21,0.00,0.00,0.00,0.00,0.00,0.00,0.00,,13.22,,15.28,15.28,1.0389,1.0389,0.8256,0
207,22,0.00,0.00,0.00,0.00,0.00,0.00,0.00,,13.22,,14.89,14.89,1.0404,1.0404,0.8256,0
207,23,0.00,0.00,0.00,0.00,0.00,0.00,0.00,,13.22,,14.51,14.51,1.0420,1.0420,0.8256,0
207,24,0.00,0.00,0.00,0.00,0.00,0.00,0.00,,13.22,,13.81,13.81,1.0448,1.0448,0.8256,0
208,1,0.00,0.00,0.00,0.00,0.00,0.00,0.00,,13.23,,13.57,13.57,1.0457,1.0457,0.8256,0
208,2,0.00,0.00,0.00,0.00,0.00,0.00,0.00,,13.23,,13.32,13.32,1.0467,1.0467,0.8256,0
208,3,0.00,0.00,0.00,0.00,0.00,0.00,0.00,,13.23,,12.54,12.54,1.0498,1.0498,0.8256,0
208,4,0.00,0.00,0.00,0.00,0.00,0.00,0.00,,13.23,,12.31,12.31,1.0508,1.0508,0.8256,0
208,5,0.00,0.00,0.00,0.00,0.00,0.00,0.00,,13.23,,12.10,12.10,1.0516,1.0516,0.8256,0
208,6,0.00,0.00,0.00,0.00,0.00,0.00,0.00,,13.23,,11.39,11.39,1.0544,1.0544,0.8256,0
208,7,0.00,0.00,0.00,0.00,0.00,0.00,0.00,,13.23,,11.14,11.14,1.0554,1.0554,0.8256,0
208,8,26.12,0.00,0.11,0.09,0.11,0.09,0.00,,13.23,,11.70,11.70,1.0532,1.0532,0.8256,0
208,9,55.32,0.03,0.23,0.19,0.23,0.19,0.03,1440.00,13.23,13.25,13.83,13.67,1.0447,1.0453,0.8256,0
208,10,641.45,0.23,2.63,2.17,2.49,2.06,2.89,1440.00,13.23,14.96,32.27,18.54,0.9709,1.0258,0.8256,0
208,11,775.88,0.23,3.17,2.61,2.96,2.44,3.50,1440.00,13.23,15.32,36.64,20.03,0.9535,1.0199,0.8256,1
208,12,850.24,0.23,3.45,2.85,3.20,2.64,3.98,1440.00,13.23,15.61,40.01,21.09,0.9400,1.0156,0.8256,1
208,13,828.40,0.25,3.36,2.78,3.11,2.57,4.07,1440.00,13.23,15.66,40.49,21.15,0.9380,1.0154,0.8256,1
208,14,709.37,0.26,2.89,2.39,2.70,2.23,3.68,1440.00,13.23,15.43,37.40,19.94,0.9504,1.0202,0.8256,1
208,15,522.28,0.29,2.15,1.77,2.03,1.68,2.98,1440.00,13.23,15.01,32.13,17.97,0.9715,1.0281,0.8256,1
208,16,341.66,0.33,1.41,1.17,1.36,1.12,2.26,1440.00,13.23,14.58,26.89,16.17,0.9925,1.0353,0.8256,1
208,17,133.61,0.49,0.56,0.46,0.54,0.45,1.30,1440.00,13.23,14.01,20.50,14.32,1.0180,1.0427,0.8256,1
208,18,0.47,1.00,0.00,0.00,0.00,0.00,0.01,1440.00,13.23,13.24,15.14,15.10,1.0394,1.0396,0.8256,0
208,19,0.00,0.00,0.00,0.00,0.00,0.00,0.00,,13.23,,14.31,14.31,1.0428,1.0428,0.8256,0
208,20,0.00,0.00,0.00,0.00,0.00,0.00,0.00,,13.23,,13.61,13.61,1.0456,1.0456,0.8256,0
208,21,0.00,0.00,0.00,0.00,0.00,0.00,0.00,,13.23,,13.08,13.08,1.0477,1.0477,0.8256,0
208,22,0.00,0.00,0.00,0.00,0.00,0.00,0.00,,13.23,,12.38,12.38,1.0505,1.0505,0.8256,0
208,23,0.00,0.00,0.00,0.00,0.00,0.00,0.00,,13.23,,11.81,11.81,1.0528,1.0528,0.8256,0
208,24,0.00,0.00,0.00,0.00,0.00,0.00,0.00,,13.23,,10.97,10.97,1.0561,1.0561,0.8256,0
209,1,0.00,0.00,0.00,0.00,0.00,0.00,0.00,,13.25,,10.70,10.70,1.0572,1.0572,0.8256,0
209,2,0.00,0.00,0.00,0.00,0.00,0.00,0.00,,13.25,,10.53,10.53,1.0579,1.0579,0.8256,0
209,3,0.00,0.00,0.00,0.00,0.00,0.00,0.00,,13.25,,10.10,10.10,1.0596,1.0596,0.8256,0
209,4,0.00,0.00,0.00,0.00,0.00,0.00,0.00,,13.25,,10.09,10.09,1.0596,1.0596,0.8256,0
209,5,0.00,0.00,0.00,0.00,0.00,0.00,0.00,,13.25,,10.10,10.10,1.0596,1.0596,0.8256,0
209,6,0.00,0.00,0.00,0.00,0.00,0.00,0.00,,13.25,,10.02,10.02,1.0599,1.0599,0.8256,0
209,7,0.00,0.00,0.00,0.00,0.00,0.00,0.00,,13.25,,9.97,9.97,1.0601,1.0601,0.8256,0
209,8,25.32,0.00,0.11,0.09,0.11,0.09,0.00,,13.25,,10.74,10.74,1.0570,1.0570,0.8256,0
209,9,58.06,0.00,0.24,0.20,0.24,0.20,0.00,,13.25,,13.20,13.20,1.0472,1.0472,0.8256,0
209,10,576.06,0.20,2.36,1.95,2.26,1.87,2.26,1440.00,13.25,14.59,29.68,18.97,0.9813,1.0241,0.8256,0
209,11,746.18,0.21,3.04,2.51,2.86,2.36,3.11,1440.00,13.25,15.10,35.51,20.74,0.9580,1.0170,0.8256,1
209,12,819.58,0.23,3.33,2.75,3.09,2.55,3.81,1440.00,13.25,15.52,39.51,21.43,0.9420,1.0143,0.8256,1
209,13,806.20,0.25,3.27,2.70,3.03,2.50,3.99,1440.00,13.25,15.63,40.31,21.34,0.9387,1.0146,0.8256,1
209,14,746.30,0.26,3.04,2.51,2.82,2.33,3.84,1440.00,13.25,15.54,38.83,20.58,0.9447,1.0177,0.8256,1
209,15,489.19,0.29,2.01,1.66,1.91,1.57,2.82,1440.00,13.25,14.93,31.30,17.92,0.9748,1.0283,0.8256,1
209,16,320.71,0.34,1.33,1.10,1.28,1.05,2.16,1440.00,13.25,14.54,26.42,16.16,0.9943,1.0354,0.8256,1
209,17,113.92,0.56,0.48,0.39,0.46,0.38,1.27,1440.00,13.25,14.01,20.26,14.21,1.0190,1.0431,0.8256,1
209,18,0.52,1.00,0.00,0.00,0.00,0.00,0.01,1440.00,13.25,13.25,15.70,15.65,1.0372,1.0374,0.8256,0
209,19,0.00,0.00,0.00,0.00,0.00,0.00,0.00,,13.25,,14.98,14.98,1.0401,1.0401,0.8256,0
209,20,0.00,0.00,0.00,0.00,0.00,0.00,0.00,,13.25,,14.11,14.11,1.0436,1.0436,0.8256,0
209,21,0.00,0.00,0.00,0.00,0.00,0.00,0.00,,13.25,,12.75,12.75,1.0490,1.0490,0.8256,0
209,22,0.00,0.00,0.00,0.00,0.00,0.00,0.00,,13.25,,12.21,12.21,1.0512,1.0512,0.8256,0
209,23,0.00,0.00,0.00,0.00,0.00,0.00,0.00,,13.25,,11.96,11.96,1.0522,1.0522,0.8256,0
209,24,0.00,0.00,0.00,0.00,0.00,0.00,0.00,,13.25,,11.41,11.41,1.0544,1.0544,0.8256,0
210,1,0.00,0.00,0.00,0.00,0.00,0.00,0.00,,13.26,,11.33,11.33,1.0547,1.0547,0.8256,0
210,2,0.00,0.00,0.00,0.00,0.00,0.00,0.00,,13.26,,11.29,11.29,1.0548,1.0548,0.8256,0
210,3,0.00,0.00,0.00,0.00,0.00,0.00,0.00,,13.26,,10.89,10.89,1.0564,1.0564,0.8256,0
210,4,0.00,0.00,0.00,0.00,0.00,0.00,0.00,,13.26,,10.88,10.88,1.0565,1.0565,0.8256,0
210,5,0.00,0.00,0.00,0.00,0.00,0.00,0.00,,13.26,,10.92,10.92,1.0563,1.0563,0.8256,0
210,6,0.00,0.00,0.00,0.00,0.00,0.00,0.00,,13.26,,10.66,10.66,1.0574,1.0574,0.8256,0
210,7,0.00,0.00,0.00,0.00,0.00,0.00,0.00,,13.26,,10.66,10.66,1.0574,1.0574,0.8256,0
210,8,26.97,0.00,0.11,0.09,0.11,0.09,0.00,,13.26,,11.43,11.43,1.0543,1.0543,0.8256,0
210,9,61.33,0.06,0.26,0.21,0.26,0.21,0.07,1440.00,13.26,13.30,14.20,13.88,1.0432,1.0445,0.8256,0
210,10,574.95,0.21,2.36,1.95,2.25,1.86,2.46,1440.00,13.26,14.73,30.56,18.88,0.9778,1.0245,0.8256,0
210,11,729.42,0.22,2.97,2.45,2.79,2.31,3.22,1440.00,13.26,15.19,35.73,20.43,0.9571,1.0183,0.8256,1
210,12,743.23,0.23,3.03,2.50,2.83,2.34,3.49,1440.00,13.26,15.35,37.13,20.57,0.9515,1.0177,0.8256,1
210,13,684.65,0.24,2.79,2.31,2.62,2.16,3.34,1440.00,13.26,15.26,35.76,19.88,0.9570,1.0205,0.8256,1
210,14,463.33,0.25,1.91,1.57,1.83,1.51,2.33,1440.00,13.26,14.66,28.79,17.72,0.9848,1.0291,0.8256,1
210,15,418.66,0.25,1.73,1.42,1.66,1.37,2.10,1440.00,13.26,14.51,27.28,17.33,0.9909,1.0307,0.8256,1
210,16,203.78,0.27,0.85,0.70,0.83,0.69,1.09,1440.00,13.26,13.92,20.47,15.28,1.0181,1.0389,0.8256,1
210,17,126.97,0.29,0.53,0.44,0.52,0.43,0.73,1440.00,13.26,13.70,18.00,14.54,1.0280,1.0418,0.8256,1
210,18,0.71,0.00,0.00,0.00,0.00,0.00,0.00,,13.26,,13.07,13.07,1.0477,1.0477,0.8256,0
210,19,0.00,0.00,0.00,0.00,0.00,0.00,0.00,,13.26,,12.84,12.84,1.0486,1.0486,0.8256,0
210,20,0.00,0.00,0.00,0.00,0.00,0.00,0.00,,13.26,,13.00,13.00,1.0480,1.0480,0.8256,0
210,21,0.00,0.00,0.00,0.00,0.00,0.00,0.00,,13.26,,12.56,12.56,1.0498,1.0498,0.8256,0
210,22,0.00,0.00,0.00,0.00,0.00,0.00,0.00,,13.26,,12.53,12.53,1.0499,1.0499,0.8256,0
210,23,0.00,0.00,0.00,0.00,0.00,0.00,0.00,,13.26,,12.42,12.42,1.0503,1.0503,0.8256,0
210,24,0.00,0.00,0.00,0.00,0.00,0.00,0.00,,13.26,,11.84,11.84,1.0526,1.0526,0.8256,0
211,1,0.00,0.00,0.00,0.00,0.00,0.00,0.00,,13.28,,11.63,11.63,1.0535,1.0535,0.8256,0
211,2,0.00,0.00,0.00,0.00,0.00,0.00,0.00,,13.28,,11.50,11.50,1.0540,1.0540,0.8256,0
211,3,0.00,0.00,0.00,0.00,0.00,0.00,0.00,,13.28,,11.01,11.01,1.0560,1.0560,0.8256,0
211,4,0.00,0.00,0.00,0.00,0.00,0.00,0.00,,13.28,,10.93,10.93,1.0563,1.0563,0.8256,0
211,5,0.00,0.00,0.00,0.00,0.00,0.00,0.00,,13.28,,10.73,10.73,1.0571,1.0571,0.8256,0
211,6,0.00,0.00,0.00,0.00,0.00,0.00,0.00,,13.28,,10.38,10.38,1.0585,1.0585,0.8256,0
211,7,0.00,0.00,0.00,0.00,0.00,0.00,0.00,,13.28,,10.24,10.24,1.0590,1.0590,0.8256,0
211,8,26.97,0.00,0.11,0.09,0.11,0.09,0.00,,13.28,,10.90,10.90,1.0564,1.0564,0.8256,0
211,9,54.84,0.00,0.23,0.19,0.23,0.19,0.00,,13.28,,12.96,12.96,1.0481,1.0481,0.8256,0
211,10,627.69,0.18,2.56,2.11,2.45,2.02,2.25,1440.00,13.28,14.62,30.89,20.22,0.9765,1.0191,0.8256,0
211,11,759.07,0.19,3.07,2.54,2.91,2.40,2.82,1440.00,13.28,14.97,35.22,21.83,0.9591,1.0127,0.8256,1
211,12,823.70,0.20,3.32,2.74,3.12,2.58,3.28,1440.00,13.28,15.24,38.30,22.74,0.9468,1.0090,0.8256,1
211,13,791.77,0.21,3.20,2.64,3.00,2.48,3.25,1440.00,13.28,15.22,38.22,22.79,0.9471,1.0088,0.8256,1
211,14,686.43,0.21,2.78,2.30,2.63,2.17,2.86,1440.00,13.28,14.99,35.17,21.60,0.9593,1.0136,0.8256,1
211,15,394.23,0.22,1.62,1.34,1.57,1.29,1.76,1440.00,13.28,14.33,26.41,18.06,0.9944,1.0278,0.8256,1
211,16,292.98,0.23,1.21,1.00,1.18,0.97,1.37,1440.00,13.28,14.10,23.48,16.96,1.0061,1.0322,0.8256,1
211,17,93.85,0.32,0.39,0.32,0.39,0.32,0.61,1440.00,13.28,13.64,17.30,14.42,1.0308,1.0423,0.8256,1
211,18,0.66,0.03,0.00,0.00,0.00,0.00,0.00,1440.00,13.28,13.28,13.29,13.29,1.0468,1.0468,0.8256,0
211,19,0.00,0.00,0.00,0.00,0.00,0.00,0.00,,13.28,,12.79,12.79,1.0488,1.0488,0.8256,0
211,20,0.00,0.00,0.00,0.00,0.00,0.00,0.00,,13.28,,12.58,12.58,1.0497,1.0497,0.8256,0
211,21,0.00,0.00,0.00,0.00,0.00,0.00,0.00,,13.28,,12.06,12.06,1.0518,1.0518,0.8256,0
211,22,0.00,0.00,0.00,0.00,0.00,0.00,0.00,,13.28,,11.93,11.93,1.0523,1.0523,0.8256,0
211,23,0.00,0.00,0.00,0.00,0.00,0.00,0.00,,13.28,,11.72,11.72,1.0531,1.0531,0.8256,0
211,24,0.00,0.00,0.00,0.00,0.00,0.00,0.00,,13.28,,11.24,11.24,1.0550,1.0550,0.8256,0
212,1,0.00,0.00,0.00,0.00,0.00,0.00,0.00,,13.30,,11.10,11.10,1.0556,1.0556,0.8256,0
212,2,0.00,0.00,0.00,0.00,0.00,0.00,0.00,,13.30,,10.96,10.96,1.0562,1.0562,0.8256,0
212,3,0.00,0.00,0.00,0.00,0.00,0.00,0.00,,13.30,,10.76,10.76,1.0570,1.0570,0.8256,0
212,4,0.00,0.00,0.00,0.00,0.00,0.00,0.00,,13.30,,10.57,10.57,1.0577,1.0577,0.8256,0
212,5,0.00,0.00,0.00,0.00,0.00,0.00,0.00,,13.30,,10.47,10.47,1.0581,1.0581,0.8256,0
212,6,0.00,0.00,0.00,0.00,0.00,0.00,0.00,,13.30,,10.05,10.05,1.0598,1.0598,0.8256,0
212,7,0.00,0.00,0.00,0.00,0.00,0.00,0.00,,13.30,,9.86,9.86,1.0606,1.0606,0.8256,0
212,8,25.41,0.00,0.11,0.09,0.11,0.09,0.00,,13.30,,10.89,10.89,1.0564,1.0564,0.8256,0
212,9,59.62,0.00,0.25,0.21,0.25,0.21,0.00,,13.30,,13.27,13.27,1.0469,1.0469,0.8256,0
212,10,422.04,0.16,1.74,1.43,1.69,1.40,1.39,1440.00,13.30,14.13,24.42,17.81,1.0023,1.0288,0.8256,0
212,11,632.44,0.18,2.58,2.13,2.47,2.04,2.30,1440.00,13.30,14.68,31.12,20.19,0.9755,1.0192,0.8256,1
212,12,715.23,0.20,2.90,2.40,2.75,2.27,2.82,1440.00,13.30,14.99,34.58,21.17,0.9617,1.0153,0.8256,1
212,13,708.64,0.21,2.88,2.38,2.72,2.24,2.96,1440.00,13.30,15.07,35.24,21.17,0.9590,1.0153,0.8256,1
212,14,565.81,0.21,2.31,1.91,2.21,1.82,2.42,1440.00,13.30,14.75,31.08,19.58,0.9757,1.0217,0.8256,1
212,15,397.42,0.22,1.64,1.35,1.58,1.31,1.77,1440.00,13.30,14.36,26.07,17.65,0.9957,1.0294,0.8256,1
212,16,227.53,0.24,0.94,0.78,0.93,0.76,1.07,1440.00,13.30,13.94,20.81,15.73,1.0168,1.0371,0.8256,1
212,17,120.55,0.26,0.50,0.41,0.50,0.41,0.63,1440.00,13.30,13.68,17.53,14.54,1.0299,1.0418,0.8256,1
212,18,0.80,0.00,0.00,0.00,0.00,0.00,0.00,,13.30,,12.80,12.80,1.0488,1.0488,0.8256,0
212,19,0.00,0.00,0.00,0.00,0.00,0.00,0.00,,13.30,,12.50,12.50,1.0500,1.0500,0.8256,0
212,20,0.00,0.00,0.00,0.00,0.00,0.00,0.00,,13.30,,12.26,12.26,1.0510,1.0510,0.8256,0
212,21,0.00,0.00,0.00,0.00,0.00,0.00,0.00,,13.30,,11.41,11.41,1.0544,1.0544,0.8256,0
212,22,0.00,0.00,0.00,0.00,0.00,0.00,0.00,,13.30,,11.18,11.18,1.0553,1.0553,0.8256,0
212,23,0.00,0.00,0.00,0.00,0.00,0.00,0.00,,13.30,,10.99,10.99,1.0560,1.0560,0.8256,0
212,24,0.00,0.00,0.00,0.00,0.00,0.00,0.00,,13.30,,10.36,10.36,1.0586,1.0586,0.8256,0
213,1,0.00,0.00,0.00,0.00,0.00,0.00,0.00,,13.32,,10.30,10.30,1.0588,1.0588,0.8256,0
213,2,0.00,0.00,0.00,0.00,0.00,0.00,0.00,,13.32,,10.27,10.27,1.0589,1.0589,0.8256,0
213,3,0.00,0.00,0.00,0.00,0.00,0.00,0.00,,13.32,,8.93,8.93,1.0643,1.0643,0.8256,0
213,4,0.00,0.00,0.00,0.00,0.00,0.00,0.00,,13.32,,9.45,9.45,1.0622,1.0622,0.8256,0
213,5,0.00,0.00,0.00,0.00,0.00,0.00,0.00,,13.32,,9.96,9.96,1.0602,1.0602,0.8256,0
213,6,0.00,0.00,0.00,0.00,0.00,0.00,0.00,,13.32,,10.47,10.47,1.0581,1.0581,0.8256,0
213,7,0.00,0.00,0.00,0.00,0.00,0.00,0.00,,13.32,,10.99,10.99,1.0560,1.0560,0.8256,0
213,8,31.04,0.00,0.13,0.11,0.13,0.11,0.00,,13.32,,12.47,12.47,1.0501,1.0501,0.8256,0
213,9,59.25,0.00,0.25,0.20,0.25,0.20,0.00,,13.32,,13.86,13.86,1.0446,1.0446,0.8256,0
213,10,513.74,0.21,2.11,1.74,2.03,1.67,2.12,1440.00,13.32,14.59,28.57,18.53,0.9857,1.0259,0.8256,0
213,11,670.47,0.22,2.73,2.26,2.59,2.13,2.91,1440.00,13.32,15.06,33.99,20.18,0.9640,1.0193,0.8256,1
213,12,777.20,0.22,3.15,2.60,2.95,2.43,3.47,1440.00,13.32,15.40,37.84,21.34,0.9486,1.0146,0.8256,1
213,13,758.43,0.23,3.08,2.54,2.88,2.38,3.48,1440.00,13.32,15.40,37.76,21.22,0.9490,1.0151,0.8256,1
213,14,694.43,0.24,2.83,2.33,2.65,2.19,3.30,1440.00,13.32,15.29,36.28,20.62,0.9549,1.0175,0.8256,1
213,15,627.51,0.25,2.56,2.11,2.41,1.99,3.10,1440.00,13.32,15.17,34.70,19.98,0.9612,1.0201,0.8256,1
213,16,407.19,0.28,1.68,1.38,1.61,1.33,2.24,1440.00,13.32,14.66,28.32,17.68,0.9867,1.0293,0.8256,1
213,17,154.82,0.41,0.64,0.53,0.63,0.52,1.26,1440.00,13.32,14.07,20.96,14.99,1.0162,1.0400,0.8256,1
213,18,1.09,1.00,0.00,0.00,0.00,0.00,0.02,1440.00,13.32,13.33,16.66,16.56,1.0333,1.0338,0.8256,0
213,19,0.00,0.00,0.00,0.00,0.00,0.00,0.00,,13.32,,13.70,13.70,1.0452,1.0452,0.8256,0
213,20,0.00,0.00,0.00,0.00,0.00,0.00,0.00,,13.32,,13.19,13.19,1.0472,1.0472,0.8256,0
213,21,0.00,0.00,0.00,0.00,0.00,0.00,0.00,,13.32,,11.54,11.54,1.0538,1.0538,0.8256,0
213,22,0.00,0.00,0.00,0.00,0.00,0.00,0.00,,13.32,,11.16,11.16,1.0554,1.0554,0.8256,0
213,23,0.00,0.00,0.00,0.00,0.00,0.00,0.00,,13.32,,10.76,10.76,1.0570,1.0570,0.8256,0
213,24,0.00,0.00,0.00,0.00,0.00,0.00,0.00,,13.32,,10.47,10.47,1.0581,1.0581,0.8256,0
214,1,0.00,0.00,0.00,0.00,0.00,0.00,0.00,,13.34,,10.08,10.08,1.0597,1.0597,0.8256,0
214,2,0.00,0.00,0.00,0.00,0.00,0.00,0.00,,13.34,,9.86,9.86,1.0606,1.0606,0.8256,0
214,3,0.00,0.00,0.00,0.00,0.00,0.00,0.00,,13.34,,9.62,9.62,1.0615,1.0615,0.8256,0
214,4,0.00,0.00,0.00,0.00,0.00,0.00,0.00,,13.34,,9.36,9.36,1.0626,1.0626,0.8256,0
214,5,0.00,0.00,0.00,0.00,0.00,0.00,0.00,,13.34,,8.98,8.98,1.0641,1.0641,0.8256,0
214,6,0.00,0.00,0.00,0.00,0.00,0.00,0.00,,13.34,,8.95,8.95,1.0642,1.0642,0.8256,0
214,7,0.00,0.00,0.00,0.00,0.00,0.00,0.00,,13.34,,8.74,8.74,1.0650,1.0650,0.8256,0
214,8,29.81,0.00,0.13,0.10,0.13,0.10,0.00,,13.34,,9.66,9.66,1.0614,1.0614,0.8256,0
214,9,59.81,0.00,0.25,0.21,0.25,0.21,0.00,,13.34,,11.72,11.72,1.0531,1.0531,0.8256,0
214,10,632.76,0.18,2.58,2.13,2.48,2.04,2.22,1440.00,13.34,14.67,30.35,19.80,0.9786,1.0208,0.8256,0
214,11,750.46,0.20,3.05,2.52,2.88,2.38,2.94,1440.00,13.34,15.10,34.96,21.00,0.9602,1.0160,0.8256,1
214,12,813.57,0.20,3.30,2.72,3.09,2.55,3.32,1440.00,13.34,15.32,37.43,21.69,0.9503,1.0133,0.8256,1
214,13,766.87,0.22,3.11,2.57,2.92,2.41,3.32,1440.00,13.34,15.33,37.03,21.25,0.9519,1.0150,0.8256,1
214,14,607.81,0.22,2.48,2.05,2.36,1.95,2.72,1440.00,13.34,14.97,32.57,19.67,0.9697,1.0213,0.8256,1
214,15,563.33,0.22,2.31,1.90,2.20,1.81,2.50,1440.00,13.34,14.84,31.12,19.24,0.9755,1.0230,0.8256,1
214,16,306.79,0.22,1.27,1.05,1.24,1.02,1.37,1440.00,13.34,14.16,23.05,16.54,1.0078,1.0338,0.8256,1
214,17,105.66,0.19,0.44,0.36,0.44,0.36,0.41,1440.00,13.34,13.59,16.38,14.45,1.0345,1.0422,0.8256,1
214,18,0.99,0.00,0.00,0.00,0.00,0.00,0.00,,13.34,,12.77,12.77,1.0489,1.0489,0.8256,0
214,19,0.00,0.00,0.00,0.00,0.00,0.00,0.00,,13.34,,12.35,12.35,1.0506,1.0506,0.8256,0
214,20,0.00,0.00,0.00,0.00,0.00,0.00,0.00,,13.34,,12.24,12.24,1.0510,1.0510,0.8256,0
214,21,0.00,0.00,0.00,0.00,0.00,0.00,0.00,,13.34,,11.73,11.73,1.0531,1.0531,0.8256,0
214,22,0.00,0.00,0.00,0.00,0.00,0.00,0.00,,13.34,,11.32,11.32,1.0547,1.0547,0.8256,0
214,23,0.00,0.00,0.00,0.00,0.00,0.00,0.00,,13.34,,10.77,10.77,1.0569,1.0569,0.8256,0
214,24,0.00,0.00,0.00,0.00,0.00,0.00,0.00,,13.34,,10.74,10.74,1.0570,1.0570,0.8256,0
215,1,0.00,0.00,0.00,0.00,0.00,0.00,0.00,,13.37,,10.73,10.73,1.0571,1.0571,0.8256,0
215,2,0.00,0.00,0.00,0.00,0.00,0.00,0.00,,13.37,,10.70,10.70,1.0572,1.0572,0.8256,0
215,3,0.00,0.00,0.00,0.00,0.00,0.00,0.00,,13.37,,10.59,10.59,1.0576,1.0576,0.8256,0
215,4,0.00,0.00,0.00,0.00,0.00,0.00,0.00,,13.37,,10.39,10.39,1.0584,1.0584,0.8256,0
215,5,0.00,0.00,0.00,0.00,0.00,0.00,0.00,,13.37,,10.12,10.12,1.0595,1.0595,0.8256,0
215,6,0.00,0.00,0.00,0.00,0.00,0.00,0.00,,13.37,,9.95,9.95,1.0602,1.0602,0.8256,0
215,7,0.00,0.00,0.00,0.00,0.00,0.00,0.00,,13.37,,9.97,9.97,1.0601,1.0601,0.8256,0
215,8,35.96,0.00,0.15,0.13,0.15,0.13,0.00,,13.37,,11.14,11.14,1.0554,1.0554,0.8256,0
215,9,72.16,0.00,0.30,0.25,0.30,0.25,0.00,,13.37,,13.51,13.51,1.0460,1.0460,0.8256,0
215,10,501.69,0.22,2.07,1.71,1.99,1.64,2.18,1440.00,13.37,14.67,27.57,17.23,0.9897,1.0311,0.8256,0
215,11,698.26,0.24,2.86,2.36,2.68,2.22,3.37,1440.00,13.37,15.38,34.71,18.70,0.9612,1.0252,0.8256,1
215,12,750.87,0.25,3.08,2.54,2.86,2.36,3.77,1440.00,13.37,15.62,36.81,18.91,0.9527,1.0244,0.8256,1
215,13,710.74,0.26,2.92,2.41,2.71,2.24,3.75,1440.00,13.37,15.61,36.41,18.61,0.9544,1.0256,0.8256,1
215,14,648.84,0.27,2.67,2.20,2.50,2.06,3.46,1440.00,13.37,15.44,34.54,18.08,0.9619,1.0277,0.8256,1
215,15,455.11,0.28,1.88,1.55,1.79,1.48,2.51,1440.00,13.37,14.87,28.57,16.65,0.9857,1.0334,0.8256,1
215,16,223.11,0.30,0.93,0.77,0.91,0.75,1.33,1440.00,13.37,14.16,21.32,14.99,1.0147,1.0400,0.8256,1
215,17,100.51,0.32,0.42,0.35,0.41,0.34,0.64,1440.00,13.37,13.75,17.14,14.11,1.0314,1.0436,0.8256,1
215,18,1.89,1.00,0.01,0.01,0.01,0.01,0.04,1440.00,13.37,13.39,13.99,13.81,1.0440,1.0448,0.8256,0
215,19,0.00,0.00,0.00,0.00,0.00,0.00,0.00,,13.37,,13.39,13.39,1.0464,1.0464,0.8256,0
215,20,0.00,0.00,0.00,0.00,0.00,0.00,0.00,,13.37,,13.30,13.30,1.0468,1.0468,0.8256,0
215,21,0.00,0.00,0.00,0.00,0.00,0.00,0.00,,13.37,,12.75,12.75,1.0490,1.0490,0.8256,0
215,22,0.00,0.00,0.00,0.00,0.00,0.00,0.00,,13.37,,12.40,12.40,1.0504,1.0504,0.8256,0
215,23,0.00,0.00,0.00,0.00,0.00,0.00,0.00,,13.37,,12.93,12.93,1.0483,1.0483,0.8256,0
215,24,0.00,0.00,0.00,0.00,0.00,0.00,0.00,,13.37,,12.81,12.81,1.0488,1.0488,0.8256,0
216,1,0.00,0.00,0.00,0.00,0.00,0.00,0.00,,13.39,,12.55,12.55,1.0498,1.0498,0.8256,0
216,2,0.00,0.00,0.00,0.00,0.00,0.00,0.00,,13.39,,11.72,11.72,1.0531,1.0531,0.8256,0
216,3,0.00,0.00,0.00,0.00,0.00,0.00,0.00,,13.39,,11.37,11.37,1.0545,1.0545,0.8256,0
216,4,0.00,0.00,0.00,0.00,0.00,0.00,0.00,,13.39,,11.02,11.02,1.0559,1.0559,0.8256,0
216,5,0.00,0.00,0.00,0.00,0.00,0.00,0.00,,13.39,,10.81,10.81,1.0568,1.0568,0.8256,0
216,6,0.00,0.00,0.00,0.00,0.00,0.00,0.00,,13.39,,10.48,10.48,1.0581,1.0581,0.8256,0
216,7,0.00,0.00,0.00,0.00,0.00,0.00,0.00,,13.39,,10.15,10.15,1.0594,1.0594,0.8256,0
216,8,33.22,0.00,0.14,0.12,0.14,0.12,0.00,,13.39,,11.15,11.15,1.0554,1.0554,0.8256,0
216,9,86.31,0.00,0.36,0.30,0.36,0.30,0.00,,13.39,,13.85,13.85,1.0446,1.0446,0.8256,0
216,10,523.59,0.23,2.16,1.78,2.07,1.71,2.38,1440.00,13.39,14.81,28.20,16.92,0.9872,1.0323,0.8256,0
216,11,733.58,0.26,3.01,2.49,2.80,2.32,3.76,1440.00,13.39,15.64,36.02,18.18,0.9559,1.0273,0.8256,1
216,12,802.04,0.27,3.30,2.72,3.03,2.50,4.40,1440.00,13.39,16.02,39.04,18.16,0.9438,1.0274,0.8256,1
216,13,809.06,0.30,3.33,2.75,3.04,2.51,4.79,1440.00,13.39,16.25,40.50,17.77,0.9380,1.0289,0.8256,1
216,14,675.00,0.30,2.78,2.30,2.57,2.12,4.09,1440.00,13.39,15.83,36.74,17.33,0.9530,1.0307,0.8256,1
216,15,497.46,0.31,2.06,1.70,1.94,1.60,3.12,1440.00,13.39,15.25,31.36,16.56,0.9746,1.0338,0.8256,1
216,16,233.44,0.37,0.97,0.80,0.94,0.78,1.71,1440.00,13.39,14.41,23.05,14.94,1.0078,1.0402,0.8256,1
216,17,98.33,0.47,0.41,0.34,0.40,0.33,0.93,1440.00,13.39,13.94,18.52,14.13,1.0259,1.0435,0.8256,1
216,18,2.81,1.00,0.01,0.01,0.01,0.01,0.06,1440.00,13.39,13.42,15.58,15.31,1.0377,1.0388,0.8256,0
216,19,0.00,0.00,0.00,0.00,0.00,0.00,0.00,,13.39,,14.98,14.98,1.0401,1.0401,0.8256,0
216,20,0.00,0.00,0.00,0.00,0.00,0.00,0.00,,13.39,,15.04,15.04,1.0398,1.0398,0.8256,0
216,21,0.00,0.00,0.00,0.00,0.00,0.00,0.00,,13.39,,14.37,14.37,1.0425,1.0425,0.8256,0
216,22,0.00,0.00,0.00,0.00,0.00,0.00,0.00,,13.39,,14.27,14.27,1.0429,1.0429,0.8256,0
216,23,0.00,0.00,0.00,0.00,0.00,0.00,0.00,,13.39,,13.78,13.78,1.0449,1.0449,0.8256,0
216,24,0.00,0.00,0.00,0.00,0.00,0.00,0.00,,13.39,,13.41,13.41,1.0464,1.0464,0.8256,0
217,1,0.00,0.00,0.00,0.00,0.00,0.00,0.00,,13.42,,12.60,12.60,1.0496,1.0496,0.8256,0
217,2,0.00,0.00,0.00,0.00,0.00,0.00,0.00,,13.42,,11.82,11.82,1.0527,1.0527,0.8256,0
217,3,0.00,0.00,0.00,0.00,0.00,0.00,0.00,,13.42,,11.30,11.30,1.0548,1.0548,0.8256,0
217,4,0.00,0.00,0.00,0.00,0.00,0.00,0.00,,13.42,,10.96,10.96,1.0562,1.0562,0.8256,0
217,5,0.00,0.00,0.00,0.00,0.00,0.00,0.00,,13.42,,10.53,10.53,1.0579,1.0579,0.8256,0
217,6,0.00,0.00,0.00,0.00,0.00,0.00,0.00,,13.42,,10.23,10.23,1.0591,1.0591,0.8256,0
217,7,0.00,0.00,0.00,0.00,0.00,0.00,0.00,,13.42,,9.97,9.97,1.0601,1.0601,0.8256,0
217,8,31.89,0.00,0.13,0.11,0.13,0.11,0.00,,13.42,,10.73,10.73,1.0571,1.0571,0.8256,0
217,9,59.39,0.00,0.25,0.21,0.25,0.21,0.00,,13.42,,12.63,12.63,1.0495,1.0495,0.8256,0
217,10,663.33,0.23,2.73,2.25,2.58,2.13,3.04,1440.00,13.42,15.23,32.23,17.82,0.9711,1.0287,0.8256,0
217,11,803.54,0.26,3.30,2.72,3.04,2.51,4.20,1440.00,13.42,15.92,38.50,18.58,0.9460,1.0257,0.8256,1
217,12,881.94,0.28,3.61,2.98,3.28,2.71,4.92,1440.00,13.42,16.36,42.38,19.03,0.9305,1.0239,0.8256,1
217,13,879.21,0.30,3.60,2.97,3.25,2.68,5.25,1440.00,13.42,16.55,43.94,19.02,0.9243,1.0239,0.8256,1
217,14,796.93,0.30,3.27,2.70,2.97,2.45,4.86,1440.00,13.42,16.32,41.85,18.79,0.9326,1.0248,0.8256,1
217,15,632.05,0.31,2.60,2.14,2.41,1.99,3.90,1440.00,13.42,15.75,36.82,18.32,0.9527,1.0267,0.8256,1
217,16,417.25,0.32,1.72,1.42,1.64,1.35,2.70,1440.00,13.42,15.03,29.84,17.03,0.9806,1.0319,0.8256,1
217,17,161.53,0.39,0.67,0.55,0.66,0.54,1.26,1440.00,13.42,14.17,20.91,14.90,1.0164,1.0404,0.8256,1
217,18,4.20,1.00,0.02,0.01,0.02,0.01,0.08,1440.00,13.42,13.47,15.40,15.00,1.0384,1.0400,0.8256,0
217,19,0.00,0.00,0.00,0.00,0.00,0.00,0.00,,13.42,,14.28,14.28,1.0429,1.0429,0.8256,0
217,20,0.00,0.00,0.00,0.00,0.00,0.00,0.00,,13.42,,14.28,14.28,1.0429,1.0429,0.8256,0
217,21,0.00,0.00,0.00,0.00,0.00,0.00,0.00,,13.42,,12.56,12.56,1.0498,1.0498,0.8256,0
217,22,0.00,0.00,0.00,0.00,0.00,0.00,0.00,,13.42,,12.67,12.67,1.0493,1.0493,0.8256,0
217,23,0.00,0.00,0.00,0.00,0.00,0.00,0.00,,13.42,,12.46,12.46,1.0502,1.0502,0.8256,0
217,24,0.00,0.00,0.00,0.00,0.00,0.00,0.00,,13.42,,12.15,12.15,1.0514,1.0514,0.8256,0
218,1,0.00,0.00,0.00,0.00,0.00,0.00,0.00,,13.45,,11.64,11.64,1.0534,1.0534,0.8256,0
218,2,0.00,0.00,0.00,0.00,0.00,0.00,0.00,,13.45,,10.87,10.87,1.0565,1.0565,0.8256,0
218,3,0.00,0.00,0.00,0.00,0.00,0.00,0.00,,13.45,,10.30,10.30,1.0588,1.0588,0.8256,0
218,4,0.00,0.00,0.00,0.00,0.00,0.00,0.00,,13.45,,9.83,9.83,1.0607,1.0607,0.8256,0
218,5,0.00,0.00,0.00,0.00,0.00,0.00,0.00,,13.45,,9.32,9.32,1.0627,1.0627,0.8256,0
218,6,0.00,0.00,0.00,0.00,0.00,0.00,0.00,,13.45,,9.19,9.19,1.0632,1.0632,0.8256,0
218,7,0.00,0.00,0.00,0.00,0.00,0.00,0.00,,13.45,,9.01,9.01,1.0640,1.0640,0.8256,0
218,8,33.79,0.00,0.14,0.12,0.14,0.12,0.00,,13.45,,10.07,10.07,1.0597,1.0597,0.8256,0
218,9,60.62,0.00,0.25,0.21,0.25,0.21,0.00,,13.45,,12.16,12.16,1.0513,1.0513,0.8256,0
218,10,670.28,0.22,2.75,2.27,2.60,2.15,2.97,1440.00,13.45,15.22,32.27,18.17,0.9709,1.0273,0.8256,0
218,11,811.60,0.25,3.32,2.74,3.07,2.54,4.06,1440.00,13.45,15.87,38.53,19.26,0.9459,1.0230,0.8256,1
218,12,885.00,0.26,3.61,2.98,3.30,2.72,4.66,1440.00,13.45,16.23,42.03,19.88,0.9319,1.0205,0.8256,1
218,13,881.90,0.29,3.60,2.97,3.26,2.69,5.09,1440.00,13.45,16.49,43.95,19.76,0.9242,1.0209,0.8256,1
218,14,799.03,0.31,3.27,2.70,2.97,2.45,4.92,1440.00,13.45,16.38,42.52,19.17,0.9299,1.0233,0.8256,1
218,15,641.21,0.33,2.64,2.18,2.43,2.00,4.29,1440.00,13.45,16.01,38.33,17.93,0.9467,1.0283,0.8256,1
218,16,421.30,0.39,1.74,1.44,1.64,1.35,3.30,1440.00,13.45,15.42,32.00,16.33,0.9720,1.0347,0.8256,1
218,17,165.73,0.57,0.69,0.57,0.67,0.55,1.90,1440.00,13.45,14.58,23.65,14.61,1.0054,1.0415,0.8256,1
218,18,4.75,1.00,0.02,0.02,0.02,0.02,0.09,1440.00,13.45,13.50,17.99,17.54,1.0280,1.0299,0.8256,0
218,19,0.00,0.00,0.00,0.00,0.00,0.00,0.00,,13.45,,17.01,17.01,1.0320,1.0320,0.8256,0
218,20,0.00,0.00,0.00,0.00,0.00,0.00,0.00,,13.45,,16.48,16.48,1.0341,1.0341,0.8256,0
218,21,0.00,0.00,0.00,0.00,0.00,0.00,0.00,,13.45,,15.51,15.51,1.0380,1.0380,0.8256,0
218,22,0.00,0.00,0.00,0.00,0.00,0.00,0.00,,13.45,,13.98,13.98,1.0441,1.0441,0.8256,0
218,23,0.00,0.00,0.00,0.00,0.00,0.00,0.00,,13.45,,12.24,12.24,1.0510,1.0510,0.8256,0
218,24,0.00,0.00,0.00,0.00,0.00,0.00,0.00,,13.45,,11.82,11.82,1.0527,1.0527,0.8256,0
219,1,0.00,0.00,0.00,0.00,0.00,0.00,0.00,,13.47,,10.76,10.76,1.0570,1.0570,0.8256,0
219,2,0.00,0.00,0.00,0.00,0.00,0.00,0.00,,13.47,,10.01,10.01,1.0600,1.0600,0.8256,0
219,3,0.00,0.00,0.00,0.00,0.00,0.00,0.00,,13.47,,9.65,9.65,1.0614,1.0614,0.8256,0
219,4,0.00,0.00,0.00,0.00,0.00,0.00,0.00,,13.47,,9.28,9.28,1.0629,1.0629,0.8256,0
219,5,0.00,0.00,0.00,0.00,0.00,0.00,0.00,,13.47,,8.98,8.98,1.0641,1.0641,0.8256,0
219,6,0.00,0.00,0.00,0.00,0.00,0.00,0.00,,13.47,,8.89,8.89,1.0644,1.0644,0.8256,0
219,7,0.00,0.00,0.00,0.00,0.00,0.00,0.00,,13.47,,8.94,8.94,1.0642,1.0642,0.8256,0
219,8,34.45,0.00,0.15,0.12,0.15,0.12,0.00,,13.47,,10.08,10.08,1.0597,1.0597,0.8256,0
219,9,85.65,0.00,0.36,0.30,0.36,0.30,0.00,,13.47,,13.02,13.02,1.0479,1.0479,0.8256,0
219,10,482.86,0.19,1.99,1.64,1.92,1.58,1.83,1440.00,13.47,14.57,26.53,17.86,0.9939,1.0286,0.8256,0
219,11,740.56,0.23,3.02,2.49,2.83,2.34,3.40,1440.00,13.47,15.51,36.19,20.04,0.9552,1.0198,0.8256,1
219,12,822.90,0.25,3.35,2.77,3.09,2.55,4.13,1440.00,13.47,15.94,39.96,20.34,0.9402,1.0187,0.8256,1
219,13,779.98,0.28,3.19,2.63,2.93,2.42,4.37,1440.00,13.47,16.08,40.35,19.60,0.9386,1.0216,0.8256,1
219,14,750.19,0.29,3.07,2.54,2.82,2.33,4.41,1440.00,13.47,16.11,39.91,18.97,0.9403,1.0241,0.8256,1
219,15,592.19,0.31,2.44,2.01,2.27,1.88,3.66,1440.00,13.47,15.66,35.08,17.68,0.9597,1.0293,0.8256,1
219,16,366.61,0.34,1.52,1.25,1.45,1.20,2.52,1440.00,13.47,14.98,28.04,16.06,0.9879,1.0358,0.8256,1
219,17,164.50,0.42,0.69,0.57,0.67,0.55,1.38,1440.00,13.47,14.30,21.19,14.65,1.0152,1.0414,0.8256,1
219,18,4.98,1.00,0.02,0.02,0.02,0.02,0.10,1440.00,13.47,13.53,15.95,15.47,1.0362,1.0381,0.8256,0
219,19,0.00,0.00,0.00,0.00,0.00,0.00,0.00,,13.47,,14.90,14.90,1.0404,1.0404,0.8256,0
219,20,0.00,0.00,0.00,0.00,0.00,0.00,0.00,,13.47,,14.80,14.80,1.0408,1.0408,0.8256,0
219,21,0.00,0.00,0.00,0.00,0.00,0.00,0.00,,13.47,,13.46,13.46,1.0462,1.0462,0.8256,0
219,22,0.00,0.00,0.00,0.00,0.00,0.00,0.00,,13.47,,13.21,13.21,1.0472,1.0472,0.8256,0
219,23,0.00,0.00,0.00,0.00,0.00,0.00,0.00,,13.47,,13.61,13.61,1.0456,1.0456,0.8256,0
219,24,0.00,0.00,0.00,0.00,0.00,0.00,0.00,,13.47,,12.63,12.63,1.0495,1.0495,0.8256,0
220,1,0.00,0.00,0.00,0.00,0.00,0.00,0.00,,13.50,,12.07,12.07,1.0517,1.0517,0.8256,0
220,2,0.00,0.00,0.00,0.00,0.00,0.00,0.00,,13.50,,11.76,11.76,1.0530,1.0530,0.8256,0
220,3,0.00,0.00,0.00,0.00,0.00,0.00,0.00,,13.50,,11.60,11.60,1.0536,1.0536,0.8256,0
220,4,0.00,0.00,0.00,0.00,0.00,0.00,0.00,,13.50,,11.28,11.28,1.0549,1.0549,0.8256,0
220,5,0.00,0.00,0.00,0.00,0.00,0.00,0.00,,13.50,,10.95,10.95,1.0562,1.0562,0.8256,0
220,6,0.00,0.00,0.00,0.00,0.00,0.00,0.00,,13.50,,11.10,11.10,1.0556,1.0556,0.8256,0
220,7,0.00,0.00,0.00,0.00,0.00,0.00,0.00,,13.50,,11.09,11.09,1.0556,1.0556,0.8256,0
220,8,29.48,0.00,0.12,0.10,0.12,0.10,0.00,,13.50,,11.90,11.90,1.0524,1.0524,0.8256,0
220,9,73.63,0.11,0.31,0.25,0.31,0.25,0.16,1440.00,13.50,13.60,14.70,13.96,1.0412,1.0442,0.8256,0
220,10,406.32,0.24,1.68,1.39,1.62,1.34,1.99,1440.00,13.50,14.69,25.50,16.05,0.9980,1.0358,0.8256,0
220,11,511.06,0.27,2.11,1.74,2.01,1.66,2.71,1440.00,13.50,15.13,29.56,16.68,0.9818,1.0333,0.8256,1
220,12,581.12,0.28,2.40,1.98,2.26,1.86,3.22,1440.00,13.50,15.43,32.22,16.93,0.9711,1.0323,0.8256,1
220,13,451.56,0.30,1.87,1.54,1.78,1.47,2.75,1440.00,13.50,15.14,29.15,16.11,0.9834,1.0355,0.8256,1
220,14,499.09,0.30,2.06,1.70,1.95,1.61,3.03,1440.00,13.50,15.32,30.96,16.55,0.9762,1.0338,0.8256,1
220,15,381.33,0.31,1.58,1.30,1.51,1.25,2.38,1440.00,13.50,14.93,27.33,16.03,0.9907,1.0359,0.8256,1
220,16,217.42,0.36,0.90,0.75,0.88,0.73,1.55,1440.00,13.50,14.43,22.36,15.03,1.0105,1.0399,0.8256,1
220,17,119.79,0.40,0.50,0.41,0.49,0.41,0.96,1440.00,13.50,14.08,18.95,14.39,1.0242,1.0424,0.8256,1
220,18,4.72,1.00,0.02,0.02,0.02,0.02,0.09,1440.00,13.50,13.56,15.48,15.03,1.0381,1.0399,0.8256,0
220,19,0.00,0.00,0.00,0.00,0.00,0.00,0.00,,13.50,,14.90,14.90,1.0404,1.0404,0.8256,0
220,20,0.00,0.00,0.00,0.00,0.00,0.00,0.00,,13.50,,15.09,15.09,1.0396,1.0396,0.8256,0
220,21,0.00,0.00,0.00,0.00,0.00,0.00,0.00,,13.50,,14.02,14.02,1.0439,1.0439,0.8256,0
220,22,0.00,0.00,0.00,0.00,0.00,0.00,0.00,,13.50,,14.09,14.09,1.0436,1.0436,0.8256,0
220,23,0.00,0.00,0.00,0.00,0.00,0.00,0.00,,13.50,,13.99,13.99,1.0440,1.0440,0.8256,0
220,24,0.00,0.00,0.00,0.00,0.00,0.00,0.00,,13.50,,13.65,13.65,1.0454,1.0454,0.8256,0
221,1,0.00,0.00,0.00,0.00,0.00,0.00,0.00,,13.54,,13.15,13.15,1.0474,1.0474,0.8256,0
221,2,0.00,0.00,0.00,0.00,0.00,0.00,0.00,,13.54,,12.35,12.35,1.0506,1.0506,0.8256,0
221,3,0.00,0.00,0.00,0.00,0.00,0.00,0.00,,13.54,,11.95,11.95,1.0522,1.0522,0.8256,0
221,4,0.00,0.00,0.00,0.00,0.00,0.00,0.00,,13.54,,11.86,11.86,1.0526,1.0526,0.8256,0
221,5,0.00,0.00,0.00,0.00,0.00,0.00,0.00,,13.54,,11.31,11.31,1.0548,1.0548,0.8256,0
221,6,0.00,0.00,0.00,0.00,0.00,0.00,0.00,,13.54,,11.06,11.06,1.0558,1.0558,0.8256,0
221,7,0.00,0.00,0.00,0.00,0.00,0.00,0.00,,13.54,,10.68,10.68,1.0573,1.0573,0.8256,0
221,8,47.51,0.00,0.20,0.17,0.20,0.17,0.00,,13.54,,11.96,11.96,1.0521,1.0521,0.8256,0
221,9,89.63,0.00,0.38,0.31,0.38,0.31,0.00,,13.54,,13.28,13.28,1.0469,1.0469,0.8256,0
221,10,573.99,0.21,2.37,1.95,2.26,1.87,2.39,1440.00,13.54,14.97,28.81,17.43,0.9848,1.0303,0.8256,0
221,11,797.60,0.24,3.27,2.70,3.03,2.50,3.89,1440.00,13.54,15.86,37.45,19.00,0.9502,1.0240,0.8256,1
221,12,887.14,0.27,3.63,2.99,3.31,2.73,4.71,1440.00,13.54,16.35,41.88,19.51,0.9325,1.0219,0.8256,1
221,13,885.78,0.30,3.63,2.99,3.27,2.70,5.27,1440.00,13.54,16.68,44.14,19.13,0.9234,1.0235,0.8256,1
221,14,800.53,0.32,3.28,2.71,2.98,2.46,5.05,1440.00,13.54,16.55,42.62,18.63,0.9295,1.0255,0.8256,1
221,15,591.93,0.34,2.44,2.01,2.26,1.86,4.05,1440.00,13.54,15.95,36.75,17.52,0.9530,1.0299,0.8256,1
221,16,310.49,0.43,1.29,1.06,1.22,1.01,2.67,1440.00,13.54,15.13,28.44,15.74,0.9862,1.0370,0.8256,1
221,17,140.40,0.62,0.58,0.48,0.57,0.47,1.74,1440.00,13.54,14.58,22.88,14.59,1.0085,1.0416,0.8256,1
221,18,5.03,1.00,0.02,0.02,0.02,0.02,0.10,1440.00,13.54,13.60,18.23,17.75,1.0271,1.0290,0.8256,0
221,19,0.00,0.00,0.00,0.00,0.00,0.00,0.00,,13.54,,17.32,17.32,1.0307,1.0307,0.8256,0
221,20,0.00,0.00,0.00,0.00,0.00,0.00,0.00,,13.54,,17.43,17.43,1.0303,1.0303,0.8256,0
221,21,0.00,0.00,0.00,0.00,0.00,0.00,0.00,,13.54,,16.38,16.38,1.0345,1.0345,0.8256,0
221,22,0.00,0.00,0.00,0.00,0.00,0.00,0.00,,13.54,,15.69,15.69,1.0372,1.0372,0.8256,0
221,23,0.00,0.00,0.00,0.00,0.00,0.00,0.00,,13.54,,14.78,14.78,1.0409,1.0409,0.8256,0
221,24,0.00,0.00,0.00,0.00,0.00,0.00,0.00,,13.54,,14.07,14.07,1.0437,1.0437,0.8256,0
222,1,0.00,0.00,0.00,0.00,0.00,0.00,0.00,,13.57,,13.35,13.35,1.0466,1.0466,0.8256,0
222,2,0.00,0.00,0.00,0.00,0.00,0.00,0.00,,13.57,,12.46,12.46,1.0502,1.0502,0.8256,0
222,3,0.00,0.00,0.00,0.00,0.00,0.00,0.00,,13.57,,11.79,11.79,1.0528,1.0528,0.8256,0
222,4,0.00,0.00,0.00,0.00,0.00,0.00,0.00,,13.57,,11.39,11.39,1.0544,1.0544,0.8256,0
222,5,0.00,0.00,0.00,0.00,0.00,0.00,0.00,,13.57,,11.19,11.19,1.0552,1.0552,0.8256,0
222,6,0.00,0.00,0.00,0.00,0.00,0.00,0.00,,13.57,,11.07,11.07,1.0557,1.0557,0.8256,0
222,7,0.00,0.00,0.00,0.00,0.00,0.00,0.00,,13.57,,10.95,10.95,1.0562,1.0562,0.8256,0
222,8,49.59,0.00,0.21,0.17,0.21,0.17,0.00,,13.57,,12.55,12.55,1.0498,1.0498,0.8256,0
222,9,102.64,0.10,0.43,0.35,0.43,0.35,0.21,1440.00,13.57,13.69,15.44,14.45,1.0383,1.0422,0.8256,0
222,10,267.06,0.23,1.11,0.91,1.08,0.89,1.22,1440.00,13.57,14.30,21.55,15.77,1.0138,1.0369,0.8256,0
222,11,278.91,0.28,1.16,0.95,1.12,0.93,1.57,1440.00,13.57,14.51,23.34,15.86,1.0067,1.0365,0.8256,1
222,12,312.68,0.30,1.29,1.07,1.25,1.03,1.89,1440.00,13.57,14.70,25.13,16.16,0.9995,1.0354,0.8256,1
222,13,570.65,0.30,2.34,1.93,2.19,1.81,3.41,1440.00,13.57,15.61,34.61,18.42,0.9615,1.0263,0.8256,1
222,14,652.24,0.31,2.67,2.20,2.47,2.04,4.08,1440.00,13.57,16.00,38.53,19.18,0.9459,1.0233,0.8256,1
222,15,618.96,0.33,2.54,2.10,2.34,1.94,4.11,1440.00,13.57,16.03,38.30,18.76,0.9468,1.0249,0.8256,1
222,16,413.07,0.40,1.71,1.41,1.60,1.32,3.31,1440.00,13.57,15.55,32.62,16.90,0.9695,1.0324,0.8256,1
222,17,160.38,0.64,0.67,0.55,0.64,0.53,2.06,1440.00,13.57,14.80,24.61,14.81,1.0016,1.0408,0.8256,1
222,18,4.58,1.00,0.02,0.02,0.02,0.02,0.09,1440.00,13.57,13.62,19.36,18.93,1.0225,1.0243,0.8256,0
222,19,0.00,0.00,0.00,0.00,0.00,0.00,0.00,,13.57,,18.03,18.03,1.0279,1.0279,0.8256,0
222,20,0.00,0.00,0.00,0.00,0.00,0.00,0.00,,13.57,,17.40,17.40,1.0304,1.0304,0.8256,0
222,21,0.00,0.00,0.00,0.00,0.00,0.00,0.00,,13.57,,16.19,16.19,1.0352,1.0352,0.8256,0
222,22,0.00,0.00,0.00,0.00,0.00,0.00,0.00,,13.57,,15.16,15.16,1.0394,1.0394,0.8256,0
222,23,0.00,0.00,0.00,0.00,0.00,0.00,0.00,,13.57,,13.76,13.76,1.0450,1.0450,0.8256,0
222,24,0.00,0.00,0.00,0.00,0.00,0.00,0.00,,13.57,,12.87,12.87,1.0485,1.0485,0.8256,0
223,1,0.00,0.00,0.00,0.00,0.00,0.00,0.00,,13.60,,12.20,12.20,1.0512,1.0512,0.8256,0
223,2,0.00,0.00,0.00,0.00,0.00,0.00,0.00,,13.60,,11.51,11.51,1.0540,1.0540,0.8256,0
223,3,0.00,0.00,0.00,0.00,0.00,0.00,0.00,,13.60,,11.27,11.27,1.0549,1.0549,0.8256,0
223,4,0.00,0.00,0.00,0.00,0.00,0.00,0.00,,13.60,,10.81,10.81,1.0568,1.0568,0.8256,0
223,5,0.00,0.00,0.00,0.00,0.00,0.00,0.00,,13.60,,10.19,10.19,1.0592,1.0592,0.8256,0
223,6,0.00,0.00,0.00,0.00,0.00,0.00,0.00,,13.60,,9.98,9.98,1.0601,1.0601,0.8256,0
223,7,0.00,0.00,0.00,0.00,0.00,0.00,0.00,,13.60,,9.81,9.81,1.0608,1.0608,0.8256,0
223,8,31.33,0.00,0.13,0.11,0.13,0.11,0.00,,13.60,,10.80,10.80,1.0568,1.0568,0.8256,0
223,9,73.11,0.00,0.31,0.25,0.31,0.25,0.00,,13.60,,13.17,13.17,1.0473,1.0473,0.8256,0
223,10,538.26,0.19,2.21,1.82,2.13,1.75,2.04,1440.00,13.60,14.82,28.18,18.49,0.9873,1.0260,0.8256,0
223,11,670.95,0.20,2.74,2.26,2.60,2.15,2.69,1440.00,13.60,15.21,32.93,20.16,0.9683,1.0194,0.8256,1
223,12,789.24,0.20,3.20,2.64,3.01,2.48,3.16,1440.00,13.60,15.49,36.68,21.70,0.9533,1.0132,0.8256,1
223,13,773.69,0.20,3.13,2.59,2.95,2.43,3.16,1440.00,13.60,15.49,36.81,21.79,0.9528,1.0128,0.8256,1
223,14,666.29,0.20,2.71,2.24,2.57,2.13,2.68,1440.00,13.60,15.21,33.50,20.75,0.9660,1.0170,0.8256,1
223,15,449.88,0.19,1.85,1.52,1.79,1.48,1.75,1440.00,13.60,14.65,26.77,18.48,0.9929,1.0261,0.8256,1
223,16,329.07,0.19,1.36,1.12,1.33,1.10,1.23,1440.00,13.60,14.34,23.01,17.17,1.0079,1.0313,0.8256,1
223,17,153.26,0.13,0.64,0.53,0.63,0.52,0.38,1440.00,13.60,13.83,17.08,15.26,1.0317,1.0390,0.8256,1
223,18,7.24,0.00,0.03,0.03,0.03,0.03,0.00,,13.60,,11.95,11.95,1.0522,1.0522,0.8256,0
223,19,0.00,0.00,0.00,0.00,0.00,0.00,0.00,,13.60,,11.29,11.29,1.0548,1.0548,0.8256,0
223,20,0.00,0.00,0.00,0.00,0.00,0.00,0.00,,13.60,,11.49,11.49,1.0540,1.0540,0.8256,0
223,21,0.00,0.00,0.00,0.00,0.00,0.00,0.00,,13.60,,11.07,11.07,1.0557,1.0557,0.8256,0
223,22,0.00,0.00,0.00,0.00,0.00,0.00,0.00,,13.60,,10.87,10.87,1.0565,1.0565,0.8256,0
223,23,0.00,0.00,0.00,0.00,0.00,0.00,0.00,,13.60,,10.53,10.53,1.0579,1.0579,0.8256,0
223,24,0.00,0.00,0.00,0.00,0.00,0.00,0.00,,13.60,,10.22,10.22,1.0591,1.0591,0.8256,0
224,1,0.00,0.00,0.00,0.00,0.00,0.00,0.00,,13.64,,9.90,9.90,1.0604,1.0604,0.8256,0
224,2,0.00,0.00,0.00,0.00,0.00,0.00,0.00,,13.64,,9.83,9.83,1.0607,1.0607,0.8256,0
224,3,0.00,0.00,0.00,0.00,0.00,0.00,0.00,,13.64,,9.73,9.73,1.0611,1.0611,0.8256,0
224,4,0.00,0.00,0.00,0.00,0.00,0.00,0.00,,13.64,,9.62,9.62,1.0615,1.0615,0.8256,0
224,5,0.00,0.00,0.00,0.00,0.00,0.00,0.00,,13.64,,9.56,9.56,1.0618,1.0618,0.8256,0
224,6,0.00,0.00,0.00,0.00,0.00,0.00,0.00,,13.64,,9.79,9.79,1.0608,1.0608,0.8256,0
224,7,0.00,0.00,0.00,0.00,0.00,0.00,0.00,,13.64,,9.83,9.83,1.0607,1.0607,0.8256,0
224,8,35.59,0.00,0.15,0.12,0.15,0.12,0.00,,13.64,,10.98,10.98,1.0561,1.0561,0.8256,0
224,9,77.75,0.00,0.33,0.27,0.33,0.27,0.00,,13.64,,13.41,13.41,1.0464,1.0464,0.8256,0
224,10,439.08,0.18,1.81,1.49,1.75,1.45,1.57,1440.00,13.64,14.58,25.20,17.74,0.9992,1.0290,0.8256,0
224,11,559.44,0.20,2.29,1.89,2.20,1.81,2.27,1440.00,13.64,14.99,29.54,18.78,0.9818,1.0249,0.8256,1
224,12,610.02,0.20,2.50,2.06,2.38,1.96,2.50,1440.00,13.64,15.13,31.18,19.31,0.9753,1.0228,0.8256,1
224,13,569.36,0.22,2.33,1.93,2.23,1.84,2.45,1440.00,13.64,15.10,30.48,18.84,0.9781,1.0246,0.8256,1
224,14,501.34,0.21,2.06,1.70,1.98,1.63,2.10,1440.00,13.64,14.90,28.34,18.35,0.9867,1.0266,0.8256,1
224,15,268.40,0.18,1.11,0.92,1.09,0.90,0.95,1440.00,13.64,14.21,20.88,16.35,1.0165,1.0346,0.8256,1
224,16,214.39,0.16,0.89,0.73,0.88,0.72,0.67,1440.00,13.64,14.04,19.03,15.84,1.0239,1.0367,0.8256,1
224,17,128.22,0.11,0.53,0.44,0.53,0.44,0.27,1440.00,13.64,13.80,16.20,14.90,1.0352,1.0404,0.8256,1
224,18,5.24,0.00,0.02,0.02,0.02,0.02,0.00,,13.64,,12.34,12.34,1.0506,1.0506,0.8256,0
224,19,0.00,0.00,0.00,0.00,0.00,0.00,0.00,,13.64,,11.95,11.95,1.0522,1.0522,0.8256,0
224,20,0.00,0.00,0.00,0.00,0.00,0.00,0.00,,13.64,,12.07,12.07,1.0517,1.0517,0.8256,0
224,21,0.00,0.00,0.00,0.00,0.00,0.00,0.00,,13.64,,12.52,12.52,1.0499,1.0499,0.8256,0
224,22,0.00,0.00,0.00,0.00,0.00,0.00,0.00,,13.64,,12.17,12.17,1.0513,1.0513,0.8256,0
224,23,0.00,0.00,0.00,0.00,0.00,0.00,0.00,,13.64,,11.85,11.85,1.0526,1.0526,0.8256,0
224,24,0.00,0.00,0.00,0.00,0.00,0.00,0.00,,13.64,,11.44,11.44,1.0542,1.0542,0.8256,0
225,1,0.00,0.00,0.00,0.00,0.00,0.00,0.00,,13.68,,11.25,11.25,1.0550,1.0550,0.8256,0
225,2,0.00,0.00,0.00,0.00,0.00,0.00,0.00,,13.68,,11.23,11.23,1.0551,1.0551,0.8256,0
225,3,0.00,0.00,0.00,0.00,0.00,0.00,0.00,,13.68,,11.52,11.52,1.0539,1.0539,0.8256,0
225,4,0.00,0.00,0.00,0.00,0.00,0.00,0.00,,13.68,,11.34,11.34,1.0546,1.0546,0.8256,0
225,5,0.00,0.00,0.00,0.00,0.00,0.00,0.00,,13.68,,11.17,11.17,1.0553,1.0553,0.8256,0
225,6,0.00,0.00,0.00,0.00,0.00,0.00,0.00,,13.68,,11.17,11.17,1.0553,1.0553,0.8256,0
225,7,0.00,0.00,0.00,0.00,0.00,0.00,0.00,,13.68,,11.09,11.09,1.0556,1.0556,0.8256,0
225,8,35.82,0.00,0.15,0.12,0.15,0.12,0.00,,13.68,,12.21,12.21,1.0512,1.0512,0.8256,0
225,9,64.88,0.00,0.27,0.22,0.27,0.22,0.00,,13.68,,13.96,13.96,1.0442,1.0442,0.8256,0
225,10,491.56,0.19,2.02,1.66,1.95,1.61,1.91,1440.00,13.68,14.82,27.65,18.59,0.9894,1.0257,0.8256,0
225,11,603.10,0.21,2.46,2.03,2.35,1.94,2.56,1440.00,13.68,15.21,31.75,19.57,0.9730,1.0217,0.8256,1
225,12,641.18,0.22,2.62,2.16,2.48,2.05,2.84,1440.00,13.68,15.37,33.31,19.84,0.9668,1.0206,0.8256,1
225,13,603.04,0.24,2.47,2.04,2.34,1.93,2.87,1440.00,13.68,15.39,32.96,19.31,0.9681,1.0227,0.8256,1
225,14,666.38,0.24,2.72,2.25,2.56,2.11,3.24,1440.00,13.68,15.61,35.16,19.76,0.9593,1.0209,0.8256,1
225,15,541.47,0.25,2.22,1.83,2.11,1.74,2.70,1440.00,13.68,15.29,31.37,18.57,0.9745,1.0257,0.8256,1
225,16,344.46,0.26,1.42,1.18,1.38,1.14,1.77,1440.00,13.68,14.73,25.10,16.69,0.9996,1.0332,0.8256,1
225,17,139.99,0.25,0.58,0.48,0.58,0.47,0.71,1440.00,13.68,14.10,18.26,14.89,1.0269,1.0404,0.8256,1
225,18,8.40,0.38,0.04,0.03,0.04,0.03,0.06,1440.00,13.68,13.71,14.05,13.75,1.0438,1.0450,0.8256,0
225,19,0.00,0.00,0.00,0.00,0.00,0.00,0.00,,13.68,,13.10,13.10,1.0476,1.0476,0.8256,0
225,20,0.00,0.00,0.00,0.00,0.00,0.00,0.00,,13.68,,13.18,13.18,1.0473,1.0473,0.8256,0
225,21,0.00,0.00,0.00,0.00,0.00,0.00,0.00,,13.68,,12.39,12.39,1.0504,1.0504,0.8256,0
225,22,0.00,0.00,0.00,0.00,0.00,0.00,0.00,,13.68,,12.23,12.23,1.0511,1.0511,0.8256,0
225,23,0.00,0.00,0.00,0.00,0.00,0.00,0.00,,13.68,,11.84,11.84,1.0526,1.0526,0.8256,0
225,24,0.00,0.00,0.00,0.00,0.00,0.00,0.00,,13.68,,11.54,11.54,1.0538,1.0538,0.8256,0
226,1,0.00,0.00,0.00,0.00,0.00,0.00,0.00,,13.71,,11.24,11.24,1.0550,1.0550,0.8256,0
226,2,0.00,0.00,0.00,0.00,0.00,0.00,0.00,,13.71,,10.76,10.76,1.0570,1.0570,0.8256,0
226,3,0.00,0.00,0.00,0.00,0.00,0.00,0.00,,13.71,,10.42,10.42,1.0583,1.0583,0.8256,0
226,4,0.00,0.00,0.00,0.00,0.00,0.00,0.00,,13.71,,10.19,10.19,1.0592,1.0592,0.8256,0
226,5,0.00,0.00,0.00,0.00,0.00,0.00,0.00,,13.71,,10.07,10.07,1.0597,1.0597,0.8256,0
226,6,0.00,0.00,0.00,0.00,0.00,0.00,0.00,,13.71,,9.94,9.94,1.0602,1.0602,0.8256,0
226,7,0.00,0.00,0.00,0.00,0.00,0.00,0.00,,13.71,,9.91,9.91,1.0604,1.0604,0.8256,0
226,8,40.08,0.00,0.17,0.14,0.17,0.14,0.00,,13.71,,11.18,11.18,1.0553,1.0553,0.8256,0
226,9,85.22,0.00,0.36,0.29,0.36,0.29,0.00,,13.71,,13.52,13.52,1.0459,1.0459,0.8256,0
226,10,535.92,0.22,2.21,1.82,2.11,1.74,2.32,1440.00,13.71,15.10,28.69,17.67,0.9853,1.0293,0.8256,0
226,11,533.39,0.25,2.20,1.81,2.09,1.73,2.64,1440.00,13.71,15.29,30.16,17.62,0.9794,1.0295,0.8256,1
226,12,652.57,0.26,2.68,2.21,2.51,2.07,3.36,1440.00,13.71,15.72,34.47,18.49,0.9621,1.0260,0.8256,1
226,13,582.24,0.27,2.39,1.98,2.25,1.86,3.19,1440.00,13.71,15.62,33.33,18.16,0.9667,1.0273,0.8256,1
226,14,570.27,0.28,2.34,1.93,2.21,1.82,3.14,1440.00,13.71,15.59,33.15,18.23,0.9674,1.0271,0.8256,1
226,15,481.49,0.28,1.98,1.64,1.88,1.56,2.68,1440.00,13.71,15.32,30.41,17.68,0.9784,1.0293,0.8256,1
226,16,292.43,0.30,1.21,1.00,1.17,0.97,1.76,1440.00,13.71,14.77,24.51,16.15,1.0020,1.0354,0.8256,1
226,17,150.91,0.33,0.63,0.52,0.62,0.51,1.00,1440.00,13.71,14.31,19.73,15.00,1.0211,1.0400,0.8256,1
226,18,6.89,1.00,0.03,0.02,0.03,0.02,0.14,1440.00,13.71,13.80,15.23,14.57,1.0391,1.0417,0.8256,0
226,19,0.00,0.00,0.00,0.00,0.00,0.00,0.00,,13.71,,14.47,14.47,1.0421,1.0421,0.8256,0
226,20,0.00,0.00,0.00,0.00,0.00,0.00,0.00,,13.71,,14.45,14.45,1.0422,1.0422,0.8256,0
226,21,0.00,0.00,0.00,0.00,0.00,0.00,0.00,,13.71,,13.77,13.77,1.0449,1.0449,0.8256,0
226,22,0.00,0.00,0.00,0.00,0.00,0.00,0.00,,13.71,,13.51,13.51,1.0460,1.0460,0.8256,0
226,23,0.00,0.00,0.00,0.00,0.00,0.00,0.00,,13.71,,13.20,13.20,1.0472,1.0472,0.8256,0
226,24,0.00,0.00,0.00,0.00,0.00,0.00,0.00,,13.71,,12.99,12.99,1.0480,1.0480,0.8256,0
227,1,0.00,0.00,0.00,0.00,0.00,0.00,0.00,,13.75,,12.79,12.79,1.0488,1.0488,0.8256,0
227,2,0.00,0.00,0.00,0.00,0.00,0.00,0.00,,13.75,,12.37,12.37,1.0505,1.0505,0.8256,0
227,3,0.00,0.00,0.00,0.00,0.00,0.00,0.00,,13.75,,12.17,12.17,1.0513,1.0513,0.8256,0
227,4,0.00,0.00,0.00,0.00,0.00,0.00,0.00,,13.75,,11.83,11.83,1.0527,1.0527,0.8256,0
227,5,0.00,0.00,0.00,0.00,0.00,0.00,0.00,,13.75,,11.35,11.35,1.0546,1.0546,0.8256,0
227,6,0.00,0.00,0.00,0.00,0.00,0.00,0.00,,13.75,,11.18,11.18,1.0553,1.0553,0.8256,0
227,7,0.00,0.00,0.00,0.00,0.00,0.00,0.00,,13.75,,10.71,10.71,1.0572,1.0572,0.8256,0
227,8,40.70,0.00,0.17,0.14,0.17,0.14,0.00,,13.75,,12.03,12.03,1.0519,1.0519,0.8256,0
227,9,433.43,0.23,1.79,1.48,1.73,1.42,1.99,1440.00,13.75,14.94,26.16,16.72,0.9953,1.0331,0.8256,0
227,10,595.94,0.25,2.45,2.02,2.32,1.91,3.01,1440.00,13.75,15.55,32.19,17.90,0.9712,1.0284,0.8256,0
227,11,680.78,0.27,2.79,2.31,2.61,2.15,3.65,1440.00,13.75,15.93,35.80,18.49,0.9568,1.0260,0.8256,1
227,12,697.94,0.28,2.87,2.37,2.66,2.20,3.90,1440.00,13.75,16.08,36.82,18.31,0.9527,1.0268,0.8256,1
227,13,688.72,0.29,2.83,2.34,2.62,2.16,4.01,1440.00,13.75,16.15,37.24,18.21,0.9510,1.0272,0.8256,1
227,14,653.32,0.29,2.69,2.22,2.50,2.06,3.82,1440.00,13.75,16.04,36.28,18.12,0.9549,1.0275,0.8256,1
227,15,431.01,0.31,1.78,1.47,1.69,1.40,2.64,1440.00,13.75,15.33,29.31,16.77,0.9828,1.0329,0.8256,1
227,16,278.68,0.33,1.16,0.95,1.12,0.92,1.83,1440.00,13.75,14.85,24.53,15.83,1.0019,1.0367,0.8256,1
227,17,157.93,0.36,0.66,0.54,0.64,0.53,1.12,1440.00,13.75,14.43,20.32,14.98,1.0187,1.0401,0.8256,1
227,18,9.52,1.00,0.04,0.03,0.04,0.03,0.19,1440.00,13.75,13.87,15.61,14.70,1.0376,1.0412,0.8256,0
227,19,0.00,0.00,0.00,0.00,0.00,0.00,0.00,,13.75,,14.78,14.78,1.0409,1.0409,0.8256,0
227,20,0.00,0.00,0.00,0.00,0.00,0.00,0.00,,13.75,,14.88,14.88,1.0405,1.0405,0.8256,0
227,21,0.00,0.00,0.00,0.00,0.00,0.00,0.00,,13.75,,13.96,13.96,1.0442,1.0442,0.8256,0
227,22,0.00,0.00,0.00,0.00,0.00,0.00,0.00,,13.75,,13.90,13.90,1.0444,1.0444,0.8256,0
227,23,0.00,0.00,0.00,0.00,0.00,0.00,0.00,,13.75,,14.35,14.35,1.0426,1.0426,0.8256,0
227,24,0.00,0.00,0.00,0.00,0.00,0.00,0.00,,13.75,,14.20,14.20,1.0432,1.0432,0.8256,0
228,1,0.00,0.00,0.00,0.00,0.00,0.00,0.00,,13.79,,13.57,13.57,1.0457,1.0457,0.8256,0
228,2,0.00,0.00,0.00,0.00,0.00,0.00,0.00,,13.79,,12.80,12.80,1.0488,1.0488,0.8256,0
228,3,0.00,0.00,0.00,0.00,0.00,0.00,0.00,,13.79,,12.26,12.26,1.0510,1.0510,0.8256,0
228,4,0.00,0.00,0.00,0.00,0.00,0.00,0.00,,13.79,,12.01,12.01,1.0520,1.0520,0.8256,0
228,5,0.00,0.00,0.00,0.00,0.00,0.00,0.00,,13.79,,11.91,11.91,1.0524,1.0524,0.8256,0
228,6,0.00,0.00,0.00,0.00,0.00,0.00,0.00,,13.79,,11.84,11.84,1.0526,1.0526,0.8256,0
228,7,0.00,0.00,0.00,0.00,0.00,0.00,0.00,,13.79,,11.91,11.91,1.0524,1.0524,0.8256,0
228,8,50.92,0.00,0.21,0.18,0.21,0.18,0.00,,13.79,,13.45,13.45,1.0462,1.0462,0.8256,0
228,9,324.09,0.21,1.34,1.11,1.31,1.08,1.33,1440.00,13.79,14.59,22.30,15.96,1.0108,1.0362,0.8256,0
228,10,487.23,0.23,2.01,1.66,1.93,1.59,2.27,1440.00,13.79,15.15,27.94,17.16,0.9883,1.0314,0.8256,0
228,11,635.09,0.26,2.61,2.16,2.45,2.03,3.28,1440.00,13.79,15.75,33.58,18.01,0.9657,1.0280,0.8256,1
228,12,552.63,0.27,2.28,1.88,2.15,1.78,3.02,1440.00,13.79,15.60,31.68,17.34,0.9733,1.0306,0.8256,1
228,13,403.14,0.30,1.67,1.38,1.59,1.32,2.44,1440.00,13.79,15.25,27.83,16.23,0.9887,1.0351,0.8256,1
228,14,277.36,0.33,1.15,0.95,1.11,0.92,1.81,1440.00,13.79,14.88,24.04,15.43,1.0039,1.0383,0.8256,1
228,15,187.01,0.33,0.78,0.64,0.76,0.63,1.25,1440.00,13.79,14.54,20.94,15.00,1.0162,1.0400,0.8256,1
228,16,156.60,0.35,0.65,0.54,0.64,0.53,1.10,1440.00,13.79,14.45,20.15,14.92,1.0194,1.0403,0.8256,1
228,17,132.94,0.31,0.55,0.46,0.55,0.45,0.82,1440.00,13.79,14.28,18.69,14.80,1.0252,1.0408,0.8256,1
228,18,3.48,1.00,0.01,0.01,0.01,0.01,0.07,1440.00,13.79,13.84,14.44,14.11,1.0422,1.0436,0.8256,0
228,19,0.00,0.00,0.00,0.00,0.00,0.00,0.00,,13.79,,13.92,13.92,1.0443,1.0443,0.8256,0
228,20,0.00,0.00,0.00,0.00,0.00,0.00,0.00,,13.79,,14.06,14.06,1.0438,1.0438,0.8256,0
228,21,0.00,0.00,0.00,0.00,0.00,0.00,0.00,,13.79,,14.15,14.15,1.0434,1.0434,0.8256,0
228,22,0.00,0.00,0.00,0.00,0.00,0.00,0.00,,13.79,,14.28,14.28,1.0429,1.0429,0.8256,0
228,23,0.00,0.00,0.00,0.00,0.00,0.00,0.00,,13.79,,14.67,14.67,1.0413,1.0413,0.8256,0
228,24,0.00,0.00,0.00,0.00,0.00,0.00,0.00,,13.79,,14.55,14.55,1.0418,1.0418,0.8256,0
229,1,0.00,0.00,0.00,0.00,0.00,0.00,0.00,,13.84,,14.81,14.81,1.0408,1.0408,0.8256,0
229,2,0.00,0.00,0.00,0.00,0.00,0.00,0.00,,13.84,,15.01,15.01,1.0400,1.0400,0.8256,0
229,3,0.00,0.00,0.00,0.00,0.00,0.00,0.00,,13.84,,15.03,15.03,1.0399,1.0399,0.8256,0
229,4,0.00,0.00,0.00,0.00,0.00,0.00,0.00,,13.84,,14.86,14.86,1.0406,1.0406,0.8256,0
229,5,0.00,0.00,0.00,0.00,0.00,0.00,0.00,,13.84,,15.12,15.12,1.0395,1.0395,0.8256,0
229,6,0.00,0.00,0.00,0.00,0.00,0.00,0.00,,13.84,,15.12,15.12,1.0395,1.0395,0.8256,0
229,7,0.00,0.00,0.00,0.00,0.00,0.00,0.00,,13.84,,14.69,14.69,1.0412,1.0412,0.8256,0
229,8,14.20,0.46,0.06,0.05,0.06,0.05,0.13,1440.00,13.84,13.91,14.60,13.99,1.0416,1.0441,0.8256,0
229,9,44.35,0.50,0.19,0.15,0.18,0.15,0.45,1440.00,13.84,14.10,16.36,14.24,1.0346,1.0430,0.8256,0
229,10,41.64,0.59,0.17,0.14,0.17,0.14,0.49,1440.00,13.84,14.13,16.55,14.23,1.0338,1.0431,0.8256,0
229,11,28.87,0.87,0.12,0.10,0.12,0.10,0.50,1440.00,13.84,14.14,16.48,14.10,1.0341,1.0436,0.8256,0
229,12,65.73,0.49,0.27,0.23,0.27,0.22,0.65,1440.00,13.84,14.23,17.34,14.25,1.0306,1.0430,0.8256,1
229,13,144.01,0.37,0.60,0.49,0.59,0.49,1.07,1440.00,13.84,14.48,19.94,14.86,1.0202,1.0406,0.8256,1
229,14,273.23,0.32,1.13,0.93,1.10,0.90,1.75,1440.00,13.84,14.88,24.42,16.11,1.0023,1.0355,0.8256,1
229,15,269.53,0.33,1.12,0.92,1.08,0.89,1.80,1440.00,13.84,14.91,24.57,16.03,1.0017,1.0359,0.8256,1
229,16,142.69,0.42,0.59,0.49,0.58,0.48,1.19,1440.00,13.84,14.55,20.62,14.98,1.0175,1.0401,0.8256,1
229,17,130.59,0.41,0.54,0.45,0.53,0.44,1.08,1440.00,13.84,14.48,20.06,14.95,1.0198,1.0402,0.8256,1
229,18,9.53,1.00,0.04,0.03,0.04,0.03,0.19,1440.00,13.84,13.95,15.83,14.92,1.0367,1.0403,0.8256,0
229,19,0.00,0.00,0.00,0.00,0.00,0.00,0.00,,13.84,,14.81,14.81,1.0408,1.0408,0.8256,0
229,20,0.00,0.00,0.00,0.00,0.00,0.00,0.00,,13.84,,14.50,14.50,1.0420,1.0420,0.8256,0
229,21,0.00,0.00,0.00,0.00,0.00,0.00,0.00,,13.84,,14.50,14.50,1.0420,1.0420,0.8256,0
229,22,0.00,0.00,0.00,0.00,0.00,0.00,0.00,,13.84,,14.08,14.08,1.0437,1.0437,0.8256,0
229,23,0.00,0.00,0.00,0.00,0.00,0.00,0.00,,13.84,,13.87,13.87,1.0445,1.0445,0.8256,0
229,24,0.00,0.00,0.00,0.00,0.00,0.00,0.00,,13.84,,13.62,13.62,1.0455,1.0455,0.8256,0
230,1,0.00,0.00,0.00,0.00,0.00,0.00,0.00,,13.88,,13.10,13.10,1.0476,1.0476,0.8256,0
230,2,0.00,0.00,0.00,0.00,0.00,0.00,0.00,,13.88,,12.79,12.79,1.0488,1.0488,0.8256,0
230,3,0.00,0.00,0.00,0.00,0.00,0.00,0.00,,13.88,,12.60,12.60,1.0496,1.0496,0.8256,0
230,4,0.00,0.00,0.00,0.00,0.00,0.00,0.00,,13.88,,12.74,12.74,1.0490,1.0490,0.8256,0
230,5,0.00,0.00,0.00,0.00,0.00,0.00,0.00,,13.88,,12.94,12.94,1.0482,1.0482,0.8256,0
230,6,0.00,0.00,0.00,0.00,0.00,0.00,0.00,,13.88,,13.02,13.02,1.0479,1.0479,0.8256,0
230,7,0.00,0.00,0.00,0.00,0.00,0.00,0.00,,13.88,,12.79,12.79,1.0488,1.0488,0.8256,0
230,8,33.17,0.00,0.14,0.11,0.14,0.11,0.00,,13.88,,13.96,13.96,1.0442,1.0442,0.8256,0
230,9,61.81,0.22,0.26,0.21,0.26,0.21,0.28,1440.00,13.88,14.04,15.75,14.44,1.0370,1.0422,0.8256,0
230,10,111.48,0.27,0.46,0.38,0.46,0.38,0.60,1440.00,13.88,14.24,17.97,15.15,1.0281,1.0394,0.8256,0
230,11,98.48,0.22,0.41,0.34,0.41,0.34,0.44,1440.00,13.88,14.14,17.38,15.31,1.0305,1.0388,0.8256,1
230,12,134.20,0.17,0.56,0.46,0.55,0.46,0.46,1440.00,13.88,14.15,18.09,15.91,1.0276,1.0363,0.8256,1
230,13,116.74,0.18,0.48,0.40,0.48,0.40,0.41,1440.00,13.88,14.13,17.55,15.59,1.0298,1.0377,0.8256,1
230,14,85.21,0.17,0.35,0.29,0.35,0.29,0.29,1440.00,13.88,14.05,16.48,15.10,1.0341,1.0396,0.8256,1
230,15,58.20,0.29,0.24,0.20,0.24,0.20,0.34,1440.00,13.88,14.08,16.31,14.69,1.0348,1.0412,0.8256,1
230,16,68.28,0.29,0.28,0.23,0.28,0.23,0.40,1440.00,13.88,14.12,16.74,14.83,1.0330,1.0407,0.8256,1
230,17,47.60,0.35,0.20,0.16,0.20,0.16,0.33,1440.00,13.88,14.08,16.12,14.56,1.0355,1.0418,0.8256,0
230,18,2.29,1.00,0.01,0.01,0.01,0.01,0.05,1440.00,13.88,13.91,14.86,14.64,1.0406,1.0414,0.8256,0
230,19,0.00,0.00,0.00,0.00,0.00,0.00,0.00,,13.88,,14.78,14.78,1.0409,1.0409,0.8256,0
230,20,0.00,0.00,0.00,0.00,0.00,0.00,0.00,,13.88,,14.77,14.77,1.0409,1.0409,0.8256,0
230,21,0.00,0.00,0.00,0.00,0.00,0.00,0.00,,13.88,,14.45,14.45,1.0422,1.0422,0.8256,0
230,22,0.00,0.00,0.00,0.00,0.00,0.00,0.00,,13.88,,14.42,14.42,1.0423,1.0423,0.8256,0
230,23,0.00,0.00,0.00,0.00,0.00,0.00,0.00,,13.88,,14.17,14.17,1.0433,1.0433,0.8256,0
230,24,0.00,0.00,0.00,0.00,0.00,0.00,0.00,,13.88,,14.06,14.06,1.0438,1.0438,0.8256,0
231,1,0.00,0.00,0.00,0.00,0.00,0.00,0.00,,13.92,,14.03,14.03,1.0439,1.0439,0.8256,0
231,2,0.00,0.00,0.00,0.00,0.00,0.00,0.00,,13.92,,14.00,14.00,1.0440,1.0440,0.8256,0
231,3,0.00,0.00,0.00,0.00,0.00,0.00,0.00,,13.92,,14.00,14.00,1.0440,1.0440,0.8256,0
231,4,0.00,0.00,0.00,0.00,0.00,0.00,0.00,,13.92,,13.98,13.98,1.0441,1.0441,0.8256,0
231,5,0.00,0.00,0.00,0.00,0.00,0.00,0.00,,13.92,,14.41,14.41,1.0424,1.0424,0.8256,0
231,6,0.00,0.00,0.00,0.00,0.00,0.00,0.00,,13.92,,14.21,14.21,1.0432,1.0432,0.8256,0
231,7,0.00,0.00,0.00,0.00,0.00,0.00,0.00,,13.92,,13.73,13.73,1.0451,1.0451,0.8256,0
231,8,51.25,0.07,0.21,0.18,0.21,0.18,0.07,1440.00,13.92,13.96,14.93,14.61,1.0403,1.0416,0.8256,0
231,9,325.27,0.21,1.34,1.10,1.30,1.08,1.33,1440.00,13.92,14.72,24.63,18.30,1.0015,1.0268,0.8256,0
231,10,469.11,0.21,1.91,1.58,1.84,1.52,1.98,1440.00,13.92,15.11,29.55,20.16,0.9818,1.0194,0.8256,0
231,11,560.38,0.22,2.28,1.88,2.17,1.79,2.46,1440.00,13.92,15.39,32.70,21.04,0.9692,1.0158,0.8256,1
231,12,686.16,0.21,2.77,2.29,2.62,2.16,2.95,1440.00,13.92,15.69,36.72,22.72,0.9531,1.0091,0.8256,1
231,13,580.64,0.22,2.36,1.94,2.24,1.85,2.50,1440.00,13.92,15.42,33.39,21.49,0.9665,1.0140,0.8256,1
231,14,526.42,0.21,2.14,1.77,2.05,1.70,2.16,1440.00,13.92,15.22,31.11,20.84,0.9756,1.0166,0.8256,1
231,15,374.32,0.21,1.53,1.27,1.49,1.23,1.59,1440.00,13.92,14.87,26.40,18.84,0.9944,1.0246,0.8256,1
231,16,200.06,0.22,0.83,0.68,0.81,0.67,0.89,1440.00,13.92,14.46,20.74,16.51,1.0170,1.0340,0.8256,1
231,17,146.28,0.21,0.61,0.50,0.60,0.50,0.61,1440.00,13.92,14.29,18.71,15.81,1.0252,1.0367,0.8256,1
231,18,6.27,0.29,0.03,0.02,0.03,0.02,0.04,1440.00,13.92,13.95,14.18,14.01,1.0433,1.0440,0.8256,0
231,19,0.00,0.00,0.00,0.00,0.00,0.00,0.00,,13.92,,13.75,13.75,1.0450,1.0450,0.8256,0
231,20,0.00,0.00,0.00,0.00,0.00,0.00,0.00,,13.92,,13.97,13.97,1.0441,1.0441,0.8256,0
231,21,0.00,0.00,0.00,0.00,0.00,0.00,0.00,,13.92,,14.12,14.12,1.0435,1.0435,0.8256,0
231,22,0.00,0.00,0.00,0.00,0.00,0.00,0.00,,13.92,,13.82,13.82,1.0447,1.0447,0.8256,0
231,23,0.00,0.00,0.00,0.00,0.00,0.00,0.00,,13.92,,13.42,13.42,1.0463,1.0463,0.8256,0
231,24,0.00,0.00,0.00,0.00,0.00,0.00,0.00,,13.92,,13.38,13.38,1.0465,1.0465,0.8256,0
232,1,0.00,0.00,0.00,0.00,0.00,0.00,0.00,,13.97,,13.09,13.09,1.0476,1.0476,0.8256,0
232,2,0.00,0.00,0.00,0.00,0.00,0.00,0.00,,13.97,,12.89,12.89,1.0484,1.0484,0.8256,0
232,3,0.00,0.00,0.00,0.00,0.00,0.00,0.00,,13.97,,12.96,12.96,1.0482,1.0482,0.8256,0
232,4,0.00,0.00,0.00,0.00,0.00,0.00,0.00,,13.97,,12.95,12.95,1.0482,1.0482,0.8256,0
232,5,0.00,0.00,0.00,0.00,0.00,0.00,0.00,,13.97,,12.96,12.96,1.0482,1.0482,0.8256,0
232,6,0.00,0.00,0.00,0.00,0.00,0.00,0.00,,13.97,,12.92,12.92,1.0483,1.0483,0.8256,0
232,7,0.00,0.00,0.00,0.00,0.00,0.00,0.00,,13.97,,12.87,12.87,1.0485,1.0485,0.8256,0
232,8,43.06,0.00,0.18,0.15,0.18,0.15,0.00,,13.97,,13.92,13.92,1.0443,1.0443,0.8256,0
232,9,314.09,0.21,1.30,1.07,1.27,1.04,1.29,1440.00,13.97,14.74,23.23,17.09,1.0071,1.0316,0.8256,0
232,10,479.87,0.21,1.97,1.62,1.89,1.56,2.06,1440.00,13.97,15.20,28.61,18.84,0.9856,1.0246,0.8256,0
232,11,641.31,0.21,2.61,2.15,2.47,2.04,2.74,1440.00,13.97,15.61,33.93,20.92,0.9643,1.0163,0.8256,1
232,12,666.28,0.21,2.71,2.23,2.56,2.12,2.83,1440.00,13.97,15.66,34.68,21.23,0.9613,1.0151,0.8256,1
232,13,723.39,0.22,2.93,2.42,2.75,2.27,3.18,1440.00,13.97,15.87,37.00,21.89,0.9520,1.0124,0.8256,1
232,14,585.49,0.22,2.39,1.97,2.27,1.87,2.63,1440.00,13.97,15.54,32.79,20.32,0.9689,1.0187,0.8256,1
232,15,437.17,0.23,1.79,1.48,1.73,1.43,2.02,1440.00,13.97,15.18,28.21,18.61,0.9872,1.0255,0.8256,1
232,16,325.61,0.24,1.34,1.11,1.30,1.08,1.54,1440.00,13.97,14.89,24.67,17.36,1.0013,1.0306,0.8256,1
232,17,143.61,0.23,0.60,0.49,0.59,0.49,0.67,1440.00,13.97,14.37,18.62,15.44,1.0255,1.0382,0.8256,1
232,18,11.23,0.34,0.05,0.04,0.05,0.04,0.08,1440.00,13.97,14.01,14.44,14.08,1.0422,1.0437,0.8256,0
232,19,0.00,0.00,0.00,0.00,0.00,0.00,0.00,,13.97,,13.87,13.87,1.0445,1.0445,0.8256,0
232,20,0.00,0.00,0.00,0.00,0.00,0.00,0.00,,13.97,,13.97,13.97,1.0441,1.0441,0.8256,0
232,21,0.00,0.00,0.00,0.00,0.00,0.00,0.00,,13.97,,13.72,13.72,1.0451,1.0451,0.8256,0
232,22,0.00,0.00,0.00,0.00,0.00,0.00,0.00,,13.97,,13.43,13.43,1.0463,1.0463,0.8256,0
232,23,0.00,0.00,0.00,0.00,0.00,0.00,0.00,,13.97,,12.76,12.76,1.0490,1.0490,0.8256,0
232,24,0.00,0.00,0.00,0.00,0.00,0.00,0.00,,13.97,,12.53,12.53,1.0499,1.0499,0.8256,0
233,1,0.00,0.00,0.00,0.00,0.00,0.00,0.00,,14.02,,12.07,12.07,1.0517,1.0517,0.8256,0
233,2,0.00,0.00,0.00,0.00,0.00,0.00,0.00,,14.02,,11.62,11.62,1.0535,1.0535,0.8256,0
233,3,0.00,0.00,0.00,0.00,0.00,0.00,0.00,,14.02,,11.48,11.48,1.0541,1.0541,0.8256,0
233,4,0.00,0.00,0.00,0.00,0.00,0.00,0.00,,14.02,,11.61,11.61,1.0536,1.0536,0.8256,0
233,5,0.00,0.00,0.00,0.00,0.00,0.00,0.00,,14.02,,11.69,11.69,1.0532,1.0532,0.8256,0
233,6,0.00,0.00,0.00,0.00,0.00,0.00,0.00,,14.02,,11.59,11.59,1.0536,1.0536,0.8256,0
233,7,0.00,0.00,0.00,0.00,0.00,0.00,0.00,,14.02,,11.49,11.49,1.0540,1.0540,0.8256,0
233,8,38.28,0.00,0.16,0.13,0.16,0.13,0.00,,14.02,,12.61,12.61,1.0496,1.0496,0.8256,0
233,9,298.97,0.20,1.24,1.02,1.21,1.00,1.17,1440.00,14.02,14.72,21.93,16.37,1.0123,1.0345,0.8256,0
233,10,387.54,0.22,1.60,1.32,1.55,1.28,1.72,1440.00,14.02,15.04,25.23,17.08,0.9991,1.0317,0.8256,0
233,11,454.25,0.23,1.87,1.54,1.80,1.48,2.11,1440.00,14.02,15.27,27.86,17.85,0.9886,1.0286,0.8256,1
233,12,501.53,0.24,2.06,1.70,1.97,1.63,2.40,1440.00,14.02,15.45,29.63,18.23,0.9815,1.0271,0.8256,1
233,13,638.76,0.25,2.61,2.16,2.45,2.03,3.24,1440.00,14.02,15.95,34.85,19.48,0.9606,1.0221,0.8256,1
233,14,490.47,0.26,2.01,1.66,1.92,1.58,2.58,1440.00,14.02,15.56,30.63,18.37,0.9775,1.0265,0.8256,1
233,15,503.79,0.26,2.07,1.71,1.96,1.62,2.65,1440.00,14.02,15.60,31.24,18.67,0.9750,1.0253,0.8256,1
233,16,304.94,0.29,1.26,1.04,1.22,1.01,1.75,1440.00,14.02,15.06,25.15,16.83,0.9994,1.0327,0.8256,1
233,17,120.13,0.36,0.50,0.41,0.49,0.41,0.88,1440.00,14.02,14.54,19.26,15.11,1.0229,1.0396,0.8256,1
233,18,11.23,1.00,0.05,0.04,0.05,0.04,0.22,1440.00,14.02,14.15,15.80,14.73,1.0368,1.0411,0.8256,0
233,19,0.00,0.00,0.00,0.00,0.00,0.00,0.00,,14.02,,14.97,14.97,1.0401,1.0401,0.8256,0
233,20,0.00,0.00,0.00,0.00,0.00,0.00,0.00,,14.02,,14.71,14.71,1.0412,1.0412,0.8256,0
233,21,0.00,0.00,0.00,0.00,0.00,0.00,0.00,,14.02,,14.30,14.30,1.0428,1.0428,0.8256,0
233,22,0.00,0.00,0.00,0.00,0.00,0.00,0.00,,14.02,,14.01,14.01,1.0440,1.0440,0.8256,0
233,23,0.00,0.00,0.00,0.00,0.00,0.00,0.00,,14.02,,13.93,13.93,1.0443,1.0443,0.8256,0
233,24,0.00,0.00,0.00,0.00,0.00,0.00,0.00,,14.02,,13.98,13.98,1.0441,1.0441,0.8256,0
234,1,0.00,0.00,0.00,0.00,0.00,0.00,0.00,,14.06,,14.03,14.03,1.0439,1.0439,0.8256,0
234,2,0.00,0.00,0.00,0.00,0.00,0.00,0.00,,14.06,,13.77,13.77,1.0449,1.0449,0.8256,0
234,3,0.00,0.00,0.00,0.00,0.00,0.00,0.00,,14.06,,13.74,13.74,1.0450,1.0450,0.8256,0
234,4,0.00,0.00,0.00,0.00,0.00,0.00,0.00,,14.06,,13.66,13.66,1.0454,1.0454,0.8256,0
234,5,0.00,0.00,0.00,0.00,0.00,0.00,0.00,,14.06,,13.67,13.67,1.0453,1.0453,0.8256,0
234,6,0.00,0.00,0.00,0.00,0.00,0.00,0.00,,14.06,,13.76,13.76,1.0450,1.0450,0.8256,0
234,7,0.00,0.00,0.00,0.00,0.00,0.00,0.00,,14.06,,13.88,13.88,1.0445,1.0445,0.8256,0
234,8,41.59,0.19,0.17,0.14,0.17,0.14,0.16,1440.00,14.06,14.16,15.13,14.36,1.0395,1.0425,0.8256,0
234,9,333.12,0.28,1.38,1.14,1.33,1.10,1.89,1440.00,14.06,15.19,25.21,16.24,0.9992,1.0351,0.8256,0
234,10,571.16,0.28,2.35,1.94,2.21,1.83,3.18,1440.00,14.06,15.96,33.01,17.91,0.9680,1.0283,0.8256,0
234,11,695.54,0.28,2.85,2.35,2.65,2.18,3.86,1440.00,14.06,16.37,37.27,18.93,0.9509,1.0243,0.8256,1
234,12,675.38,0.28,2.77,2.29,2.58,2.13,3.76,1440.00,14.06,16.31,36.71,18.87,0.9532,1.0245,0.8256,1
234,13,630.69,0.28,2.59,2.14,2.42,1.99,3.59,1440.00,14.06,16.21,35.66,18.62,0.9574,1.0255,0.8256,1
234,14,646.37,0.28,2.65,2.19,2.47,2.04,3.64,1440.00,14.06,16.24,36.14,18.83,0.9554,1.0247,0.8256,1
234,15,532.43,0.29,2.19,1.81,2.06,1.70,3.05,1440.00,14.06,15.88,32.66,18.19,0.9694,1.0272,0.8256,1
234,16,294.42,0.31,1.22,1.01,1.18,0.97,1.82,1440.00,14.06,15.15,25.11,16.47,0.9996,1.0341,0.8256,1
234,17,154.49,0.34,0.64,0.53,0.63,0.52,1.05,1440.00,14.06,14.69,20.36,15.38,1.0186,1.0385,0.8256,1
234,18,12.64,1.00,0.05,0.04,0.05,0.04,0.25,1440.00,14.06,14.22,15.78,14.57,1.0369,1.0417,0.8256,0
234,19,0.00,0.00,0.00,0.00,0.00,0.00,0.00,,14.06,,14.71,14.71,1.0412,1.0412,0.8256,0
234,20,0.00,0.00,0.00,0.00,0.00,0.00,0.00,,14.06,,14.30,14.30,1.0428,1.0428,0.8256,0
234,21,0.00,0.00,0.00,0.00,0.00,0.00,0.00,,14.06,,14.81,14.81,1.0408,1.0408,0.8256,0
234,22,0.00,0.00,0.00,0.00,0.00,0.00,0.00,,14.06,,14.17,14.17,1.0433,1.0433,0.8256,0
234,23,0.00,0.00,0.00,0.00,0.00,0.00,0.00,,14.06,,13.76,13.76,1.0450,1.0450,0.8256,0
234,24,0.00,0.00,0.00,0.00,0.00,0.00,0.00,,14.06,,13.57,13.57,1.0457,1.0457,0.8256,0
235,1,0.00,0.00,0.00,0.00,0.00,0.00,0.00,,14.11,,13.26,13.26,1.0470,1.0470,0.8256,0
235,2,0.00,0.00,0.00,0.00,0.00,0.00,0.00,,14.11,,13.12,13.12,1.0475,1.0475,0.8256,0
235,3,0.00,0.00,0.00,0.00,0.00,0.00,0.00,,14.11,,13.19,13.19,1.0472,1.0472,0.8256,0
235,4,0.00,0.00,0.00,0.00,0.00,0.00,0.00,,14.11,,13.02,13.02,1.0479,1.0479,0.8256,0
235,5,0.00,0.00,0.00,0.00,0.00,0.00,0.00,,14.11,,12.71,12.71,1.0492,1.0492,0.8256,0
235,6,0.00,0.00,0.00,0.00,0.00,0.00,0.00,,14.11,,12.40,12.40,1.0504,1.0504,0.8256,0
235,7,0.00,0.00,0.00,0.00,0.00,0.00,0.00,,14.11,,12.36,12.36,1.0506,1.0506,0.8256,0
235,8,47.04,0.00,0.20,0.16,0.20,0.16,0.00,,14.11,,13.79,13.79,1.0448,1.0448,0.8256,0
235,9,280.58,0.23,1.16,0.96,1.14,0.94,1.28,1440.00,14.11,14.88,21.95,15.85,1.0122,1.0366,0.8256,0
235,10,342.53,0.24,1.42,1.17,1.37,1.13,1.66,1440.00,14.11,15.11,24.19,16.29,1.0032,1.0348,0.8256,0
235,11,467.91,0.26,1.93,1.59,1.84,1.52,2.42,1440.00,14.11,15.56,28.62,17.14,0.9855,1.0314,0.8256,1
235,12,537.53,0.26,2.21,1.83,2.10,1.73,2.85,1440.00,14.11,15.81,31.17,17.65,0.9753,1.0294,0.8256,1
235,13,489.18,0.28,2.02,1.66,1.91,1.58,2.72,1440.00,14.11,15.74,30.34,17.44,0.9787,1.0303,0.8256,1
235,14,405.56,0.28,1.67,1.38,1.60,1.33,2.24,1440.00,14.11,15.45,27.66,17.02,0.9893,1.0319,0.8256,1
235,15,347.39,0.28,1.44,1.19,1.38,1.14,1.96,1440.00,14.11,15.28,26.02,16.72,0.9959,1.0331,0.8256,1
235,16,225.25,0.29,0.93,0.77,0.91,0.75,1.31,1440.00,14.11,14.90,22.04,15.81,1.0118,1.0368,0.8256,1
235,17,96.36,0.32,0.40,0.33,0.40,0.33,0.62,1440.00,14.11,14.49,17.81,14.84,1.0288,1.0406,0.8256,1
235,18,9.18,0.96,0.04,0.03,0.04,0.03,0.18,1440.00,14.11,14.22,15.02,14.18,1.0399,1.0433,0.8256,0
235,19,0.00,0.00,0.00,0.00,0.00,0.00,0.00,,14.11,,14.54,14.54,1.0418,1.0418,0.8256,0
235,20,0.00,0.00,0.00,0.00,0.00,0.00,0.00,,14.11,,14.96,14.96,1.0402,1.0402,0.8256,0
235,21,0.00,0.00,0.00,0.00,0.00,0.00,0.00,,14.11,,14.73,14.73,1.0411,1.0411,0.8256,0
235,22,0.00,0.00,0.00,0.00,0.00,0.00,0.00,,14.11,,15.24,15.24,1.0390,1.0390,0.8256,0
235,23,0.00,0.00,0.00,0.00,0.00,0.00,0.00,,14.11,,14.97,14.97,1.0401,1.0401,0.8256,0
235,24,0.00,0.00,0.00,0.00,0.00,0.00,0.00,,14.11,,14.51,14.51,1.0420,1.0420,0.8256,0
236,1,0.00,0.00,0.00,0.00,0.00,0.00,0.00,,14.16,,14.14,14.14,1.0434,1.0434,0.8256,0
236,2,0.00,0.00,0.00,0.00,0.00,0.00,0.00,,14.16,,13.49,13.49,1.0460,1.0460,0.8256,0
236,3,0.00,0.00,0.00,0.00,0.00,0.00,0.00,,14.16,,13.29,13.29,1.0468,1.0468,0.8256,0
236,4,0.00,0.00,0.00,0.00,0.00,0.00,0.00,,14.16,,12.99,12.99,1.0480,1.0480,0.8256,0
236,5,0.00,0.00,0.00,0.00,0.00,0.00,0.00,,14.16,,12.90,12.90,1.0484,1.0484,0.8256,0
236,6,0.00,0.00,0.00,0.00,0.00,0.00,0.00,,14.16,,12.91,12.91,1.0484,1.0484,0.8256,0
236,7,0.00,0.00,0.00,0.00,0.00,0.00,0.00,,14.16,,13.03,13.03,1.0479,1.0479,0.8256,0
236,8,43.77,0.00,0.18,0.15,0.18,0.15,0.00,,14.16,,14.38,14.38,1.0425,1.0425,0.8256,0
236,9,352.78,0.23,1.46,1.20,1.42,1.17,1.60,1440.00,14.16,15.12,24.26,16.67,1.0029,1.0333,0.8256,0
236,10,597.36,0.25,2.45,2.03,2.32,1.91,3.01,1440.00,14.16,15.96,32.52,18.22,0.9699,1.0271,0.8256,0
236,11,698.29,0.27,2.86,2.36,2.66,2.20,3.82,1440.00,14.16,16.45,36.76,18.61,0.9530,1.0256,0.8256,1
236,12,753.28,0.29,3.09,2.55,2.84,2.35,4.33,1440.00,14.16,16.75,39.09,18.52,0.9436,1.0259,0.8256,1
236,13,820.89,0.30,3.37,2.78,3.06,2.53,4.99,1440.00,14.16,17.15,42.08,18.38,0.9317,1.0265,0.8256,1
236,14,730.72,0.31,3.00,2.48,2.75,2.27,4.55,1440.00,14.16,16.88,39.67,18.08,0.9413,1.0277,0.8256,1
236,15,533.35,0.32,2.20,1.81,2.06,1.70,3.44,1440.00,14.16,16.22,33.73,17.39,0.9651,1.0305,0.8256,1
236,16,414.41,0.34,1.71,1.41,1.62,1.34,2.81,1440.00,14.16,15.84,30.23,16.89,0.9791,1.0324,0.8256,1
236,17,190.39,0.41,0.79,0.65,0.77,0.63,1.58,1440.00,14.16,15.11,22.99,15.49,1.0080,1.0380,0.8256,1
236,18,16.71,1.00,0.07,0.06,0.07,0.06,0.33,1440.00,14.16,14.36,17.43,15.84,1.0303,1.0366,0.8256,0
236,19,0.00,0.00,0.00,0.00,0.00,0.00,0.00,,14.16,,16.38,16.38,1.0345,1.0345,0.8256,0
236,20,0.00,0.00,0.00,0.00,0.00,0.00,0.00,,14.16,,16.31,16.31,1.0348,1.0348,0.8256,0
236,21,0.00,0.00,0.00,0.00,0.00,0.00,0.00,,14.16,,15.92,15.92,1.0363,1.0363,0.8256,0
236,22,0.00,0.00,0.00,0.00,0.00,0.00,0.00,,14.16,,15.50,15.50,1.0380,1.0380,0.8256,0
236,23,0.00,0.00,0.00,0.00,0.00,0.00,0.00,,14.16,,15.06,15.06,1.0398,1.0398,0.8256,0
236,24,0.00,0.00,0.00,0.00,0.00,0.00,0.00,,14.16,,14.74,14.74,1.0410,1.0410,0.8256,0
237,1,0.00,0.00,0.00,0.00,0.00,0.00,0.00,,14.22,,14.55,14.55,1.0418,1.0418,0.8256,0
237,2,0.00,0.00,0.00,0.00,0.00,0.00,0.00,,14.22,,13.87,13.87,1.0445,1.0445,0.8256,0
237,3,0.00,0.00,0.00,0.00,0.00,0.00,0.00,,14.22,,13.56,13.56,1.0458,1.0458,0.8256,0
237,4,0.00,0.00,0.00,0.00,0.00,0.00,0.00,,14.22,,13.18,13.18,1.0473,1.0473,0.8256,0
237,5,0.00,0.00,0.00,0.00,0.00,0.00,0.00,,14.22,,12.81,12.81,1.0488,1.0488,0.8256,0
237,6,0.00,0.00,0.00,0.00,0.00,0.00,0.00,,14.22,,12.81,12.81,1.0488,1.0488,0.8256,0
237,7,0.00,0.00,0.00,0.00,0.00,0.00,0.00,,14.22,,12.64,12.64,1.0494,1.0494,0.8256,0
237,8,45.85,0.00,0.19,0.16,0.19,0.16,0.00,,14.22,,14.10,14.10,1.0436,1.0436,0.8256,0
237,9,473.94,0.26,1.96,1.62,1.87,1.54,2.45,1440.00,14.22,15.68,28.69,17.03,0.9852,1.0319,0.8256,0
237,10,646.82,0.27,2.66,2.20,2.49,2.05,3.51,1440.00,14.22,16.31,34.64,17.99,0.9614,1.0280,0.8256,0
237,11,836.06,0.29,3.43,2.83,3.12,2.58,4.86,1440.00,14.22,17.12,41.73,18.65,0.9331,1.0254,0.8256,1
237,12,844.72,0.30,3.47,2.86,3.14,2.60,5.08,1440.00,14.22,17.25,42.43,18.29,0.9303,1.0268,0.8256,1
237,13,751.79,0.31,3.09,2.55,2.82,2.33,4.62,1440.00,14.22,16.98,40.38,18.44,0.9385,1.0262,0.8256,1
237,14,691.82,0.30,2.83,2.34,2.62,2.16,4.13,1440.00,14.22,16.68,38.59,18.99,0.9456,1.0240,0.8256,1
237,15,510.21,0.31,2.10,1.73,1.97,1.63,3.17,1440.00,14.22,16.11,33.12,18.06,0.9675,1.0278,0.8256,1
237,16,310.70,0.33,1.28,1.06,1.24,1.02,2.08,1440.00,14.22,15.46,26.57,16.71,0.9937,1.0332,0.8256,1
237,17,137.97,0.42,0.57,0.47,0.56,0.46,1.15,1440.00,14.22,14.91,20.75,15.27,1.0170,1.0389,0.8256,1
237,18,10.72,1.00,0.04,0.04,0.04,0.04,0.21,1440.00,14.22,14.34,16.60,15.59,1.0336,1.0377,0.8256,0
237,19,0.00,0.00,0.00,0.00,0.00,0.00,0.00,,14.22,,16.06,16.06,1.0358,1.0358,0.8256,0
237,20,0.00,0.00,0.00,0.00,0.00,0.00,0.00,,14.22,,15.52,15.52,1.0379,1.0379,0.8256,0
237,21,0.00,0.00,0.00,0.00,0.00,0.00,0.00,,14.22,,14.26,14.26,1.0430,1.0430,0.8256,0
237,22,0.00,0.00,0.00,0.00,0.00,0.00,0.00,,14.22,,14.49,14.49,1.0420,1.0420,0.8256,0
237,23,0.00,0.00,0.00,0.00,0.00,0.00,0.00,,14.22,,14.63,14.63,1.0415,1.0415,0.8256,0
237,24,0.00,0.00,0.00,0.00,0.00,0.00,0.00,,14.22,,14.57,14.57,1.0417,1.0417,0.8256,0
238,1,0.00,0.00,0.00,0.00,0.00,0.00,0.00,,14.27,,13.99,13.99,1.0440,1.0440,0.8256,0
238,2,0.00,0.00,0.00,0.00,0.00,0.00,0.00,,14.27,,13.50,13.50,1.0460,1.0460,0.8256,0
238,3,0.00,0.00,0.00,0.00,0.00,0.00,0.00,,14.27,,13.40,13.40,1.0464,1.0464,0.8256,0
238,4,0.00,0.00,0.00,0.00,0.00,0.00,0.00,,14.27,,13.33,13.33,1.0467,1.0467,0.8256,0
238,5,0.00,0.00,0.00,0.00,0.00,0.00,0.00,,14.27,,13.29,13.29,1.0468,1.0468,0.8256,0
238,6,0.00,0.00,0.00,0.00,0.00,0.00,0.00,,14.27,,13.42,13.42,1.0463,1.0463,0.8256,0
238,7,0.00,0.00,0.00,0.00,0.00,0.00,0.00,,14.27,,13.46,13.46,1.0462,1.0462,0.8256,0
238,8,41.59,0.10,0.17,0.14,0.17,0.14,0.08,1440.00,14.27,14.32,14.95,14.55,1.0402,1.0418,0.8256,0
238,9,99.67,0.22,0.41,0.34,0.41,0.34,0.45,1440.00,14.27,14.54,17.24,15.12,1.0310,1.0395,0.8256,0
238,10,114.63,0.28,0.48,0.39,0.47,0.39,0.65,1440.00,14.27,14.66,18.27,15.18,1.0269,1.0393,0.8256,0
238,11,157.59,0.31,0.65,0.54,0.64,0.53,0.97,1440.00,14.27,14.85,19.90,15.30,1.0204,1.0388,0.8256,1
238,12,150.61,0.31,0.63,0.52,0.62,0.51,0.92,1440.00,14.27,14.82,19.46,15.09,1.0222,1.0396,0.8256,1
238,13,132.86,0.29,0.55,0.46,0.54,0.45,0.78,1440.00,14.27,14.73,18.78,15.09,1.0249,1.0396,0.8256,1
238,14,209.31,0.27,0.87,0.72,0.85,0.70,1.13,1440.00,14.27,14.94,21.16,15.81,1.0154,1.0367,0.8256,1
238,15,251.54,0.25,1.04,0.86,1.02,0.84,1.27,1440.00,14.27,15.03,22.45,16.43,1.0102,1.0343,0.8256,1
238,16,175.82,0.26,0.73,0.60,0.72,0.59,0.90,1440.00,14.27,14.81,20.14,15.87,1.0194,1.0365,0.8256,1
238,17,66.52,0.28,0.28,0.23,0.27,0.23,0.37,1440.00,14.27,14.49,16.62,14.88,1.0335,1.0405,0.8256,1
238,18,6.93,1.00,0.03,0.02,0.03,0.02,0.14,1440.00,14.27,14.35,15.21,14.55,1.0392,1.0418,0.8256,0
238,19,0.00,0.00,0.00,0.00,0.00,0.00,0.00,,14.27,,14.69,14.69,1.0412,1.0412,0.8256,0
238,20,0.00,0.00,0.00,0.00,0.00,0.00,0.00,,14.27,,14.57,14.57,1.0417,1.0417,0.8256,0
238,21,0.00,0.00,0.00,0.00,0.00,0.00,0.00,,14.27,,14.77,14.77,1.0409,1.0409,0.8256,0
238,22,0.00,0.00,0.00,0.00,0.00,0.00,0.00,,14.27,,15.05,15.05,1.0398,1.0398,0.8256,0
238,23,0.00,0.00,0.00,0.00,0.00,0.00,0.00,,14.27,,14.99,14.99,1.0400,1.0400,0.8256,0
238,24,0.00,0.00,0.00,0.00,0.00,0.00,0.00,,14.27,,14.80,14.80,1.0408,1.0408,0.8256,0
239,1,0.00,0.00,0.00,0.00,0.00,0.00,0.00,,14.32,,14.85,14.85,1.0406,1.0406,0.8256,0
239,2,0.00,0.00,0.00,0.00,0.00,0.00,0.00,,14.32,,15.03,15.03,1.0399,1.0399,0.8256,0
239,3,0.00,0.00,0.00,0.00,0.00,0.00,0.00,,14.32,,15.45,15.45,1.0382,1.0382,0.8256,0
239,4,0.00,0.00,0.00,0.00,0.00,0.00,0.00,,14.32,,15.68,15.68,1.0373,1.0373,0.8256,0
239,5,0.00,0.00,0.00,0.00,0.00,0.00,0.00,,14.32,,15.70,15.70,1.0372,1.0372,0.8256,0
239,6,0.00,0.00,0.00,0.00,0.00,0.00,0.00,,14.32,,15.70,15.70,1.0372,1.0372,0.8256,0
239,7,0.00,0.00,0.00,0.00,0.00,0.00,0.00,,14.32,,15.60,15.60,1.0376,1.0376,0.8256,0
239,8,52.48,0.47,0.22,0.18,0.22,0.18,0.49,1440.00,14.32,14.62,17.20,14.87,1.0312,1.0405,0.8256,0
239,9,328.34,0.27,1.35,1.12,1.31,1.08,1.77,1440.00,14.32,15.38,26.14,17.72,0.9954,1.0291,0.8256,0
239,10,518.44,0.25,2.12,1.75,2.02,1.66,2.55,1440.00,14.32,15.85,32.06,19.94,0.9718,1.0202,0.8256,0
239,11,644.34,0.23,2.61,2.16,2.47,2.04,2.94,1440.00,14.32,16.08,35.44,21.48,0.9583,1.0141,0.8256,1
239,12,642.92,0.22,2.61,2.15,2.47,2.04,2.87,1440.00,14.32,16.03,35.01,21.40,0.9600,1.0144,0.8256,1
239,13,599.81,0.22,2.44,2.01,2.32,1.92,2.64,1440.00,14.32,15.90,33.28,20.76,0.9669,1.0170,0.8256,1
239,14,470.88,0.23,1.92,1.59,1.85,1.53,2.14,1440.00,14.32,15.60,29.69,19.53,0.9813,1.0219,0.8256,1
239,15,355.99,0.24,1.46,1.21,1.42,1.17,1.70,1440.00,14.32,15.34,26.33,18.24,0.9947,1.0270,0.8256,1
239,16,245.19,0.26,1.01,0.84,0.99,0.82,1.28,1440.00,14.32,15.09,23.11,17.03,1.0076,1.0319,0.8256,1
239,17,181.58,0.28,0.75,0.62,0.74,0.61,1.00,1440.00,14.32,14.92,21.11,16.35,1.0155,1.0346,0.8256,1
239,18,15.75,1.00,0.07,0.05,0.07,0.05,0.31,1440.00,14.32,14.51,16.06,14.57,1.0358,1.0417,0.8256,0
239,19,0.00,0.00,0.00,0.00,0.00,0.00,0.00,,14.32,,15.34,15.34,1.0386,1.0386,0.8256,0
239,20,0.00,0.00,0.00,0.00,0.00,0.00,0.00,,14.32,,15.31,15.31,1.0388,1.0388,0.8256,0
239,21,0.00,0.00,0.00,0.00,0.00,0.00,0.00,,14.32,,14.55,14.55,1.0418,1.0418,0.8256,0
239,22,0.00,0.00,0.00,0.00,0.00,0.00,0.00,,14.32,,14.38,14.38,1.0425,1.0425,0.8256,0
239,23,0.00,0.00,0.00,0.00,0.00,0.00,0.00,,14.32,,14.15,14.15,1.0434,1.0434,0.8256,0
239,24,0.00,0.00,0.00,0.00,0.00,0.00,0.00,,14.32,,13.78,13.78,1.0449,1.0449,0.8256,0
240,1,0.00,0.00,0.00,0.00,0.00,0.00,0.00,,14.38,,13.66,13.66,1.0454,1.0454,0.8256,0
240,2,0.00,0.00,0.00,0.00,0.00,0.00,0.00,,14.38,,13.29,13.29,1.0468,1.0468,0.8256,0
240,3,0.00,0.00,0.00,0.00,0.00,0.00,0.00,,14.38,,13.04,13.04,1.0478,1.0478,0.8256,0
240,4,0.00,0.00,0.00,0.00,0.00,0.00,0.00,,14.38,,13.01,13.01,1.0480,1.0480,0.8256,0
240,5,0.00,0.00,0.00,0.00,0.00,0.00,0.00,,14.38,,12.86,12.86,1.0486,1.0486,0.8256,0
240,6,0.00,0.00,0.00,0.00,0.00,0.00,0.00,,14.38,,12.84,12.84,1.0486,1.0486,0.8256,0
240,7,0.00,0.00,0.00,0.00,0.00,0.00,0.00,,14.38,,12.93,12.93,1.0483,1.0483,0.8256,0
240,8,44.53,0.00,0.19,0.15,0.19,0.15,0.00,,14.38,,14.42,14.42,1.0423,1.0423,0.8256,0
240,9,283.17,0.24,1.17,0.97,1.14,0.94,1.35,1440.00,14.38,15.18,23.32,16.92,1.0067,1.0323,0.8256,0
240,10,426.00,0.25,1.75,1.44,1.68,1.39,2.17,1440.00,14.38,15.67,28.59,18.29,0.9856,1.0268,0.8256,0
240,11,698.55,0.25,2.84,2.34,2.65,2.19,3.52,1440.00,14.38,16.48,37.75,21.05,0.9490,1.0158,0.8256,1
240,12,766.89,0.25,3.11,2.56,2.88,2.38,3.82,1440.00,14.38,16.66,40.03,21.87,0.9399,1.0125,0.8256,1
240,13,735.23,0.25,2.98,2.46,2.77,2.29,3.73,1440.00,14.38,16.60,39.46,21.76,0.9422,1.0129,0.8256,1
240,14,663.46,0.26,2.69,2.22,2.52,2.08,3.40,1440.00,14.38,16.41,37.41,21.29,0.9503,1.0148,0.8256,1
240,15,514.84,0.26,2.10,1.74,2.00,1.65,2.72,1440.00,14.38,16.00,32.77,19.85,0.9689,1.0206,0.8256,1
240,16,417.06,0.27,1.71,1.41,1.64,1.35,2.27,1440.00,14.38,15.73,29.59,18.83,0.9816,1.0247,0.8256,1
240,17,173.08,0.32,0.72,0.59,0.70,0.58,1.11,1440.00,14.38,15.04,21.49,16.21,1.0140,1.0352,0.8256,1
240,18,19.09,1.00,0.08,0.07,0.08,0.07,0.38,1440.00,14.38,14.60,16.51,14.69,1.0340,1.0412,0.8256,0
240,19,0.00,0.00,0.00,0.00,0.00,0.00,0.00,,14.38,,15.38,15.38,1.0385,1.0385,0.8256,0
240,20,0.00,0.00,0.00,0.00,0.00,0.00,0.00,,14.38,,15.36,15.36,1.0386,1.0386,0.8256,0
240,21,0.00,0.00,0.00,0.00,0.00,0.00,0.00,,14.38,,14.87,14.87,1.0405,1.0405,0.8256,0
240,22,0.00,0.00,0.00,0.00,0.00,0.00,0.00,,14.38,,14.54,14.54,1.0418,1.0418,0.8256,0
240,23,0.00,0.00,0.00,0.00,0.00,0.00,0.00,,14.38,,14.19,14.19,1.0432,1.0432,0.8256,0
240,24,0.00,0.00,0.00,0.00,0.00,0.00,0.00,,14.38,,13.97,13.97,1.0441,1.0441,0.8256,0
241,1,0.00,0.00,0.00,0.00,0.00,0.00,0.00,,14.43,,13.79,13.79,1.0448,1.0448,0.8256,0
241,2,0.00,0.00,0.00,0.00,0.00,0.00,0.00,,14.43,,13.71,13.71,1.0452,1.0452,0.8256,0
241,3,0.00,0.00,0.00,0.00,0.00,0.00,0.00,,14.43,,13.51,13.51,1.0460,1.0460,0.8256,0
241,4,0.00,0.00,0.00,0.00,0.00,0.00,0.00,,14.43,,13.31,13.31,1.0468,1.0468,0.8256,0
241,5,0.00,0.00,0.00,0.00,0.00,0.00,0.00,,14.43,,13.16,13.16,1.0474,1.0474,0.8256,0
241,6,0.00,0.00,0.00,0.00,0.00,0.00,0.00,,14.43,,13.18,13.18,1.0473,1.0473,0.8256,0
241,7,0.00,0.00,0.00,0.00,0.00,0.00,0.00,,14.43,,12.83,12.83,1.0487,1.0487,0.8256,0
241,8,45.76,0.00,0.19,0.16,0.19,0.16,0.00,,14.43,,14.34,14.34,1.0426,1.0426,0.8256,0
241,9,356.50,0.21,1.47,1.21,1.43,1.18,1.47,1440.00,14.43,15.31,24.87,17.90,1.0005,1.0284,0.8256,0
241,10,476.22,0.21,1.95,1.61,1.88,1.55,2.00,1440.00,14.43,15.63,28.75,19.24,0.9850,1.0230,0.8256,0
241,11,397.42,0.22,1.63,1.35,1.58,1.30,1.72,1440.00,14.43,15.46,26.73,18.57,0.9931,1.0257,0.8256,1
241,12,661.38,0.21,2.68,2.21,2.54,2.10,2.81,1440.00,14.43,16.11,34.99,21.64,0.9600,1.0134,0.8256,1
241,13,562.53,0.22,2.29,1.89,2.18,1.80,2.47,1440.00,14.43,15.91,32.36,20.62,0.9706,1.0175,0.8256,1
241,14,569.21,0.22,2.32,1.91,2.21,1.82,2.54,1440.00,14.43,15.95,32.84,20.75,0.9686,1.0170,0.8256,1
241,15,437.22,0.23,1.79,1.48,1.72,1.42,1.99,1440.00,14.43,15.62,28.81,19.36,0.9847,1.0226,0.8256,1
241,16,372.06,0.23,1.53,1.26,1.48,1.22,1.73,1440.00,14.43,15.47,26.96,18.75,0.9922,1.0250,0.8256,1
241,17,144.49,0.26,0.60,0.49,0.59,0.49,0.76,1440.00,14.43,14.89,19.77,16.17,1.0209,1.0353,0.8256,1
241,18,15.12,0.77,0.06,0.05,0.06,0.05,0.23,1440.00,14.43,14.57,15.72,14.62,1.0371,1.0415,0.8256,0
241,19,0.00,0.00,0.00,0.00,0.00,0.00,0.00,,14.43,,14.94,14.94,1.0402,1.0402,0.8256,0
241,20,0.00,0.00,0.00,0.00,0.00,0.00,0.00,,14.43,,15.02,15.02,1.0399,1.0399,0.8256,0
241,21,0.00,0.00,0.00,0.00,0.00,0.00,0.00,,14.43,,14.82,14.82,1.0407,1.0407,0.8256,0
241,22,0.00,0.00,0.00,0.00,0.00,0.00,0.00,,14.43,,14.62,14.62,1.0415,1.0415,0.8256,0
241,23,0.00,0.00,0.00,0.00,0.00,0.00,0.00,,14.43,,14.63,14.63,1.0415,1.0415,0.8256,0
241,24,0.00,0.00,0.00,0.00,0.00,0.00,0.00,,14.43,,14.53,14.53,1.0419,1.0419,0.8256,0
242,1,0.00,0.00,0.00,0.00,0.00,0.00,0.00,,14.49,,14.62,14.62,1.0415,1.0415,0.8256,0
242,2,0.00,0.00,0.00,0.00,0.00,0.00,0.00,,14.49,,14.73,14.73,1.0411,1.0411,0.8256,0
242,3,0.00,0.00,0.00,0.00,0.00,0.00,0.00,,14.49,,14.22,14.22,1.0431,1.0431,0.8256,0
242,4,0.00,0.00,0.00,0.00,0.00,0.00,0.00,,14.49,,14.02,14.02,1.0439,1.0439,0.8256,0
242,5,0.00,0.00,0.00,0.00,0.00,0.00,0.00,,14.49,,14.07,14.07,1.0437,1.0437,0.8256,0
242,6,0.00,0.00,0.00,0.00,0.00,0.00,0.00,,14.49,,14.08,14.08,1.0437,1.0437,0.8256,0
242,7,0.00,0.00,0.00,0.00,0.00,0.00,0.00,,14.49,,13.98,13.98,1.0441,1.0441,0.8256,0
242,8,40.65,0.04,0.17,0.14,0.17,0.14,0.03,1440.00,14.49,14.51,15.15,15.01,1.0394,1.0400,0.8256,0
242,9,194.50,0.20,0.80,0.66,0.79,0.65,0.77,1440.00,14.49,14.95,20.47,16.82,1.0181,1.0327,0.8256,0
242,10,304.10,0.20,1.25,1.03,1.22,1.01,1.22,1440.00,14.49,15.22,23.87,18.09,1.0045,1.0276,0.8256,0
242,11,368.59,0.21,1.51,1.25,1.47,1.21,1.53,1440.00,14.49,15.41,26.10,18.82,0.9956,1.0247,0.8256,1
242,12,450.72,0.22,1.84,1.52,1.77,1.46,1.98,1440.00,14.49,15.67,29.01,19.62,0.9839,1.0215,0.8256,1
242,13,419.65,0.24,1.72,1.42,1.65,1.37,1.98,1440.00,14.49,15.67,28.60,19.20,0.9856,1.0232,0.8256,1
242,14,491.51,0.24,2.01,1.66,1.92,1.58,2.33,1440.00,14.49,15.88,31.02,19.95,0.9759,1.0202,0.8256,1
242,15,300.96,0.25,1.24,1.02,1.20,0.99,1.51,1440.00,14.49,15.39,25.17,18.02,0.9993,1.0279,0.8256,1
242,16,251.59,0.26,1.04,0.86,1.01,0.84,1.30,1440.00,14.49,15.27,23.57,17.38,1.0057,1.0305,0.8256,1
242,17,112.21,0.31,0.47,0.38,0.46,0.38,0.70,1440.00,14.49,14.91,19.09,15.75,1.0237,1.0370,0.8256,1
242,18,12.43,1.00,0.05,0.04,0.05,0.04,0.25,1440.00,14.49,14.64,15.91,14.73,1.0364,1.0411,0.8256,0
242,19,0.00,0.00,0.00,0.00,0.00,0.00,0.00,,14.49,,15.30,15.30,1.0388,1.0388,0.8256,0
242,20,0.00,0.00,0.00,0.00,0.00,0.00,0.00,,14.49,,15.32,15.32,1.0387,1.0387,0.8256,0
242,21,0.00,0.00,0.00,0.00,0.00,0.00,0.00,,14.49,,15.10,15.10,1.0396,1.0396,0.8256,0
242,22,0.00,0.00,0.00,0.00,0.00,0.00,0.00,,14.49,,15.04,15.04,1.0398,1.0398,0.8256,0
242,23,0.00,0.00,0.00,0.00,0.00,0.00,0.00,,14.49,,14.87,14.87,1.0405,1.0405,0.8256,0
242,24,0.00,0.00,0.00,0.00,0.00,0.00,0.00,,14.49,,14.90,14.90,1.0404,1.0404,0.8256,0
243,1,0.00,0.00,0.00,0.00,0.00,0.00,0.00,,14.55,,14.95,14.95,1.0402,1.0402,0.8256,0
243,2,0.00,0.00,0.00,0.00,0.00,0.00,0.00,,14.55,,14.63,14.63,1.0415,1.0415,0.8256,0
243,3,0.00,0.00,0.00,0.00,0.00,0.00,0.00,,14.55,,14.42,14.42,1.0423,1.0423,0.8256,0
243,4,0.00,0.00,0.00,0.00,0.00,0.00,0.00,,14.55,,14.16,14.16,1.0434,1.0434,0.8256,0
243,5,0.00,0.00,0.00,0.00,0.00,0.00,0.00,,14.55,,14.03,14.03,1.0439,1.0439,0.8256,0
243,6,0.00,0.00,0.00,0.00,0.00,0.00,0.00,,14.55,,13.87,13.87,1.0445,1.0445,0.8256,0
243,7,0.00,0.00,0.00,0.00,0.00,0.00,0.00,,14.55,,13.76,13.76,1.0450,1.0450,0.8256,0
243,8,58.30,0.08,0.24,0.20,0.24,0.20,0.09,1440.00,14.55,14.60,15.49,15.07,1.0380,1.0397,0.8256,0
243,9,482.98,0.25,1.98,1.64,1.90,1.57,2.37,1440.00,14.55,15.97,29.67,18.40,0.9813,1.0264,0.8256,0
243,10,704.18,0.25,2.87,2.37,2.68,2.21,3.57,1440.00,14.55,16.68,37.15,20.19,0.9514,1.0192,0.8256,0
243,11,845.98,0.27,3.44,2.84,3.15,2.60,4.52,1440.00,14.55,17.25,42.37,20.92,0.9305,1.0163,0.8256,1
243,12,912.83,0.28,3.71,3.06,3.36,2.77,5.05,1440.00,14.55,17.57,44.90,20.90,0.9204,1.0164,0.8256,1
243,13,894.95,0.29,3.65,3.01,3.29,2.72,5.22,1440.00,14.55,17.66,45.21,20.43,0.9192,1.0183,0.8256,1
243,14,615.46,0.32,2.53,2.09,2.34,1.94,3.89,1440.00,14.55,16.87,36.97,18.50,0.9521,1.0260,0.8256,1
243,15,603.62,0.32,2.48,2.04,2.30,1.90,3.81,1440.00,14.55,16.83,36.72,18.62,0.9531,1.0255,0.8256,1
243,16,431.63,0.33,1.78,1.47,1.68,1.39,2.87,1440.00,14.55,16.26,31.30,17.69,0.9748,1.0293,0.8256,1
243,17,214.05,0.38,0.89,0.73,0.86,0.71,1.63,1440.00,14.55,15.52,23.94,16.20,1.0042,1.0352,0.8256,1
243,18,23.71,1.00,0.10,0.08,0.10,0.08,0.47,1440.00,14.55,14.83,17.71,15.46,1.0292,1.0382,0.8256,0
243,19,0.00,0.00,0.00,0.00,0.00,0.00,0.00,,14.55,,16.40,16.40,1.0344,1.0344,0.8256,0
243,20,0.00,0.00,0.00,0.00,0.00,0.00,0.00,,14.55,,16.44,16.44,1.0342,1.0342,0.8256,0
243,21,0.00,0.00,0.00,0.00,0.00,0.00,0.00,,14.55,,15.13,15.13,1.0395,1.0395,0.8256,0
243,22,0.00,0.00,0.00,0.00,0.00,0.00,0.00,,14.55,,14.77,14.77,1.0409,1.0409,0.8256,0
243,23,0.00,0.00,0.00,0.00,0.00,0.00,0.00,,14.55,,14.67,14.67,1.0413,1.0413,0.8256,0
243,24,0.00,0.00,0.00,0.00,0.00,0.00,0.00,,14.55,,14.97,14.97,1.0401,1.0401,0.8256,0
244,1,0.00,0.00,0.00,0.00,0.00,0.00,0.00,,14.61,,14.86,14.86,1.0406,1.0406,0.8256,0
244,2,0.00,0.00,0.00,0.00,0.00,0.00,0.00,,14.61,,14.03,14.03,1.0439,1.0439,0.8256,0
244,3,0.00,0.00,0.00,0.00,0.00,0.00,0.00,,14.61,,11.22,11.22,1.0551,1.0551,0.8256,0
244,4,0.00,0.00,0.00,0.00,0.00,0.00,0.00,,14.61,,11.84,11.84,1.0526,1.0526,0.8256,0
244,5,0.00,0.00,0.00,0.00,0.00,0.00,0.00,,14.61,,12.46,12.46,1.0502,1.0502,0.8256,0
244,6,0.00,0.00,0.00,0.00,0.00,0.00,0.00,,14.61,,13.08,13.08,1.0477,1.0477,0.8256,0
244,7,0.00,0.00,0.00,0.00,0.00,0.00,0.00,,14.61,,13.70,13.70,1.0452,1.0452,0.8256,0
244,8,81.53,0.22,0.34,0.28,0.34,0.28,0.36,1440.00,14.61,14.82,16.87,15.15,1.0325,1.0394,0.8256,0
244,9,229.55,0.27,0.95,0.78,0.93,0.77,1.25,1440.00,14.61,15.36,22.11,16.16,1.0115,1.0354,0.8256,0
244,10,705.37,0.27,2.88,2.38,2.68,2.21,3.83,1440.00,14.61,16.89,37.60,19.44,0.9496,1.0223,0.8256,0
244,11,877.55,0.27,3.57,2.95,3.25,2.68,4.82,1440.00,14.61,17.49,43.60,20.69,0.9256,1.0172,0.8256,1
244,12,947.41,0.28,3.85,3.18,3.47,2.86,5.30,1440.00,14.61,17.77,46.41,21.25,0.9144,1.0150,0.8256,1
244,13,935.77,0.29,3.80,3.14,3.42,2.82,5.35,1440.00,14.61,17.80,46.66,21.24,0.9133,1.0150,0.8256,1
244,14,849.92,0.30,3.46,2.85,3.13,2.59,5.03,1440.00,14.61,17.61,44.61,20.71,0.9216,1.0172,0.8256,1
244,15,692.88,0.31,2.83,2.34,2.60,2.15,4.36,1440.00,14.61,17.21,40.32,19.64,0.9387,1.0214,0.8256,1
244,16,475.77,0.36,1.96,1.61,1.83,1.51,3.38,1440.00,14.61,16.63,34.16,18.10,0.9634,1.0276,0.8256,1
244,17,222.82,0.50,0.92,0.76,0.88,0.73,2.23,1440.00,14.61,15.94,26.87,16.26,0.9925,1.0350,0.8256,1
244,18,25.41,1.00,0.10,0.09,0.10,0.09,0.51,1440.00,14.61,14.91,21.32,18.91,1.0147,1.0244,0.8256,0
244,19,0.00,0.00,0.00,0.00,0.00,0.00,0.00,,14.61,,18.31,18.31,1.0268,1.0268,0.8256,0
244,20,0.00,0.00,0.00,0.00,0.00,0.00,0.00,,14.61,,18.43,18.43,1.0263,1.0263,0.8256,0
244,21,0.00,0.00,0.00,0.00,0.00,0.00,0.00,,14.61,,17.26,17.26,1.0310,1.0310,0.8256,0
244,22,0.00,0.00,0.00,0.00,0.00,0.00,0.00,,14.61,,17.00,17.00,1.0320,1.0320,0.8256,0
244,23,0.00,0.00,0.00,0.00,0.00,0.00,0.00,,14.61,,16.77,16.77,1.0329,1.0329,0.8256,0
244,24,0.00,0.00,0.00,0.00,0.00,0.00,0.00,,14.61,,16.00,16.00,1.0360,1.0360,0.8256,0
245,1,0.00,0.00,0.00,0.00,0.00,0.00,0.00,,14.67,,15.61,15.61,1.0376,1.0376,0.8256,0
245,2,0.00,0.00,0.00,0.00,0.00,0.00,0.00,,14.67,,15.05,15.05,1.0398,1.0398,0.8256,0
245,3,0.00,0.00,0.00,0.00,0.00,0.00,0.00,,14.67,,14.21,14.21,1.0432,1.0432,0.8256,0
245,4,0.00,0.00,0.00,0.00,0.00,0.00,0.00,,14.67,,13.72,13.72,1.0451,1.0451,0.8256,0
245,5,0.00,0.00,0.00,0.00,0.00,0.00,0.00,,14.67,,13.60,13.60,1.0456,1.0456,0.8256,0
245,6,0.00,0.00,0.00,0.00,0.00,0.00,0.00,,14.67,,13.56,13.56,1.0458,1.0458,0.8256,0
245,7,0.00,0.00,0.00,0.00,0.00,0.00,0.00,,14.67,,13.36,13.36,1.0466,1.0466,0.8256,0
245,8,56.93,0.00,0.24,0.20,0.24,0.20,0.00,,14.67,,14.85,14.85,1.0406,1.0406,0.8256,0
245,9,533.73,0.27,2.19,1.81,2.08,1.71,2.87,1440.00,14.67,16.38,31.89,18.26,0.9724,1.0269,0.8256,0
245,10,742.11,0.28,3.03,2.50,2.80,2.31,4.16,1440.00,14.67,17.15,39.40,19.63,0.9424,1.0215,0.8256,0
245,11,883.04,0.29,3.60,2.97,3.25,2.69,5.11,1440.00,14.67,17.72,44.74,20.47,0.9211,1.0181,0.8256,1
245,12,958.05,0.30,3.90,3.22,3.47,2.87,5.84,1440.00,14.67,18.16,48.57,20.82,0.9057,1.0167,0.8256,1
245,13,949.56,0.31,3.86,3.19,3.43,2.83,5.97,1440.00,14.67,18.24,49.38,21.01,0.9025,1.0159,0.8256,1
245,14,860.18,0.32,3.50,2.89,3.14,2.59,5.46,1440.00,14.67,17.93,46.63,20.69,0.9135,1.0172,0.8256,1
245,15,698.29,0.33,2.85,2.35,2.61,2.15,4.60,1440.00,14.67,17.42,41.60,19.74,0.9336,1.0210,0.8256,1
245,16,478.26,0.36,1.96,1.62,1.84,1.52,3.43,1440.00,14.67,16.72,34.57,18.27,0.9617,1.0269,0.8256,1
245,17,225.38,0.47,0.93,0.77,0.90,0.74,2.13,1440.00,14.67,15.94,26.52,16.43,0.9939,1.0343,0.8256,1
245,18,26.41,1.00,0.11,0.09,0.11,0.09,0.53,1440.00,14.67,14.98,19.58,17.07,1.0217,1.0317,0.8256,0
245,19,0.00,0.00,0.00,0.00,0.00,0.00,0.00,,14.67,,18.19,18.19,1.0272,1.0272,0.8256,0
245,20,0.00,0.00,0.00,0.00,0.00,0.00,0.00,,14.67,,18.07,18.07,1.0277,1.0277,0.8256,0
245,21,0.00,0.00,0.00,0.00,0.00,0.00,0.00,,14.67,,16.68,16.68,1.0333,1.0333,0.8256,0
245,22,0.00,0.00,0.00,0.00,0.00,0.00,0.00,,14.67,,16.44,16.44,1.0342,1.0342,0.8256,0
245,23,0.00,0.00,0.00,0.00,0.00,0.00,0.00,,14.67,,16.33,16.33,1.0347,1.0347,0.8256,0
245,24,0.00,0.00,0.00,0.00,0.00,0.00,0.00,,14.67,,15.78,15.78,1.0369,1.0369,0.8256,0
246,1,0.00,0.00,0.00,0.00,0.00,0.00,0.00,,14.73,,15.36,15.36,1.0386,1.0386,0.8256,0
246,2,0.00,0.00,0.00,0.00,0.00,0.00,0.00,,14.73,,14.99,14.99,1.0400,1.0400,0.8256,0
246,3,0.00,0.00,0.00,0.00,0.00,0.00,0.00,,14.73,,14.51,14.51,1.0420,1.0420,0.8256,0
246,4,0.00,0.00,0.00,0.00,0.00,0.00,0.00,,14.73,,14.22,14.22,1.0431,1.0431,0.8256,0
246,5,0.00,0.00,0.00,0.00,0.00,0.00,0.00,,14.73,,14.07,14.07,1.0437,1.0437,0.8256,0
246,6,0.00,0.00,0.00,0.00,0.00,0.00,0.00,,14.73,,13.51,13.51,1.0460,1.0460,0.8256,0
246,7,0.00,0.00,0.00,0.00,0.00,0.00,0.00,,14.73,,12.94,12.94,1.0482,1.0482,0.8256,0
246,8,63.65,0.00,0.26,0.22,0.26,0.22,0.00,,14.73,,14.94,14.94,1.0402,1.0402,0.8256,0
246,9,518.96,0.26,2.13,1.76,2.03,1.67,2.73,1440.00,14.73,16.36,30.96,18.00,0.9762,1.0280,0.8256,0
246,10,723.66,0.28,2.96,2.45,2.74,2.26,4.00,1440.00,14.73,17.12,38.19,19.22,0.9472,1.0231,0.8256,0
246,11,844.51,0.30,3.45,2.85,3.13,2.59,4.99,1440.00,14.73,17.71,43.20,19.52,0.9272,1.0219,0.8256,1
246,12,929.70,0.32,3.80,3.14,3.39,2.80,5.87,1440.00,14.73,18.23,47.17,19.30,0.9113,1.0228,0.8256,1
246,13,926.46,0.32,3.78,3.12,3.36,2.78,5.95,1440.00,14.73,18.29,48.06,19.78,0.9078,1.0209,0.8256,1
246,14,837.13,0.32,3.42,2.82,3.08,2.54,5.36,1440.00,14.73,17.93,45.37,19.92,0.9185,1.0203,0.8256,1
246,15,688.64,0.33,2.82,2.32,2.58,2.13,4.49,1440.00,14.73,17.41,40.81,19.48,0.9368,1.0221,0.8256,1
246,16,473.05,0.35,1.94,1.60,1.82,1.51,3.31,1440.00,14.73,16.71,34.01,18.27,0.9639,1.0269,0.8256,1
246,17,223.34,0.45,0.92,0.76,0.89,0.73,2.03,1440.00,14.73,15.94,26.12,16.50,0.9955,1.0340,0.8256,1
246,18,26.74,1.00,0.11,0.09,0.11,0.09,0.53,1440.00,14.73,15.05,19.25,16.71,1.0230,1.0332,0.8256,0
246,19,0.00,0.00,0.00,0.00,0.00,0.00,0.00,,14.73,,18.02,18.02,1.0279,1.0279,0.8256,0
246,20,0.00,0.00,0.00,0.00,0.00,0.00,0.00,,14.73,,18.12,18.12,1.0275,1.0275,0.8256,0
246,21,0.00,0.00,0.00,0.00,0.00,0.00,0.00,,14.73,,17.30,17.30,1.0308,1.0308,0.8256,0
246,22,0.00,0.00,0.00,0.00,0.00,0.00,0.00,,14.73,,17.18,17.18,1.0313,1.0313,0.8256,0
246,23,0.00,0.00,0.00,0.00,0.00,0.00,0.00,,14.73,,16.88,16.88,1.0325,1.0325,0.8256,0
246,24,0.00,0.00,0.00,0.00,0.00,0.00,0.00,,14.73,,15.99,15.99,1.0360,1.0360,0.8256,0
247,1,0.00,0.00,0.00,0.00,0.00,0.00,0.00,,14.79,,15.45,15.45,1.0382,1.0382,0.8256,0
247,2,0.00,0.00,0.00,0.00,0.00,0.00,0.00,,14.79,,14.68,14.68,1.0413,1.0413,0.8256,0
247,3,0.00,0.00,0.00,0.00,0.00,0.00,0.00,,14.79,,14.15,14.15,1.0434,1.0434,0.8256,0
247,4,0.00,0.00,0.00,0.00,0.00,0.00,0.00,,14.79,,13.78,13.78,1.0449,1.0449,0.8256,0
247,5,0.00,0.00,0.00,0.00,0.00,0.00,0.00,,14.79,,13.51,13.51,1.0460,1.0460,0.8256,0
247,6,0.00,0.00,0.00,0.00,0.00,0.00,0.00,,14.79,,13.15,13.15,1.0474,1.0474,0.8256,0
247,7,0.00,0.00,0.00,0.00,0.00,0.00,0.00,,14.79,,13.04,13.04,1.0478,1.0478,0.8256,0
247,8,83.57,0.02,0.35,0.29,0.35,0.29,0.04,1440.00,14.79,14.81,15.45,15.27,1.0382,1.0389,0.8256,0
247,9,410.17,0.26,1.69,1.40,1.63,1.34,2.14,1440.00,14.79,16.07,27.31,17.16,0.9908,1.0314,0.8256,0
247,10,666.06,0.27,2.74,2.26,2.55,2.11,3.63,1440.00,14.79,16.96,35.54,18.32,0.9578,1.0267,0.8256,0
247,11,873.75,0.29,3.57,2.95,3.24,2.67,5.03,1440.00,14.79,17.80,43.42,19.52,0.9263,1.0219,0.8256,1
247,12,955.11,0.29,3.88,3.20,3.48,2.87,5.55,1440.00,14.79,18.10,47.47,21.12,0.9101,1.0155,0.8256,1
247,13,949.25,0.29,3.84,3.17,3.44,2.84,5.59,1440.00,14.79,18.13,48.55,21.99,0.9058,1.0120,0.8256,1
247,14,871.74,0.29,3.53,2.91,3.19,2.63,5.12,1440.00,14.79,17.85,46.51,22.20,0.9140,1.0112,0.8256,1
247,15,708.94,0.31,2.88,2.38,2.65,2.18,4.33,1440.00,14.79,17.38,41.77,21.19,0.9329,1.0152,0.8256,1
247,16,488.16,0.33,2.00,1.65,1.87,1.55,3.25,1440.00,14.79,16.73,34.95,19.51,0.9602,1.0220,0.8256,1
247,17,232.61,0.44,0.96,0.79,0.92,0.76,2.03,1440.00,14.79,16.01,26.75,17.09,0.9930,1.0316,0.8256,1
247,18,28.72,1.00,0.12,0.10,0.12,0.10,0.57,1440.00,14.79,15.13,19.68,16.95,1.0213,1.0322,0.8256,0
247,19,0.00,0.00,0.00,0.00,0.00,0.00,0.00,,14.79,,18.42,18.42,1.0263,1.0263,0.8256,0
247,20,0.00,0.00,0.00,0.00,0.00,0.00,0.00,,14.79,,18.45,18.45,1.0262,1.0262,0.8256,0
247,21,0.00,0.00,0.00,0.00,0.00,0.00,0.00,,14.79,,17.44,17.44,1.0302,1.0302,0.8256,0
247,22,0.00,0.00,0.00,0.00,0.00,0.00,0.00,,14.79,,17.25,17.25,1.0310,1.0310,0.8256,0
247,23,0.00,0.00,0.00,0.00,0.00,0.00,0.00,,14.79,,16.80,16.80,1.0328,1.0328,0.8256,0
247,24,0.00,0.00,0.00,0.00,0.00,0.00,0.00,,14.79,,15.96,15.96,1.0362,1.0362,0.8256,0
248,1,0.00,0.00,0.00,0.00,0.00,0.00,0.00,,14.85,,15.64,15.64,1.0374,1.0374,0.8256,0
248,2,0.00,0.00,0.00,0.00,0.00,0.00,0.00,,14.85,,15.34,15.34,1.0386,1.0386,0.8256,0
248,3,0.00,0.00,0.00,0.00,0.00,0.00,0.00,,14.85,,14.75,14.75,1.0410,1.0410,0.8256,0
248,4,0.00,0.00,0.00,0.00,0.00,0.00,0.00,,14.85,,14.54,14.54,1.0418,1.0418,0.8256,0
248,5,0.00,0.00,0.00,0.00,0.00,0.00,0.00,,14.85,,14.20,14.20,1.0432,1.0432,0.8256,0
248,6,0.00,0.00,0.00,0.00,0.00,0.00,0.00,,14.85,,13.59,13.59,1.0456,1.0456,0.8256,0
248,7,0.00,0.00,0.00,0.00,0.00,0.00,0.00,,14.85,,13.18,13.18,1.0473,1.0473,0.8256,0
248,8,53.57,0.00,0.22,0.18,0.22,0.18,0.00,,14.85,,14.77,14.77,1.0409,1.0409,0.8256,0
248,9,551.38,0.27,2.26,1.87,2.14,1.76,2.93,1440.00,14.85,16.61,32.79,18.86,0.9688,1.0246,0.8256,0
248,10,751.80,0.28,3.06,2.53,2.82,2.33,4.17,1440.00,14.85,17.34,40.20,20.40,0.9392,1.0184,0.8256,0
248,11,887.57,0.30,3.60,2.97,3.25,2.68,5.25,1440.00,14.85,17.99,46.30,21.35,0.9148,1.0146,0.8256,1
248,12,954.06,0.32,3.87,3.19,3.43,2.83,6.12,1440.00,14.85,18.51,50.57,21.49,0.8977,1.0140,0.8256,1
248,13,936.36,0.35,3.81,3.15,3.35,2.76,6.50,1440.00,14.85,18.74,51.55,20.66,0.8938,1.0173,0.8256,1
248,14,824.72,0.37,3.37,2.78,2.99,2.47,6.06,1440.00,14.85,18.48,48.28,19.49,0.9069,1.0221,0.8256,1
248,15,540.67,0.42,2.22,1.84,2.04,1.68,4.52,1440.00,14.85,17.55,39.48,18.01,0.9421,1.0280,0.8256,1
248,16,255.54,0.58,1.06,0.87,1.00,0.83,2.98,1440.00,14.85,16.64,30.59,16.41,0.9777,1.0344,0.8256,1
248,17,220.40,0.61,0.91,0.75,0.87,0.72,2.70,1440.00,14.85,16.47,29.21,16.37,0.9832,1.0345,0.8256,1
248,18,21.94,1.00,0.09,0.07,0.09,0.07,0.44,1440.00,14.85,15.12,22.08,19.99,1.0117,1.0200,0.8256,0
248,19,0.00,0.00,0.00,0.00,0.00,0.00,0.00,,14.85,,20.35,20.35,1.0186,1.0186,0.8256,0
248,20,0.00,0.00,0.00,0.00,0.00,0.00,0.00,,14.85,,21.03,21.03,1.0159,1.0159,0.8256,0
248,21,0.00,0.00,0.00,0.00,0.00,0.00,0.00,,14.85,,19.32,19.32,1.0227,1.0227,0.8256,0
248,22,0.00,0.00,0.00,0.00,0.00,0.00,0.00,,14.85,,18.81,18.81,1.0248,1.0248,0.8256,0
248,23,0.00,0.00,0.00,0.00,0.00,0.00,0.00,,14.85,,18.62,18.62,1.0255,1.0255,0.8256,0
248,24,0.00,0.00,0.00,0.00,0.00,0.00,0.00,,14.85,,17.92,17.92,1.0283,1.0283,0.8256,0
249,1,0.00,0.00,0.00,0.00,0.00,0.00,0.00,,14.92,,17.57,17.57,1.0297,1.0297,0.8256,0
249,2,0.00,0.00,0.00,0.00,0.00,0.00,0.00,,14.92,,17.22,17.22,1.0311,1.0311,0.8256,0
249,3,0.00,0.00,0.00,0.00,0.00,0.00,0.00,,14.92,,16.68,16.68,1.0333,1.0333,0.8256,0
249,4,0.00,0.00,0.00,0.00,0.00,0.00,0.00,,14.92,,16.39,16.39,1.0344,1.0344,0.8256,0
249,5,0.00,0.00,0.00,0.00,0.00,0.00,0.00,,14.92,,15.96,15.96,1.0362,1.0362,0.8256,0
249,6,0.00,0.00,0.00,0.00,0.00,0.00,0.00,,14.92,,15.43,15.43,1.0383,1.0383,0.8256,0
249,7,0.00,0.00,0.00,0.00,0.00,0.00,0.00,,14.92,,15.61,15.61,1.0376,1.0376,0.8256,0
249,8,63.84,0.43,0.27,0.22,0.26,0.22,0.55,1440.00,14.92,15.25,17.98,15.36,1.0281,1.0385,0.8256,0
249,9,510.97,0.32,2.10,1.73,1.97,1.63,3.25,1440.00,14.92,16.86,34.16,18.74,0.9634,1.0250,0.8256,0
249,10,664.87,0.31,2.71,2.24,2.51,2.07,4.10,1440.00,14.92,17.37,39.32,19.82,0.9427,1.0207,0.8256,0
249,11,799.55,0.31,3.25,2.69,2.96,2.44,4.89,1440.00,14.92,17.84,43.91,20.69,0.9244,1.0173,0.8256,1
249,12,836.09,0.31,3.40,2.81,3.07,2.53,5.24,1440.00,14.92,18.05,45.63,20.73,0.9175,1.0171,0.8256,1
249,13,853.05,0.32,3.47,2.87,3.12,2.57,5.51,1440.00,14.92,18.21,46.67,20.48,0.9133,1.0181,0.8256,1
249,14,757.40,0.33,3.09,2.55,2.80,2.31,5.00,1440.00,14.92,17.91,43.70,19.94,0.9252,1.0202,0.8256,1
249,15,655.56,0.34,2.68,2.21,2.46,2.03,4.39,1440.00,14.92,17.54,40.45,19.58,0.9382,1.0217,0.8256,1
249,16,413.55,0.38,1.70,1.40,1.60,1.32,3.13,1440.00,14.92,16.79,32.95,18.08,0.9682,1.0277,0.8256,1
249,17,139.54,0.60,0.58,0.48,0.56,0.46,1.68,1440.00,14.92,15.92,24.01,16.03,1.0040,1.0359,0.8256,1
249,18,16.47,1.00,0.07,0.06,0.07,0.06,0.33,1440.00,14.92,15.11,19.46,17.90,1.0221,1.0284,0.8256,0
249,19,0.00,0.00,0.00,0.00,0.00,0.00,0.00,,14.92,,18.83,18.83,1.0247,1.0247,0.8256,0
249,20,0.00,0.00,0.00,0.00,0.00,0.00,0.00,,14.92,,19.08,19.08,1.0237,1.0237,0.8256,0
249,21,0.00,0.00,0.00,0.00,0.00,0.00,0.00,,14.92,,18.44,18.44,1.0262,1.0262,0.8256,0
249,22,0.00,0.00,0.00,0.00,0.00,0.00,0.00,,14.92,,18.28,18.28,1.0269,1.0269,0.8256,0
249,23,0.00,0.00,0.00,0.00,0.00,0.00,0.00,,14.92,,18.28,18.28,1.0269,1.0269,0.8256,0
249,24,0.00,0.00,0.00,0.00,0.00,0.00,0.00,,14.92,,18.19,18.19,1.0272,1.0272,0.8256,0
250,1,0.00,0.00,0.00,0.00,0.00,0.00,0.00,,14.98,,17.61,17.61,1.0296,1.0296,0.8256,0
250,2,0.00,0.00,0.00,0.00,0.00,0.00,0.00,,14.98,,17.07,17.07,1.0317,1.0317,0.8256,0
250,3,0.00,0.00,0.00,0.00,0.00,0.00,0.00,,14.98,,16.72,16.72,1.0331,1.0331,0.8256,0
250,4,0.00,0.00,0.00,0.00,0.00,0.00,0.00,,14.98,,16.48,16.48,1.0341,1.0341,0.8256,0
250,5,0.00,0.00,0.00,0.00,0.00,0.00,0.00,,14.98,,16.19,16.19,1.0352,1.0352,0.8256,0
250,6,0.00,0.00,0.00,0.00,0.00,0.00,0.00,,14.98,,15.90,15.90,1.0364,1.0364,0.8256,0
250,7,0.00,0.00,0.00,0.00,0.00,0.00,0.00,,14.98,,15.42,15.42,1.0383,1.0383,0.8256,0
250,8,91.99,0.31,0.38,0.32,0.38,0.31,0.57,1440.00,14.98,15.32,18.34,15.65,1.0266,1.0374,0.8256,0
250,9,512.98,0.30,2.10,1.74,1.98,1.64,3.11,1440.00,14.98,16.84,33.53,18.77,0.9659,1.0249,0.8256,0
250,10,716.31,0.31,2.92,2.41,2.68,2.21,4.51,1440.00,14.98,17.68,41.48,20.07,0.9341,1.0197,0.8256,0
250,11,892.98,0.32,3.63,2.99,3.23,2.67,5.79,1440.00,14.98,18.44,48.64,21.14,0.9055,1.0154,0.8256,1
250,12,964.09,0.35,3.92,3.23,3.43,2.83,6.68,1440.00,14.98,18.97,52.79,21.07,0.8888,1.0157,0.8256,1
250,13,956.59,0.37,3.90,3.22,3.38,2.79,7.16,1440.00,14.98,19.26,54.29,20.30,0.8828,1.0188,0.8256,1
250,14,870.95,0.38,3.56,2.94,3.12,2.57,6.70,1440.00,14.98,18.98,51.35,19.55,0.8946,1.0218,0.8256,1
250,15,703.45,0.40,2.88,2.38,2.58,2.13,5.62,1440.00,14.98,18.34,45.56,18.90,0.9177,1.0244,0.8256,1
250,16,477.63,0.46,1.97,1.62,1.81,1.49,4.35,1440.00,14.98,17.58,38.27,17.59,0.9469,1.0297,0.8256,1
250,17,224.53,0.66,0.93,0.77,0.88,0.73,2.95,1440.00,14.98,16.74,30.23,16.23,0.9791,1.0351,0.8256,1
250,18,27.74,1.00,0.11,0.09,0.11,0.09,0.55,1440.00,14.98,15.31,22.41,19.77,1.0104,1.0209,0.8256,0
250,19,0.00,0.00,0.00,0.00,0.00,0.00,0.00,,14.98,,19.96,19.96,1.0202,1.0202,0.8256,0
250,20,0.00,0.00,0.00,0.00,0.00,0.00,0.00,,14.98,,20.05,20.05,1.0198,1.0198,0.8256,0
250,21,0.00,0.00,0.00,0.00,0.00,0.00,0.00,,14.98,,18.37,18.37,1.0265,1.0265,0.8256,0
250,22,0.00,0.00,0.00,0.00,0.00,0.00,0.00,,14.98,,18.27,18.27,1.0269,1.0269,0.8256,0
250,23,0.00,0.00,0.00,0.00,0.00,0.00,0.00,,14.98,,18.19,18.19,1.0272,1.0272,0.8256,0
250,24,0.00,0.00,0.00,0.00,0.00,0.00,0.00,,14.98,,18.06,18.06,1.0278,1.0278,0.8256,0
251,1,0.00,0.00,0.00,0.00,0.00,0.00,0.00,,15.05,,17.99,17.99,1.0280,1.0280,0.8256,0
251,2,0.00,0.00,0.00,0.00,0.00,0.00,0.00,,15.05,,17.83,17.83,1.0287,1.0287,0.8256,0
251,3,0.00,0.00,0.00,0.00,0.00,0.00,0.00,,15.05,,17.49,17.49,1.0300,1.0300,0.8256,0
251,4,0.00,0.00,0.00,0.00,0.00,0.00,0.00,,15.05,,17.34,17.34,1.0306,1.0306,0.8256,0
251,5,0.00,0.00,0.00,0.00,0.00,0.00,0.00,,15.05,,17.13,17.13,1.0315,1.0315,0.8256,0
251,6,0.00,0.00,0.00,0.00,0.00,0.00,0.00,,15.05,,16.92,16.92,1.0323,1.0323,0.8256,0
251,7,0.00,0.00,0.00,0.00,0.00,0.00,0.00,,15.05,,16.83,16.83,1.0327,1.0327,0.8256,0
251,8,55.74,0.56,0.23,0.19,0.23,0.19,0.62,1440.00,15.05,15.42,18.50,15.56,1.0260,1.0378,0.8256,0
251,9,101.26,0.50,0.42,0.35,0.41,0.34,1.02,1440.00,15.05,15.65,20.70,15.88,1.0172,1.0365,0.8256,0
251,10,129.37,0.44,0.54,0.44,0.52,0.43,1.15,1440.00,15.05,15.73,21.54,16.08,1.0138,1.0357,0.8256,0
251,11,165.77,0.41,0.69,0.57,0.67,0.55,1.35,1440.00,15.05,15.85,22.68,16.27,1.0093,1.0349,0.8256,1
251,12,168.41,0.42,0.70,0.58,0.68,0.56,1.40,1440.00,15.05,15.88,22.85,16.21,1.0086,1.0352,0.8256,1
251,13,147.55,0.45,0.61,0.50,0.60,0.49,1.34,1440.00,15.05,15.85,22.36,16.02,1.0106,1.0359,0.8256,1
251,14,137.21,0.47,0.57,0.47,0.56,0.46,1.28,1440.00,15.05,15.81,21.98,15.91,1.0121,1.0364,0.8256,1
251,15,143.04,0.45,0.59,0.49,0.58,0.48,1.29,1440.00,15.05,15.82,22.13,16.01,1.0115,1.0360,0.8256,1
251,16,91.92,0.56,0.38,0.31,0.37,0.31,1.03,1440.00,15.05,15.66,20.63,15.74,1.0175,1.0371,0.8256,1
251,17,64.69,0.70,0.27,0.22,0.26,0.22,0.90,1440.00,15.05,15.58,19.84,15.57,1.0206,1.0377,0.8256,1
251,18,8.75,1.00,0.04,0.03,0.04,0.03,0.18,1440.00,15.05,15.15,17.82,16.99,1.0287,1.0320,0.8256,0
251,19,0.00,0.00,0.00,0.00,0.00,0.00,0.00,,15.05,,17.57,17.57,1.0297,1.0297,0.8256,0
251,20,0.00,0.00,0.00,0.00,0.00,0.00,0.00,,15.05,,17.80,17.80,1.0288,1.0288,0.8256,0
251,21,0.00,0.00,0.00,0.00,0.00,0.00,0.00,,15.05,,17.83,17.83,1.0287,1.0287,0.8256,0
251,22,0.00,0.00,0.00,0.00,0.00,0.00,0.00,,15.05,,18.18,18.18,1.0273,1.0273,0.8256,0
251,23,0.00,0.00,0.00,0.00,0.00,0.00,0.00,,15.05,,18.01,18.01,1.0280,1.0280,0.8256,0
251,24,0.00,0.00,0.00,0.00,0.00,0.00,0.00,,15.05,,17.58,17.58,1.0297,1.0297,0.8256,0
252,1,0.00,0.00,0.00,0.00,0.00,0.00,0.00,,15.11,,17.30,17.30,1.0308,1.0308,0.8256,0
252,2,0.00,0.00,0.00,0.00,0.00,0.00,0.00,,15.11,,17.26,17.26,1.0310,1.0310,0.8256,0
252,3,0.00,0.00,0.00,0.00,0.00,0.00,0.00,,15.11,,16.93,16.93,1.0323,1.0323,0.8256,0
252,4,0.00,0.00,0.00,0.00,0.00,0.00,0.00,,15.11,,16.91,16.91,1.0324,1.0324,0.8256,0
252,5,0.00,0.00,0.00,0.00,0.00,0.00,0.00,,15.11,,16.82,16.82,1.0327,1.0327,0.8256,0
252,6,0.00,0.00,0.00,0.00,0.00,0.00,0.00,,15.11,,16.61,16.61,1.0336,1.0336,0.8256,0
252,7,0.00,0.00,0.00,0.00,0.00,0.00,0.00,,15.11,,16.57,16.57,1.0337,1.0337,0.8256,0
252,8,89.48,0.45,0.37,0.31,0.37,0.30,0.81,1440.00,15.11,15.60,19.66,15.83,1.0214,1.0367,0.8256,0
252,9,348.84,0.35,1.44,1.19,1.37,1.13,2.45,1440.00,15.11,16.58,29.28,17.65,0.9829,1.0294,0.8256,0
252,10,501.65,0.32,2.05,1.70,1.93,1.60,3.22,1440.00,15.11,17.04,34.25,18.97,0.9630,1.0241,0.8256,0
252,11,706.11,0.30,2.87,2.37,2.64,2.18,4.28,1440.00,15.11,17.67,41.03,20.70,0.9359,1.0172,0.8256,1
252,12,785.07,0.31,3.19,2.63,2.90,2.39,4.89,1440.00,15.11,18.03,44.48,21.28,0.9221,1.0149,0.8256,1
252,13,590.87,0.35,2.41,1.99,2.23,1.84,4.13,1440.00,15.11,17.58,39.41,19.79,0.9423,1.0208,0.8256,1
252,14,413.86,0.39,1.70,1.40,1.60,1.32,3.27,1440.00,15.11,17.07,33.96,18.45,0.9641,1.0262,0.8256,1
252,15,311.71,0.45,1.28,1.06,1.22,1.00,2.79,1440.00,15.11,16.78,30.93,17.70,0.9763,1.0292,0.8256,1
252,16,184.29,0.60,0.76,0.63,0.73,0.60,2.20,1440.00,15.11,16.43,27.13,16.70,0.9915,1.0332,0.8256,1
252,17,99.73,0.87,0.41,0.34,0.40,0.33,1.74,1440.00,15.11,16.15,24.25,16.00,1.0030,1.0360,0.8256,1
252,18,19.19,1.00,0.08,0.06,0.08,0.06,0.38,1440.00,15.11,15.34,21.29,19.47,1.0148,1.0221,0.8256,0
252,19,0.00,0.00,0.00,0.00,0.00,0.00,0.00,,15.11,,20.76,20.76,1.0170,1.0170,0.8256,0
252,20,0.00,0.00,0.00,0.00,0.00,0.00,0.00,,15.11,,20.85,20.85,1.0166,1.0166,0.8256,0
252,21,0.00,0.00,0.00,0.00,0.00,0.00,0.00,,15.11,,20.14,20.14,1.0194,1.0194,0.8256,0
252,22,0.00,0.00,0.00,0.00,0.00,0.00,0.00,,15.11,,19.99,19.99,1.0200,1.0200,0.8256,0
252,23,0.00,0.00,0.00,0.00,0.00,0.00,0.00,,15.11,,19.89,19.89,1.0204,1.0204,0.8256,0
252,24,0.00,0.00,0.00,0.00,0.00,0.00,0.00,,15.11,,19.87,19.87,1.0205,1.0205,0.8256,0
253,1,0.00,0.00,0.00,0.00,0.00,0.00,0.00,,15.18,,19.99,19.99,1.0200,1.0200,0.8256,0
253,2,0.00,0.00,0.00,0.00,0.00,0.00,0.00,,15.18,,20.20,20.20,1.0192,1.0192,0.8256,0
253,3,0.00,0.00,0.00,0.00,0.00,0.00,0.00,,15.18,,20.81,20.81,1.0168,1.0168,0.8256,0
253,4,0.00,0.00,0.00,0.00,0.00,0.00,0.00,,15.18,,21.11,21.11,1.0156,1.0156,0.8256,0
253,5,0.00,0.00,0.00,0.00,0.00,0.00,0.00,,15.18,,21.19,21.19,1.0152,1.0152,0.8256,0
253,6,0.00,0.00,0.00,0.00,0.00,0.00,0.00,,15.18,,21.20,21.20,1.0152,1.0152,0.8256,0
253,7,0.00,0.00,0.00,0.00,0.00,0.00,0.00,,15.18,,21.28,21.28,1.0149,1.0149,0.8256,0
253,8,60.43,1.00,0.25,0.21,0.24,0.20,1.21,1440.00,15.18,15.90,23.24,17.50,1.0070,1.0300,0.8256,0
253,9,572.76,0.35,2.32,1.91,2.14,1.77,4.01,1440.00,15.18,17.58,40.94,21.91,0.9362,1.0124,0.8256,0
253,10,713.70,0.33,2.87,2.37,2.62,2.16,4.71,1440.00,15.18,18.00,45.91,23.53,0.9163,1.0059,0.8256,0
253,11,890.18,0.31,3.55,2.93,3.17,2.62,5.53,1440.00,15.18,18.49,52.10,25.83,0.8916,0.9967,0.8256,1
253,12,900.64,0.32,3.59,2.96,3.19,2.64,5.77,1440.00,15.18,18.63,53.37,25.95,0.8865,0.9962,0.8256,1
253,13,834.28,0.35,3.34,2.76,2.97,2.46,5.77,1440.00,15.18,18.63,52.13,24.72,0.8915,1.0011,0.8256,1
253,14,728.41,0.38,2.94,2.42,2.63,2.17,5.51,1440.00,15.18,18.47,49.24,23.08,0.9030,1.0077,0.8256,1
253,15,619.27,0.41,2.51,2.07,2.27,1.87,5.13,1440.00,15.18,18.25,46.11,21.76,0.9156,1.0130,0.8256,1
253,16,453.45,0.49,1.85,1.53,1.70,1.40,4.40,1440.00,15.18,17.81,41.01,20.10,0.9360,1.0196,0.8256,1
253,17,219.85,0.76,0.91,0.75,0.85,0.70,3.33,1440.00,15.18,17.17,33.34,17.51,0.9666,1.0300,0.8256,1
253,18,32.44,1.00,0.13,0.11,0.13,0.11,0.65,1440.00,15.18,15.57,26.27,23.19,0.9949,1.0072,0.8256,0
253,19,0.00,0.00,0.00,0.00,0.00,0.00,0.00,,15.18,,23.95,23.95,1.0042,1.0042,0.8256,0
253,20,0.00,0.00,0.00,0.00,0.00,0.00,0.00,,15.18,,23.14,23.14,1.0074,1.0074,0.8256,0
253,21,0.00,0.00,0.00,0.00,0.00,0.00,0.00,,15.18,,21.33,21.33,1.0147,1.0147,0.8256,0
253,22,0.00,0.00,0.00,0.00,0.00,0.00,0.00,,15.18,,20.41,20.41,1.0184,1.0184,0.8256,0
253,23,0.00,0.00,0.00,0.00,0.00,0.00,0.00,,15.18,,19.44,19.44,1.0222,1.0222,0.8256,0
253,24,0.00,0.00,0.00,0.00,0.00,0.00,0.00,,15.18,,18.18,18.18,1.0273,1.0273,0.8256,0
254,1,0.00,0.00,0.00,0.00,0.00,0.00,0.00,,15.25,,17.43,17.43,1.0303,1.0303,0.8256,0
254,2,0.00,0.00,0.00,0.00,0.00,0.00,0.00,,15.25,,16.62,16.62,1.0335,1.0335,0.8256,0
254,3,0.00,0.00,0.00,0.00,0.00,0.00,0.00,,15.25,,15.34,15.34,1.0386,1.0386,0.8256,0
254,4,0.00,0.00,0.00,0.00,0.00,0.00,0.00,,15.25,,14.68,14.68,1.0413,1.0413,0.8256,0
254,5,0.00,0.00,0.00,0.00,0.00,0.00,0.00,,15.25,,13.99,13.99,1.0440,1.0440,0.8256,0
254,6,0.00,0.00,0.00,0.00,0.00,0.00,0.00,,15.25,,13.47,13.47,1.0461,1.0461,0.8256,0
254,7,0.00,0.00,0.00,0.00,0.00,0.00,0.00,,15.25,,13.49,13.49,1.0460,1.0460,0.8256,0
254,8,62.04,0.00,0.26,0.21,0.26,0.21,0.00,,15.25,,15.62,15.62,1.0375,1.0375,0.8256,0
254,9,591.98,0.24,2.40,1.99,2.28,1.88,2.81,1440.00,15.25,16.93,34.45,21.10,0.9622,1.0156,0.8256,0
254,10,693.41,0.24,2.80,2.31,2.63,2.17,3.30,1440.00,15.25,17.22,38.13,22.47,0.9475,1.0101,0.8256,0
254,11,900.79,0.24,3.61,2.98,3.31,2.73,4.37,1440.00,15.25,17.86,45.45,24.68,0.9182,1.0013,0.8256,1
254,12,891.29,0.26,3.57,2.95,3.26,2.69,4.68,1440.00,15.25,18.05,46.58,24.34,0.9137,1.0026,0.8256,1
254,13,809.35,0.29,3.26,2.69,2.97,2.45,4.70,1440.00,15.25,18.06,45.44,23.12,0.9182,1.0075,0.8256,1
254,14,625.76,0.33,2.54,2.10,2.35,1.94,4.14,1440.00,15.25,17.72,40.52,20.87,0.9379,1.0165,0.8256,1
254,15,534.06,0.37,2.18,1.80,2.02,1.67,3.97,1440.00,15.25,17.62,38.49,19.64,0.9460,1.0214,0.8256,1
254,16,483.68,0.40,1.98,1.64,1.84,1.52,3.86,1440.00,15.25,17.56,37.23,18.89,0.9511,1.0244,0.8256,1
254,17,248.37,0.54,1.03,0.85,0.97,0.80,2.68,1440.00,15.25,16.85,29.81,17.07,0.9808,1.0317,0.8256,1
254,18,36.27,1.00,0.15,0.12,0.15,0.12,0.73,1440.00,15.25,15.68,22.05,18.61,1.0118,1.0256,0.8256,0
254,19,0.00,0.00,0.00,0.00,0.00,0.00,0.00,,15.25,,19.96,19.96,1.0202,1.0202,0.8256,0
254,20,0.00,0.00,0.00,0.00,0.00,0.00,0.00,,15.25,,19.35,19.35,1.0226,1.0226,0.8256,0
254,21,0.00,0.00,0.00,0.00,0.00,0.00,0.00,,15.25,,18.15,18.15,1.0274,1.0274,0.8256,0
254,22,0.00,0.00,0.00,0.00,0.00,0.00,0.00,,15.25,,17.68,17.68,1.0293,1.0293,0.8256,0
254,23,0.00,0.00,0.00,0.00,0.00,0.00,0.00,,15.25,,17.08,17.08,1.0317,1.0317,0.8256,0
254,24,0.00,0.00,0.00,0.00,0.00,0.00,0.00,,15.25,,16.06,16.06,1.0358,1.0358,0.8256,0
255,1,0.00,0.00,0.00,0.00,0.00,0.00,0.00,,15.32,,15.62,15.62,1.0375,1.0375,0.8256,0
255,2,0.00,0.00,0.00,0.00,0.00,0.00,0.00,,15.32,,15.26,15.26,1.0390,1.0390,0.8256,0
255,3,0.00,0.00,0.00,0.00,0.00,0.00,0.00,,15.32,,14.39,14.39,1.0424,1.0424,0.8256,0
255,4,0.00,0.00,0.00,0.00,0.00,0.00,0.00,,15.32,,14.04,14.04,1.0438,1.0438,0.8256,0
255,5,0.00,0.00,0.00,0.00,0.00,0.00,0.00,,15.32,,13.67,13.67,1.0453,1.0453,0.8256,0
255,6,0.00,0.00,0.00,0.00,0.00,0.00,0.00,,15.32,,13.07,13.07,1.0477,1.0477,0.8256,0
255,7,0.00,0.00,0.00,0.00,0.00,0.00,0.00,,15.32,,12.90,12.90,1.0484,1.0484,0.8256,0
255,8,57.31,0.00,0.24,0.20,0.24,0.20,0.00,,15.32,,14.74,14.74,1.0410,1.0410,0.8256,0
255,9,582.07,0.26,2.38,1.96,2.24,1.85,2.99,1440.00,15.32,17.11,34.06,19.86,0.9638,1.0206,0.8256,0
255,10,792.28,0.26,3.21,2.65,2.96,2.45,4.11,1440.00,15.32,17.77,41.22,21.71,0.9351,1.0132,0.8256,0
255,11,929.24,0.26,3.75,3.09,3.40,2.81,4.87,1440.00,15.32,18.23,46.04,22.92,0.9158,1.0083,0.8256,1
255,12,948.78,0.27,3.82,3.16,3.45,2.85,5.13,1440.00,15.32,18.38,47.60,23.23,0.9096,1.0071,0.8256,1
255,13,794.21,0.30,3.22,2.66,2.93,2.42,4.74,1440.00,15.32,18.15,44.16,21.65,0.9234,1.0134,0.8256,1
255,14,557.49,0.35,2.28,1.88,2.11,1.75,3.95,1440.00,15.32,17.68,38.03,19.28,0.9479,1.0229,0.8256,1
255,15,454.46,0.40,1.87,1.54,1.74,1.44,3.67,1440.00,15.32,17.51,35.60,18.19,0.9576,1.0272,0.8256,1
255,16,381.09,0.43,1.57,1.30,1.47,1.22,3.29,1440.00,15.32,17.28,33.28,17.66,0.9669,1.0293,0.8256,1
255,17,191.17,0.56,0.79,0.65,0.76,0.63,2.13,1440.00,15.32,16.59,26.58,16.48,0.9937,1.0341,0.8256,1
255,18,32.88,1.00,0.14,0.11,0.13,0.11,0.66,1440.00,15.32,15.71,20.48,17.35,1.0181,1.0306,0.8256,0
255,19,0.00,0.00,0.00,0.00,0.00,0.00,0.00,,15.32,,18.51,18.51,1.0260,1.0260,0.8256,0
255,20,0.00,0.00,0.00,0.00,0.00,0.00,0.00,,15.32,,17.30,17.30,1.0308,1.0308,0.8256,0
255,21,0.00,0.00,0.00,0.00,0.00,0.00,0.00,,15.32,,13.63,13.63,1.0455,1.0455,0.8256,0
255,22,0.00,0.00,0.00,0.00,0.00,0.00,0.00,,15.32,,13.00,13.00,1.0480,1.0480,0.8256,0
255,23,0.00,0.00,0.00,0.00,0.00,0.00,0.00,,15.32,,12.97,12.97,1.0481,1.0481,0.8256,0
255,24,0.00,0.00,0.00,0.00,0.00,0.00,0.00,,15.32,,12.61,12.61,1.0496,1.0496,0.8256,0
256,1,0.00,0.00,0.00,0.00,0.00,0.00,0.00,,15.39,,12.60,12.60,1.0496,1.0496,0.8256,0
256,2,0.00,0.00,0.00,0.00,0.00,0.00,0.00,,15.39,,12.57,12.57,1.0497,1.0497,0.8256,0
256,3,0.00,0.00,0.00,0.00,0.00,0.00,0.00,,15.39,,12.33,12.33,1.0507,1.0507,0.8256,0
256,4,0.00,0.00,0.00,0.00,0.00,0.00,0.00,,15.39,,12.09,12.09,1.0516,1.0516,0.8256,0
256,5,0.00,0.00,0.00,0.00,0.00,0.00,0.00,,15.39,,12.07,12.07,1.0517,1.0517,0.8256,0
256,6,0.00,0.00,0.00,0.00,0.00,0.00,0.00,,15.39,,11.98,11.98,1.0521,1.0521,0.8256,0
256,7,0.00,0.00,0.00,0.00,0.00,0.00,0.00,,15.39,,12.18,12.18,1.0513,1.0513,0.8256,0
256,8,84.75,0.00,0.35,0.29,0.35,0.29,0.00,,15.39,,15.21,15.21,1.0392,1.0392,0.8256,0
256,9,335.89,0.20,1.38,1.14,1.34,1.11,1.32,1440.00,15.39,16.18,24.78,18.51,1.0009,1.0260,0.8256,0
256,10,480.56,0.22,1.96,1.62,1.89,1.56,2.12,1440.00,15.39,16.65,29.58,19.52,0.9817,1.0219,0.8256,0
256,11,488.03,0.23,2.00,1.65,1.91,1.58,2.28,1440.00,15.39,16.75,30.20,19.38,0.9792,1.0225,0.8256,1
256,12,530.84,0.24,2.17,1.79,2.06,1.70,2.60,1440.00,15.39,16.94,31.88,19.53,0.9725,1.0219,0.8256,1
256,13,678.95,0.26,2.76,2.28,2.58,2.13,3.47,1440.00,15.39,17.46,37.15,20.65,0.9514,1.0174,0.8256,1
256,14,508.13,0.26,2.08,1.72,1.98,1.63,2.63,1440.00,15.39,16.96,31.86,19.35,0.9726,1.0226,0.8256,1
256,15,376.67,0.26,1.55,1.28,1.49,1.23,1.99,1440.00,15.39,16.58,27.82,18.39,0.9887,1.0264,0.8256,1
256,16,262.40,0.27,1.08,0.89,1.05,0.87,1.42,1440.00,15.39,16.24,24.27,17.51,1.0029,1.0300,0.8256,1
256,17,114.28,0.31,0.47,0.39,0.47,0.39,0.70,1440.00,15.39,15.81,19.69,16.35,1.0212,1.0346,0.8256,1
256,18,20.46,0.53,0.08,0.07,0.08,0.07,0.22,1440.00,15.39,15.52,16.60,15.57,1.0336,1.0377,0.8256,0
256,19,0.00,0.00,0.00,0.00,0.00,0.00,0.00,,15.39,,16.02,16.02,1.0359,1.0359,0.8256,0
256,20,0.00,0.00,0.00,0.00,0.00,0.00,0.00,,15.39,,16.12,16.12,1.0355,1.0355,0.8256,0
256,21,0.00,0.00,0.00,0.00,0.00,0.00,0.00,,15.39,,15.88,15.88,1.0365,1.0365,0.8256,0
256,22,0.00,0.00,0.00,0.00,0.00,0.00,0.00,,15.39,,15.80,15.80,1.0368,1.0368,0.8256,0
256,23,0.00,0.00,0.00,0.00,0.00,0.00,0.00,,15.39,,15.70,15.70,1.0372,1.0372,0.8256,0
256,24,0.00,0.00,0.00,0.00,0.00,0.00,0.00,,15.39,,15.44,15.44,1.0382,1.0382,0.8256,0
257,1,0.00,0.00,0.00,0.00,0.00,0.00,0.00,,15.46,,15.37,15.37,1.0385,1.0385,0.8256,0
257,2,0.00,0.00,0.00,0.00,0.00,0.00,0.00,,15.46,,15.14,15.14,1.0394,1.0394,0.8256,0
257,3,0.00,0.00,0.00,0.00,0.00,0.00,0.00,,15.46,,14.95,14.95,1.0402,1.0402,0.8256,0
257,4,0.00,0.00,0.00,0.00,0.00,0.00,0.00,,15.46,,15.06,15.06,1.0398,1.0398,0.8256,0
257,5,0.00,0.00,0.00,0.00,0.00,0.00,0.00,,15.46,,15.15,15.15,1.0394,1.0394,0.8256,0
257,6,0.00,0.00,0.00,0.00,0.00,0.00,0.00,,15.46,,15.28,15.28,1.0389,1.0389,0.8256,0
257,7,0.00,0.00,0.00,0.00,0.00,0.00,0.00,,15.46,,15.24,15.24,1.0390,1.0390,0.8256,0
257,8,51.91,0.27,0.22,0.18,0.21,0.18,0.28,1440.00,15.46,15.63,17.25,15.91,1.0310,1.0364,0.8256,0
257,9,176.63,0.29,0.73,0.60,0.72,0.59,1.02,1440.00,15.46,16.07,21.78,16.94,1.0129,1.0322,0.8256,0
257,10,495.59,0.25,2.03,1.67,1.93,1.59,2.52,1440.00,15.46,16.96,31.54,19.59,0.9739,1.0216,0.8256,0
257,11,707.49,0.25,2.87,2.37,2.68,2.21,3.60,1440.00,15.46,17.61,38.42,21.32,0.9463,1.0147,0.8256,1
257,12,783.39,0.27,3.17,2.62,2.92,2.41,4.28,1440.00,15.46,18.02,42.28,21.95,0.9309,1.0122,0.8256,1
257,13,691.06,0.30,2.80,2.32,2.59,2.14,4.16,1440.00,15.46,17.94,41.08,21.33,0.9357,1.0147,0.8256,1
257,14,687.89,0.31,2.79,2.30,2.56,2.12,4.26,1440.00,15.46,18.00,42.01,21.78,0.9320,1.0129,0.8256,1
257,15,518.28,0.33,2.11,1.74,1.97,1.63,3.45,1440.00,15.46,17.52,37.03,20.64,0.9519,1.0174,0.8256,1
257,16,397.30,0.33,1.62,1.34,1.54,1.27,2.66,1440.00,15.46,17.05,32.43,19.79,0.9703,1.0208,0.8256,1
257,17,206.61,0.37,0.85,0.70,0.83,0.68,1.54,1440.00,15.46,16.38,25.11,17.80,0.9996,1.0288,0.8256,1
257,18,29.51,0.80,0.12,0.10,0.12,0.10,0.47,1440.00,15.46,15.74,18.02,15.79,1.0279,1.0368,0.8256,0
257,19,0.00,0.00,0.00,0.00,0.00,0.00,0.00,,15.46,,16.53,16.53,1.0339,1.0339,0.8256,0
257,20,0.00,0.00,0.00,0.00,0.00,0.00,0.00,,15.46,,16.47,16.47,1.0341,1.0341,0.8256,0
257,21,0.00,0.00,0.00,0.00,0.00,0.00,0.00,,15.46,,16.07,16.07,1.0357,1.0357,0.8256,0
257,22,0.00,0.00,0.00,0.00,0.00,0.00,0.00,,15.46,,15.89,15.89,1.0364,1.0364,0.8256,0
257,23,0.00,0.00,0.00,0.00,0.00,0.00,0.00,,15.46,,15.83,15.83,1.0367,1.0367,0.8256,0
257,24,0.00,0.00,0.00,0.00,0.00,0.00,0.00,,15.46,,15.59,15.59,1.0376,1.0376,0.8256,0
258,1,0.00,0.00,0.00,0.00,0.00,0.00,0.00,,15.53,,15.49,15.49,1.0380,1.0380,0.8256,0
258,2,0.00,0.00,0.00,0.00,0.00,0.00,0.00,,15.53,,15.38,15.38,1.0385,1.0385,0.8256,0
258,3,0.00,0.00,0.00,0.00,0.00,0.00,0.00,,15.53,,14.65,14.65,1.0414,1.0414,0.8256,0
258,4,0.00,0.00,0.00,0.00,0.00,0.00,0.00,,15.53,,14.07,14.07,1.0437,1.0437,0.8256,0
258,5,0.00,0.00,0.00,0.00,0.00,0.00,0.00,,15.53,,13.82,13.82,1.0447,1.0447,0.8256,0
258,6,0.00,0.00,0.00,0.00,0.00,0.00,0.00,,15.53,,13.85,13.85,1.0446,1.0446,0.8256,0
258,7,20.40,0.00,0.08,0.07,0.08,0.07,0.00,,15.53,,14.60,14.60,1.0416,1.0416,0.8256,0
258,8,78.17,0.06,0.32,0.27,0.32,0.27,0.09,1440.00,15.53,15.58,16.50,16.07,1.0340,1.0357,0.8256,0
258,9,430.33,0.26,1.76,1.46,1.69,1.40,2.23,1440.00,15.53,16.86,29.26,18.68,0.9830,1.0253,0.8256,0
258,10,572.68,0.26,2.34,1.93,2.21,1.82,2.99,1440.00,15.53,17.32,34.04,19.85,0.9639,1.0206,0.8256,0
258,11,735.96,0.26,2.99,2.47,2.78,2.29,3.82,1440.00,15.53,17.81,39.24,21.12,0.9430,1.0155,0.8256,1
258,12,691.33,0.27,2.81,2.32,2.62,2.16,3.70,1440.00,15.53,17.74,38.23,20.67,0.9471,1.0173,0.8256,1
258,13,786.94,0.27,3.19,2.64,2.94,2.43,4.26,1440.00,15.53,18.08,41.54,21.30,0.9338,1.0148,0.8256,1
258,14,704.38,0.27,2.86,2.36,2.66,2.20,3.78,1440.00,15.53,17.79,39.05,21.10,0.9438,1.0156,0.8256,1
258,15,434.98,0.28,1.78,1.47,1.70,1.40,2.46,1440.00,15.53,17.00,30.78,19.11,0.9769,1.0236,0.8256,1
258,16,329.42,0.30,1.35,1.12,1.30,1.08,1.96,1440.00,15.53,16.70,27.51,18.21,0.9899,1.0272,0.8256,1
258,17,156.95,0.36,0.65,0.54,0.63,0.52,1.12,1440.00,15.53,16.20,22.15,16.85,1.0114,1.0326,0.8256,1
258,18,21.30,0.93,0.09,0.07,0.09,0.07,0.40,1440.00,15.53,15.77,17.60,15.72,1.0296,1.0371,0.8256,0
258,19,0.00,0.00,0.00,0.00,0.00,0.00,0.00,,15.53,,16.78,16.78,1.0329,1.0329,0.8256,0
258,20,0.00,0.00,0.00,0.00,0.00,0.00,0.00,,15.53,,16.90,16.90,1.0324,1.0324,0.8256,0
258,21,0.00,0.00,0.00,0.00,0.00,0.00,0.00,,15.53,,16.53,16.53,1.0339,1.0339,0.8256,0
258,22,0.00,0.00,0.00,0.00,0.00,0.00,0.00,,15.53,,16.49,16.49,1.0340,1.0340,0.8256,0
258,23,0.00,0.00,0.00,0.00,0.00,0.00,0.00,,15.53,,16.43,16.43,1.0343,1.0343,0.8256,0
258,24,0.00,0.00,0.00,0.00,0.00,0.00,0.00,,15.53,,16.05,16.05,1.0358,1.0358,0.8256,0
259,1,0.00,0.00,0.00,0.00,0.00,0.00,0.00,,15.60,,16.04,16.04,1.0358,1.0358,0.8256,0
259,2,0.00,0.00,0.00,0.00,0.00,0.00,0.00,,15.60,,15.93,15.93,1.0363,1.0363,0.8256,0
259,3,0.00,0.00,0.00,0.00,0.00,0.00,0.00,,15.60,,15.74,15.74,1.0370,1.0370,0.8256,0
259,4,0.00,0.00,0.00,0.00,0.00,0.00,0.00,,15.60,,15.79,15.79,1.0368,1.0368,0.8256,0
259,5,0.00,0.00,0.00,0.00,0.00,0.00,0.00,,15.60,,15.70,15.70,1.0372,1.0372,0.8256,0
259,6,0.00,0.00,0.00,0.00,0.00,0.00,0.00,,15.60,,15.87,15.87,1.0365,1.0365,0.8256,0
259,7,22.48,0.44,0.09,0.08,0.09,0.08,0.20,1440.00,15.60,15.72,16.72,15.78,1.0331,1.0369,0.8256,0
259,8,73.25,0.34,0.30,0.25,0.30,0.25,0.49,1440.00,15.60,15.90,18.54,16.21,1.0258,1.0352,0.8256,0
259,9,201.70,0.32,0.83,0.69,0.81,0.67,1.29,1440.00,15.60,16.37,23.21,17.08,1.0071,1.0317,0.8256,0
259,10,306.81,0.29,1.26,1.04,1.22,1.01,1.78,1440.00,15.60,16.67,26.69,18.23,0.9932,1.0271,0.8256,0
259,11,311.88,0.29,1.28,1.06,1.24,1.02,1.78,1440.00,15.60,16.67,27.10,18.65,0.9916,1.0254,0.8256,1
259,12,313.43,0.29,1.29,1.06,1.24,1.03,1.81,1440.00,15.60,16.68,27.32,18.73,0.9907,1.0251,0.8256,1
259,13,272.48,0.30,1.12,0.92,1.08,0.90,1.65,1440.00,15.60,16.59,26.21,18.38,0.9951,1.0265,0.8256,1
259,14,276.36,0.29,1.13,0.94,1.10,0.91,1.62,1440.00,15.60,16.57,26.19,18.48,0.9953,1.0261,0.8256,1
259,15,178.74,0.32,0.74,0.61,0.72,0.59,1.16,1440.00,15.60,16.29,23.07,17.57,1.0077,1.0297,0.8256,1
259,16,100.10,0.38,0.41,0.34,0.41,0.34,0.77,1440.00,15.60,16.06,20.39,16.73,1.0184,1.0331,0.8256,1
259,17,18.45,0.99,0.08,0.06,0.08,0.06,0.37,1440.00,15.60,15.82,17.56,15.81,1.0298,1.0367,0.8256,0
259,18,2.65,1.00,0.01,0.01,0.01,0.01,0.05,1440.00,15.60,15.63,17.02,16.77,1.0319,1.0329,0.8256,0
259,19,0.00,0.00,0.00,0.00,0.00,0.00,0.00,,15.60,,16.97,16.97,1.0321,1.0321,0.8256,0
259,20,0.00,0.00,0.00,0.00,0.00,0.00,0.00,,15.60,,16.91,16.91,1.0324,1.0324,0.8256,0
259,21,0.00,0.00,0.00,0.00,0.00,0.00,0.00,,15.60,,16.99,16.99,1.0320,1.0320,0.8256,0
259,22,0.00,0.00,0.00,0.00,0.00,0.00,0.00,,15.60,,17.24,17.24,1.0310,1.0310,0.8256,0
259,23,0.00,0.00,0.00,0.00,0.00,0.00,0.00,,15.60,,17.22,17.22,1.0311,1.0311,0.8256,0
259,24,0.00,0.00,0.00,0.00,0.00,0.00,0.00,,15.60,,17.32,17.32,1.0307,1.0307,0.8256,0
260,1,0.00,0.00,0.00,0.00,0.00,0.00,0.00,,15.68,,17.42,17.42,1.0303,1.0303,0.8256,0
260,2,0.00,0.00,0.00,0.00,0.00,0.00,0.00,,15.68,,17.28,17.28,1.0309,1.0309,0.8256,0
260,3,0.00,0.00,0.00,0.00,0.00,0.00,0.00,,15.68,,16.86,16.86,1.0326,1.0326,0.8256,0
260,4,0.00,0.00,0.00,0.00,0.00,0.00,0.00,,15.68,,16.63,16.63,1.0335,1.0335,0.8256,0
260,5,0.00,0.00,0.00,0.00,0.00,0.00,0.00,,15.68,,16.44,16.44,1.0342,1.0342,0.8256,0
260,6,0.00,0.00,0.00,0.00,0.00,0.00,0.00,,15.68,,16.31,16.31,1.0348,1.0348,0.8256,0
260,7,21.44,0.50,0.09,0.07,0.09,0.07,0.21,1440.00,15.68,15.80,16.92,15.90,1.0323,1.0364,0.8256,0
260,8,83.80,0.28,0.35,0.29,0.34,0.28,0.47,1440.00,15.68,15.96,18.82,16.59,1.0247,1.0336,0.8256,0
260,9,409.13,0.26,1.67,1.38,1.60,1.32,2.15,1440.00,15.68,16.96,30.05,19.83,0.9798,1.0207,0.8256,0
260,10,646.34,0.26,2.61,2.16,2.45,2.02,3.32,1440.00,15.68,17.66,38.09,22.34,0.9476,1.0106,0.8256,0
260,11,797.01,0.26,3.20,2.64,2.95,2.43,4.20,1440.00,15.68,18.18,43.74,23.81,0.9251,1.0048,0.8256,1
260,12,773.89,0.28,3.11,2.57,2.86,2.36,4.28,1440.00,15.68,18.23,43.96,23.65,0.9241,1.0054,0.8256,1
260,13,702.22,0.29,2.83,2.34,2.61,2.16,4.11,1440.00,15.68,18.13,42.28,22.76,0.9309,1.0089,0.8256,1
260,14,681.58,0.31,2.76,2.28,2.54,2.10,4.17,1440.00,15.68,18.17,42.07,22.26,0.9317,1.0109,0.8256,1
260,15,515.23,0.34,2.10,1.73,1.96,1.62,3.50,1440.00,15.68,17.77,36.99,20.35,0.9520,1.0186,0.8256,1
260,16,349.50,0.39,1.43,1.18,1.36,1.12,2.71,1440.00,15.68,17.30,31.70,18.81,0.9732,1.0247,0.8256,1
260,17,121.68,0.61,0.50,0.42,0.49,0.40,1.48,1440.00,15.68,16.56,23.83,16.80,1.0047,1.0328,0.8256,1
260,18,21.54,1.00,0.09,0.07,0.09,0.07,0.43,1440.00,15.68,15.93,20.14,18.10,1.0194,1.0276,0.8256,0
260,19,0.00,0.00,0.00,0.00,0.00,0.00,0.00,,15.68,,19.14,19.14,1.0234,1.0234,0.8256,0
260,20,0.00,0.00,0.00,0.00,0.00,0.00,0.00,,15.68,,18.99,18.99,1.0240,1.0240,0.8256,0
260,21,0.00,0.00,0.00,0.00,0.00,0.00,0.00,,15.68,,18.40,18.40,1.0264,1.0264,0.8256,0
260,22,0.00,0.00,0.00,0.00,0.00,0.00,0.00,,15.68,,18.07,18.07,1.0277,1.0277,0.8256,0
260,23,0.00,0.00,0.00,0.00,0.00,0.00,0.00,,15.68,,17.66,17.66,1.0294,1.0294,0.8256,0
260,24,0.00,0.00,0.00,0.00,0.00,0.00,0.00,,15.68,,17.21,17.21,1.0312,1.0312,0.8256,0
261,1,0.00,0.00,0.00,0.00,0.00,0.00,0.00,,15.75,,17.04,17.04,1.0318,1.0318,0.8256,0
261,2,0.00,0.00,0.00,0.00,0.00,0.00,0.00,,15.75,,16.86,16.86,1.0326,1.0326,0.8256,0
261,3,0.00,0.00,0.00,0.00,0.00,0.00,0.00,,15.75,,16.54,16.54,1.0338,1.0338,0.8256,0
261,4,0.00,0.00,0.00,0.00,0.00,0.00,0.00,,15.75,,16.44,16.44,1.0342,1.0342,0.8256,0
261,5,0.00,0.00,0.00,0.00,0.00,0.00,0.00,,15.75,,16.37,16.37,1.0345,1.0345,0.8256,0
261,6,0.00,0.00,0.00,0.00,0.00,0.00,0.00,,15.75,,16.19,16.19,1.0352,1.0352,0.8256,0
261,7,28.87,0.39,0.12,0.10,0.12,0.10,0.23,1440.00,15.75,15.88,17.12,16.05,1.0315,1.0358,0.8256,0
261,8,62.13,0.33,0.26,0.21,0.26,0.21,0.41,1440.00,15.75,15.99,18.32,16.40,1.0267,1.0344,0.8256,0
261,9,591.48,0.27,2.40,1.98,2.25,1.86,3.25,1440.00,15.75,17.69,36.89,21.47,0.9524,1.0141,0.8256,0
261,10,791.56,0.26,3.18,2.63,2.93,2.42,4.18,1440.00,15.75,18.24,43.66,23.82,0.9254,1.0047,0.8256,0
261,11,869.69,0.27,3.48,2.87,3.17,2.62,4.65,1440.00,15.75,18.53,46.95,24.86,0.9122,1.0006,0.8256,1
261,12,914.30,0.28,3.66,3.02,3.30,2.73,5.09,1440.00,15.75,18.79,49.25,25.08,0.9030,0.9997,0.8256,1
261,13,920.51,0.29,3.68,3.04,3.31,2.73,5.36,1440.00,15.75,18.95,50.32,24.85,0.8987,1.0006,0.8256,1
261,14,889.23,0.30,3.56,2.94,3.21,2.65,5.30,1440.00,15.75,18.92,49.67,24.49,0.9013,1.0020,0.8256,1
261,15,724.70,0.32,2.92,2.41,2.67,2.20,4.68,1440.00,15.75,18.54,45.01,22.79,0.9200,1.0088,0.8256,1
261,16,491.57,0.38,2.00,1.65,1.87,1.54,3.72,1440.00,15.75,17.97,37.87,20.21,0.9485,1.0191,0.8256,1
261,17,250.24,0.52,1.03,0.85,0.98,0.81,2.61,1440.00,15.75,17.31,30.46,18.08,0.9782,1.0277,0.8256,1
261,18,42.68,1.00,0.17,0.14,0.17,0.14,0.85,1440.00,15.75,16.26,23.19,19.14,1.0072,1.0234,0.8256,0
261,19,0.00,0.00,0.00,0.00,0.00,0.00,0.00,,15.75,,21.18,21.18,1.0153,1.0153,0.8256,0
261,20,0.00,0.00,0.00,0.00,0.00,0.00,0.00,,15.75,,20.66,20.66,1.0174,1.0174,0.8256,0
261,21,0.00,0.00,0.00,0.00,0.00,0.00,0.00,,15.75,,19.66,19.66,1.0214,1.0214,0.8256,0
261,22,0.00,0.00,0.00,0.00,0.00,0.00,0.00,,15.75,,19.37,19.37,1.0225,1.0225,0.8256,0
261,23,0.00,0.00,0.00,0.00,0.00,0.00,0.00,,15.75,,19.08,19.08,1.0237,1.0237,0.8256,0
261,24,0.00,0.00,0.00,0.00,0.00,0.00,0.00,,15.75,,18.57,18.57,1.0257,1.0257,0.8256,0
262,1,0.00,0.00,0.00,0.00,0.00,0.00,0.00,,15.82,,18.25,18.25,1.0270,1.0270,0.8256,0
262,2,0.00,0.00,0.00,0.00,0.00,0.00,0.00,,15.82,,17.79,17.79,1.0288,1.0288,0.8256,0
262,3,0.00,0.00,0.00,0.00,0.00,0.00,0.00,,15.82,,16.78,16.78,1.0329,1.0329,0.8256,0
262,4,0.00,0.00,0.00,0.00,0.00,0.00,0.00,,15.82,,15.98,15.98,1.0361,1.0361,0.8256,0
262,5,0.00,0.00,0.00,0.00,0.00,0.00,0.00,,15.82,,15.34,15.34,1.0386,1.0386,0.8256,0
262,6,0.00,0.00,0.00,0.00,0.00,0.00,0.00,,15.82,,14.75,14.75,1.0410,1.0410,0.8256,0
262,7,30.66,0.00,0.13,0.11,0.13,0.11,0.00,,15.82,,15.67,15.67,1.0373,1.0373,0.8256,0
262,8,61.99,0.11,0.26,0.21,0.26,0.21,0.14,1440.00,15.82,15.91,16.94,16.27,1.0323,1.0349,0.8256,0
262,9,614.91,0.27,2.51,2.07,2.35,1.94,3.37,1440.00,15.82,17.84,35.92,19.90,0.9563,1.0204,0.8256,0
262,10,824.05,0.28,3.35,2.77,3.07,2.53,4.57,1440.00,15.82,18.56,42.39,20.68,0.9304,1.0173,0.8256,0
262,11,962.45,0.28,3.90,3.22,3.51,2.90,5.30,1440.00,15.82,18.99,47.02,21.85,0.9119,1.0126,0.8256,1
262,12,1028.72,0.27,4.14,3.42,3.71,3.06,5.60,1440.00,15.82,19.17,49.88,23.30,0.9005,1.0068,0.8256,1
262,13,1014.50,0.28,4.07,3.36,3.64,3.01,5.58,1440.00,15.82,19.16,50.56,24.06,0.8977,1.0037,0.8256,1
262,14,920.13,0.28,3.70,3.05,3.33,2.75,5.23,1440.00,15.82,18.95,48.52,23.69,0.9059,1.0052,0.8256,1
262,15,751.32,0.30,3.03,2.51,2.78,2.29,4.53,1440.00,15.82,18.53,44.03,22.53,0.9239,1.0099,0.8256,1
262,16,523.48,0.33,2.13,1.76,1.99,1.64,3.50,1440.00,15.82,17.92,37.27,20.63,0.9509,1.0175,0.8256,1
262,17,265.90,0.42,1.09,0.90,1.05,0.86,2.26,1440.00,15.82,17.17,29.08,18.35,0.9837,1.0266,0.8256,1
262,18,45.76,1.00,0.19,0.16,0.19,0.15,0.92,1440.00,15.82,16.37,21.30,16.95,1.0148,1.0322,0.8256,0
262,19,0.00,0.00,0.00,0.00,0.00,0.00,0.00,,15.82,,18.84,18.84,1.0246,1.0246,0.8256,0
262,20,0.00,0.00,0.00,0.00,0.00,0.00,0.00,,15.82,,18.22,18.22,1.0271,1.0271,0.8256,0
262,21,0.00,0.00,0.00,0.00,0.00,0.00,0.00,,15.82,,16.83,16.83,1.0327,1.0327,0.8256,0
262,22,0.00,0.00,0.00,0.00,0.00,0.00,0.00,,15.82,,16.35,16.35,1.0346,1.0346,0.8256,0
262,23,0.00,0.00,0.00,0.00,0.00,0.00,0.00,,15.82,,15.69,15.69,1.0372,1.0372,0.8256,0
262,24,0.00,0.00,0.00,0.00,0.00,0.00,0.00,,15.82,,14.76,14.76,1.0410,1.0410,0.8256,0
263,1,0.00,0.00,0.00,0.00,0.00,0.00,0.00,,15.90,,14.39,14.39,1.0424,1.0424,0.8256,0
263,2,0.00,0.00,0.00,0.00,0.00,0.00,0.00,,15.90,,13.96,13.96,1.0442,1.0442,0.8256,0
263,3,0.00,0.00,0.00,0.00,0.00,0.00,0.00,,15.90,,13.84,13.84,1.0446,1.0446,0.8256,0
263,4,0.00,0.00,0.00,0.00,0.00,0.00,0.00,,15.90,,13.62,13.62,1.0455,1.0455,0.8256,0
263,5,0.00,0.00,0.00,0.00,0.00,0.00,0.00,,15.90,,13.51,13.51,1.0460,1.0460,0.8256,0
263,6,0.00,0.00,0.00,0.00,0.00,0.00,0.00,,15.90,,13.07,13.07,1.0477,1.0477,0.8256,0
263,7,32.37,0.00,0.14,0.11,0.14,0.11,0.00,,15.90,,14.02,14.02,1.0439,1.0439,0.8256,0
263,8,63.36,0.00,0.26,0.22,0.26,0.22,0.00,,15.90,,15.01,15.01,1.0400,1.0400,0.8256,0
263,9,562.58,0.23,2.29,1.89,2.18,1.80,2.62,1440.00,15.90,17.47,33.28,20.83,0.9669,1.0167,0.8256,0
263,10,592.01,0.25,2.41,1.99,2.27,1.88,2.98,1440.00,15.90,17.68,35.00,20.87,0.9600,1.0165,0.8256,0
263,11,813.81,0.26,3.29,2.71,3.02,2.50,4.30,1440.00,15.90,18.47,42.88,22.46,0.9285,1.0101,0.8256,1
263,12,730.48,0.26,2.95,2.43,2.73,2.26,3.86,1440.00,15.90,18.20,41.08,22.77,0.9357,1.0089,0.8256,1
263,13,895.01,0.26,3.58,2.95,3.27,2.70,4.57,1440.00,15.90,18.63,46.93,25.22,0.9123,0.9991,0.8256,1
263,14,768.96,0.25,3.08,2.54,2.85,2.36,3.88,1440.00,15.90,18.21,42.97,24.56,0.9281,1.0018,0.8256,1
263,15,605.17,0.25,2.44,2.01,2.30,1.90,3.02,1440.00,15.90,17.70,37.47,23.14,0.9501,1.0074,0.8256,1
263,16,380.84,0.26,1.55,1.28,1.49,1.23,2.01,1440.00,15.90,17.10,30.16,20.64,0.9794,1.0175,0.8256,1
263,17,213.70,0.26,0.88,0.72,0.86,0.71,1.13,1440.00,15.90,16.57,24.00,18.65,1.0040,1.0254,0.8256,1
263,18,42.97,0.32,0.18,0.15,0.18,0.15,0.28,1440.00,15.90,16.06,17.72,16.40,1.0291,1.0344,0.8256,0
263,19,0.00,0.00,0.00,0.00,0.00,0.00,0.00,,15.90,,15.54,15.54,1.0378,1.0378,0.8256,0
263,20,0.00,0.00,0.00,0.00,0.00,0.00,0.00,,15.90,,15.17,15.17,1.0393,1.0393,0.8256,0
263,21,0.00,0.00,0.00,0.00,0.00,0.00,0.00,,15.90,,14.52,14.52,1.0419,1.0419,0.8256,0
263,22,0.00,0.00,0.00,0.00,0.00,0.00,0.00,,15.90,,14.20,14.20,1.0432,1.0432,0.8256,0
263,23,0.00,0.00,0.00,0.00,0.00,0.00,0.00,,15.90,,13.98,13.98,1.0441,1.0441,0.8256,0
263,24,0.00,0.00,0.00,0.00,0.00,0.00,0.00,,15.90,,13.45,13.45,1.0462,1.0462,0.8256,0
264,1,0.00,0.00,0.00,0.00,0.00,0.00,0.00,,15.97,,13.37,13.37,1.0465,1.0465,0.8256,0
264,2,0.00,0.00,0.00,0.00,0.00,0.00,0.00,,15.97,,13.24,13.24,1.0470,1.0470,0.8256,0
264,3,0.00,0.00,0.00,0.00,0.00,0.00,0.00,,15.97,,12.79,12.79,1.0488,1.0488,0.8256,0
264,4,0.00,0.00,0.00,0.00,0.00,0.00,0.00,,15.97,,12.72,12.72,1.0491,1.0491,0.8256,0
264,5,0.00,0.00,0.00,0.00,0.00,0.00,0.00,,15.97,,12.57,12.57,1.0497,1.0497,0.8256,0
264,6,0.00,0.00,0.00,0.00,0.00,0.00,0.00,,15.97,,12.34,12.34,1.0506,1.0506,0.8256,0
264,7,32.32,0.00,0.14,0.11,0.14,0.11,0.00,,15.97,,13.37,13.37,1.0465,1.0465,0.8256,0
264,8,61.61,0.00,0.26,0.21,0.26,0.21,0.00,,15.97,,14.54,14.54,1.0419,1.0419,0.8256,0
264,9,611.72,0.22,2.48,2.05,2.36,1.95,2.73,1440.00,15.97,17.61,34.27,21.30,0.9629,1.0148,0.8256,0
264,10,822.89,0.24,3.32,2.74,3.08,2.54,3.92,1440.00,15.97,18.32,41.39,22.75,0.9345,1.0090,0.8256,0
264,11,960.16,0.26,3.87,3.20,3.51,2.90,4.91,1440.00,15.97,18.91,46.39,23.06,0.9145,1.0078,0.8256,1
264,12,1026.29,0.27,4.14,3.42,3.71,3.06,5.56,1440.00,15.97,19.29,49.28,22.89,0.9029,1.0084,0.8256,1
264,13,1011.77,0.28,4.09,3.37,3.65,3.01,5.67,1440.00,15.97,19.36,49.49,22.57,0.9020,1.0097,0.8256,1
264,14,909.01,0.28,3.68,3.04,3.33,2.75,5.11,1440.00,15.97,19.03,46.32,22.05,0.9147,1.0118,0.8256,1
264,15,748.01,0.28,3.04,2.51,2.80,2.31,4.19,1440.00,15.97,18.48,41.21,21.29,0.9352,1.0148,0.8256,1
264,16,518.07,0.28,2.11,1.75,2.00,1.65,2.92,1440.00,15.97,17.72,33.81,19.96,0.9648,1.0202,0.8256,1
264,17,244.60,0.30,1.01,0.83,0.98,0.81,1.46,1440.00,15.97,16.85,25.01,18.06,0.9999,1.0277,0.8256,1
264,18,42.65,0.43,0.18,0.15,0.18,0.14,0.37,1440.00,15.97,16.20,18.10,16.35,1.0276,1.0346,0.8256,0
264,19,0.00,0.00,0.00,0.00,0.00,0.00,0.00,,15.97,,16.61,16.61,1.0336,1.0336,0.8256,0
264,20,0.00,0.00,0.00,0.00,0.00,0.00,0.00,,15.97,,16.50,16.50,1.0340,1.0340,0.8256,0
264,21,0.00,0.00,0.00,0.00,0.00,0.00,0.00,,15.97,,15.97,15.97,1.0361,1.0361,0.8256,0
264,22,0.00,0.00,0.00,0.00,0.00,0.00,0.00,,15.97,,15.23,15.23,1.0391,1.0391,0.8256,0
264,23,0.00,0.00,0.00,0.00,0.00,0.00,0.00,,15.97,,14.93,14.93,1.0403,1.0403,0.8256,0
264,24,0.00,0.00,0.00,0.00,0.00,0.00,0.00,,15.97,,15.01,15.01,1.0400,1.0400,0.8256,0
265,1,0.00,0.00,0.00,0.00,0.00,0.00,0.00,,16.05,,15.17,15.17,1.0393,1.0393,0.8256,0
265,2,0.00,0.00,0.00,0.00,0.00,0.00,0.00,,16.05,,14.73,14.73,1.0411,1.0411,0.8256,0
265,3,0.00,0.00,0.00,0.00,0.00,0.00,0.00,,16.05,,14.10,14.10,1.0436,1.0436,0.8256,0
265,4,0.00,0.00,0.00,0.00,0.00,0.00,0.00,,16.05,,13.66,13.66,1.0454,1.0454,0.8256,0
265,5,0.00,0.00,0.00,0.00,0.00,0.00,0.00,,16.05,,13.33,13.33,1.0467,1.0467,0.8256,0
265,6,0.00,0.00,0.00,0.00,0.00,0.00,0.00,,16.05,,12.97,12.97,1.0481,1.0481,0.8256,0
265,7,34.78,0.00,0.15,0.12,0.15,0.12,0.00,,16.05,,13.91,13.91,1.0444,1.0444,0.8256,0
265,8,66.77,0.00,0.28,0.23,0.28,0.23,0.00,,16.05,,15.33,15.33,1.0387,1.0387,0.8256,0
265,9,593.65,0.25,2.42,2.00,2.29,1.89,3.00,1440.00,16.05,17.84,34.40,20.15,0.9624,1.0194,0.8256,0
265,10,783.06,0.26,3.18,2.62,2.93,2.42,4.12,1440.00,16.05,18.51,40.95,21.37,0.9362,1.0145,0.8256,0
265,11,937.18,0.27,3.79,3.13,3.43,2.83,5.15,1440.00,16.05,19.13,46.53,22.07,0.9139,1.0117,0.8256,1
265,12,1020.09,0.29,4.13,3.41,3.67,3.03,5.95,1440.00,16.05,19.60,50.35,22.11,0.8986,1.0116,0.8256,1
265,13,1010.22,0.31,4.10,3.39,3.62,2.99,6.34,1440.00,16.05,19.84,51.19,21.08,0.8952,1.0157,0.8256,1
265,14,913.00,0.31,3.71,3.06,3.31,2.73,5.74,1440.00,16.05,19.48,48.39,21.13,0.9064,1.0155,0.8256,1
265,15,722.47,0.32,2.94,2.43,2.68,2.21,4.65,1440.00,16.05,18.83,42.91,20.84,0.9284,1.0166,0.8256,1
265,16,410.97,0.36,1.68,1.39,1.59,1.31,2.94,1440.00,16.05,17.81,33.07,19.11,0.9677,1.0236,0.8256,1
265,17,153.09,0.54,0.63,0.52,0.61,0.51,1.65,1440.00,16.05,17.03,24.97,17.16,1.0001,1.0314,0.8256,1
265,18,31.67,1.00,0.13,0.11,0.13,0.11,0.63,1440.00,16.05,16.43,20.55,17.54,1.0178,1.0298,0.8256,0
265,19,0.00,0.00,0.00,0.00,0.00,0.00,0.00,,16.05,,18.85,18.85,1.0246,1.0246,0.8256,0
265,20,0.00,0.00,0.00,0.00,0.00,0.00,0.00,,16.05,,18.80,18.80,1.0248,1.0248,0.8256,0
265,21,0.00,0.00,0.00,0.00,0.00,0.00,0.00,,16.05,,17.99,17.99,1.0280,1.0280,0.8256,0
265,22,0.00,0.00,0.00,0.00,0.00,0.00,0.00,,16.05,,18.02,18.02,1.0279,1.0279,0.8256,0
265,23,0.00,0.00,0.00,0.00,0.00,0.00,0.00,,16.05,,17.88,17.88,1.0285,1.0285,0.8256,0
265,24,0.00,0.00,0.00,0.00,0.00,0.00,0.00,,16.05,,16.99,16.99,1.0320,1.0320,0.8256,0
266,1,0.00,0.00,0.00,0.00,0.00,0.00,0.00,,16.13,,16.68,16.68,1.0333,1.0333,0.8256,0
266,2,0.00,0.00,0.00,0.00,0.00,0.00,0.00,,16.13,,16.62,16.62,1.0335,1.0335,0.8256,0
266,3,0.00,0.00,0.00,0.00,0.00,0.00,0.00,,16.13,,16.04,16.04,1.0358,1.0358,0.8256,0
266,4,0.00,0.00,0.00,0.00,0.00,0.00,0.00,,16.13,,15.72,15.72,1.0371,1.0371,0.8256,0
266,5,0.00,0.00,0.00,0.00,0.00,0.00,0.00,,16.13,,15.36,15.36,1.0386,1.0386,0.8256,0
266,6,0.00,0.00,0.00,0.00,0.00,0.00,0.00,,16.13,,14.84,14.84,1.0406,1.0406,0.8256,0
266,7,51.00,0.00,0.21,0.17,0.21,0.17,0.00,,16.13,,16.20,16.20,1.0352,1.0352,0.8256,0
266,8,64.40,0.01,0.27,0.22,0.27,0.22,0.01,1440.00,16.13,16.14,16.62,16.55,1.0335,1.0338,0.8256,0
266,9,610.82,0.28,2.49,2.05,2.33,1.93,3.38,1440.00,16.13,18.15,36.39,20.34,0.9544,1.0186,0.8256,0
266,10,817.39,0.29,3.32,2.74,3.02,2.50,4.75,1440.00,16.13,18.97,43.81,21.24,0.9247,1.0150,0.8256,0
266,11,957.00,0.31,3.88,3.20,3.45,2.85,5.89,1440.00,16.13,19.65,49.53,21.56,0.9019,1.0138,0.8256,1
266,12,1026.69,0.32,4.16,3.43,3.64,3.01,6.63,1440.00,16.13,20.09,53.26,21.78,0.8869,1.0129,0.8256,1
266,13,1011.72,0.34,4.10,3.38,3.57,2.95,6.85,1440.00,16.13,20.22,54.44,21.92,0.8823,1.0123,0.8256,1
266,14,889.10,0.34,3.60,2.97,3.19,2.63,6.07,1440.00,16.13,19.75,50.78,21.97,0.8969,1.0121,0.8256,1
266,15,658.19,0.36,2.68,2.21,2.44,2.01,4.71,1440.00,16.13,18.94,43.32,20.95,0.9267,1.0162,0.8256,1
266,16,502.76,0.38,2.05,1.69,1.91,1.57,3.81,1440.00,16.13,18.40,38.13,20.05,0.9475,1.0198,0.8256,1
266,17,257.91,0.48,1.06,0.87,1.01,0.83,2.48,1440.00,16.13,17.61,29.97,18.19,0.9801,1.0272,0.8256,1
266,18,48.24,1.00,0.20,0.16,0.19,0.16,0.96,1440.00,16.13,16.70,22.87,18.29,1.0085,1.0269,0.8256,0
266,19,0.00,0.00,0.00,0.00,0.00,0.00,0.00,,16.13,,20.69,20.69,1.0172,1.0172,0.8256,0
266,20,0.00,0.00,0.00,0.00,0.00,0.00,0.00,,16.13,,20.63,20.63,1.0175,1.0175,0.8256,0
266,21,0.00,0.00,0.00,0.00,0.00,0.00,0.00,,16.13,,19.23,19.23,1.0231,1.0231,0.8256,0
266,22,0.00,0.00,0.00,0.00,0.00,0.00,0.00,,16.13,,18.86,18.86,1.0246,1.0246,0.8256,0
266,23,0.00,0.00,0.00,0.00,0.00,0.00,0.00,,16.13,,18.86,18.86,1.0246,1.0246,0.8256,0
266,24,0.00,0.00,0.00,0.00,0.00,0.00,0.00,,16.13,,18.60,18.60,1.0256,1.0256,0.8256,0
267,1,0.00,0.00,0.00,0.00,0.00,0.00,0.00,,16.20,,18.56,18.56,1.0258,1.0258,0.8256,0
267,2,0.00,0.00,0.00,0.00,0.00,0.00,0.00,,16.20,,18.10,18.10,1.0276,1.0276,0.8256,0
267,3,0.00,0.00,0.00,0.00,0.00,0.00,0.00,,16.20,,17.92,17.92,1.0283,1.0283,0.8256,0
267,4,0.00,0.00,0.00,0.00,0.00,0.00,0.00,,16.20,,18.00,18.00,1.0280,1.0280,0.8256,0
267,5,0.00,0.00,0.00,0.00,0.00,0.00,0.00,,16.20,,18.36,18.36,1.0266,1.0266,0.8256,0
267,6,0.00,0.00,0.00,0.00,0.00,0.00,0.00,,16.20,,18.60,18.60,1.0256,1.0256,0.8256,0
267,7,45.66,0.84,0.19,0.16,0.19,0.15,0.77,1440.00,16.20,16.66,20.20,16.56,1.0192,1.0337,0.8256,0
267,8,129.85,0.47,0.54,0.44,0.52,0.43,1.23,1440.00,16.20,16.94,23.10,17.25,1.0076,1.0310,0.8256,0
267,9,418.25,0.35,1.71,1.41,1.62,1.33,2.95,1440.00,16.20,17.97,33.47,19.47,0.9661,1.0221,0.8256,0
267,10,458.26,0.36,1.87,1.54,1.75,1.45,3.29,1440.00,16.20,18.17,35.67,20.05,0.9573,1.0198,0.8256,0
267,11,510.45,0.36,2.08,1.72,1.93,1.60,3.72,1440.00,16.20,18.43,38.30,20.62,0.9468,1.0175,0.8256,1
267,12,365.23,0.45,1.49,1.23,1.40,1.16,3.31,1440.00,16.20,18.18,35.18,19.44,0.9593,1.0222,0.8256,1
267,13,566.93,0.40,2.30,1.90,2.11,1.74,4.49,1440.00,16.20,18.89,42.44,21.11,0.9303,1.0156,0.8256,1
267,14,819.01,0.36,3.31,2.73,2.94,2.43,5.93,1440.00,16.20,19.74,50.82,22.69,0.8967,1.0093,0.8256,1
267,15,683.95,0.40,2.78,2.29,2.49,2.06,5.51,1440.00,16.20,19.49,47.17,21.03,0.9113,1.0159,0.8256,1
267,16,513.99,0.46,2.10,1.74,1.92,1.58,4.73,1440.00,16.20,19.03,41.79,19.34,0.9328,1.0226,0.8256,1
267,17,265.85,0.65,1.09,0.90,1.02,0.85,3.45,1440.00,16.20,18.27,34.09,17.70,0.9636,1.0292,0.8256,1
267,18,49.70,1.00,0.20,0.17,0.20,0.16,0.99,1440.00,16.20,16.80,26.98,22.26,0.9921,1.0110,0.8256,0
267,19,0.00,0.00,0.00,0.00,0.00,0.00,0.00,,16.20,,24.45,24.45,1.0022,1.0022,0.8256,0
267,20,0.00,0.00,0.00,0.00,0.00,0.00,0.00,,16.20,,23.83,23.83,1.0047,1.0047,0.8256,0
267,21,0.00,0.00,0.00,0.00,0.00,0.00,0.00,,16.20,,22.53,22.53,1.0099,1.0099,0.8256,0
267,22,0.00,0.00,0.00,0.00,0.00,0.00,0.00,,16.20,,21.91,21.91,1.0124,1.0124,0.8256,0
267,23,0.00,0.00,0.00,0.00,0.00,0.00,0.00,,16.20,,21.19,21.19,1.0152,1.0152,0.8256,0
267,24,0.00,0.00,0.00,0.00,0.00,0.00,0.00,,16.20,,20.15,20.15,1.0194,1.0194,0.8256,0
268,1,0.00,0.00,0.00,0.00,0.00,0.00,0.00,,16.28,,19.81,19.81,1.0208,1.0208,0.8256,0
268,2,0.00,0.00,0.00,0.00,0.00,0.00,0.00,,16.28,,19.38,19.38,1.0225,1.0225,0.8256,0
268,3,0.00,0.00,0.00,0.00,0.00,0.00,0.00,,16.28,,18.54,18.54,1.0258,1.0258,0.8256,0
268,4,0.00,0.00,0.00,0.00,0.00,0.00,0.00,,16.28,,18.16,18.16,1.0274,1.0274,0.8256,0
268,5,0.00,0.00,0.00,0.00,0.00,0.00,0.00,,16.28,,17.64,17.64,1.0294,1.0294,0.8256,0
268,6,0.00,0.00,0.00,0.00,0.00,0.00,0.00,,16.28,,17.06,17.06,1.0318,1.0318,0.8256,0
268,7,50.06,0.40,0.21,0.17,0.21,0.17,0.40,1440.00,16.28,16.52,18.48,16.59,1.0261,1.0337,0.8256,0
268,8,372.30,0.28,1.53,1.26,1.47,1.21,2.08,1440.00,16.28,17.52,28.64,18.77,0.9854,1.0249,0.8256,0
268,9,616.11,0.32,2.51,2.07,2.32,1.92,3.90,1440.00,16.28,18.61,39.23,20.70,0.9431,1.0172,0.8256,0
268,10,818.84,0.32,3.32,2.74,2.99,2.47,5.20,1440.00,16.28,19.39,46.49,21.80,0.9140,1.0128,0.8256,0
268,11,954.68,0.32,3.85,3.18,3.41,2.81,6.17,1440.00,16.28,19.97,51.95,22.66,0.8922,1.0093,0.8256,1
268,12,1019.54,0.33,4.10,3.39,3.58,2.96,6.74,1440.00,16.28,20.31,55.38,23.37,0.8785,1.0065,0.8256,1
268,13,1001.09,0.33,4.02,3.32,3.52,2.90,6.70,1440.00,16.28,20.28,55.53,23.72,0.8779,1.0051,0.8256,1
268,14,902.55,0.34,3.64,3.00,3.21,2.65,6.20,1440.00,16.28,19.99,52.58,23.13,0.8897,1.0075,0.8256,1
268,15,733.15,0.37,2.97,2.45,2.67,2.20,5.44,1440.00,16.28,19.53,47.74,21.92,0.9090,1.0123,0.8256,1
268,16,512.29,0.43,2.09,1.72,1.92,1.58,4.39,1440.00,16.28,18.90,41.14,20.31,0.9354,1.0188,0.8256,1
268,17,264.81,0.59,1.09,0.90,1.02,0.85,3.14,1440.00,16.28,18.16,33.39,18.48,0.9665,1.0261,0.8256,1
268,18,50.07,1.00,0.20,0.17,0.20,0.16,1.00,1440.00,16.28,16.88,25.71,20.96,0.9971,1.0162,0.8256,0
268,19,0.00,0.00,0.00,0.00,0.00,0.00,0.00,,16.28,,22.88,22.88,1.0085,1.0085,0.8256,0
268,20,0.00,0.00,0.00,0.00,0.00,0.00,0.00,,16.28,,22.58,22.58,1.0097,1.0097,0.8256,0
268,21,0.00,0.00,0.00,0.00,0.00,0.00,0.00,,16.28,,20.71,20.71,1.0172,1.0172,0.8256,0
268,22,0.00,0.00,0.00,0.00,0.00,0.00,0.00,,16.28,,20.64,20.64,1.0174,1.0174,0.8256,0
268,23,0.00,0.00,0.00,0.00,0.00,0.00,0.00,,16.28,,20.07,20.07,1.0197,1.0197,0.8256,0
268,24,0.00,0.00,0.00,0.00,0.00,0.00,0.00,,16.28,,19.33,19.33,1.0227,1.0227,0.8256,0
269,1,0.00,0.00,0.00,0.00,0.00,0.00,0.00,,16.36,,19.11,19.11,1.0236,1.0236,0.8256,0
269,2,0.00,0.00,0.00,0.00,0.00,0.00,0.00,,16.36,,18.87,18.87,1.0245,1.0245,0.8256,0
269,3,0.00,0.00,0.00,0.00,0.00,0.00,0.00,,16.36,,17.96,17.96,1.0282,1.0282,0.8256,0
269,4,0.00,0.00,0.00,0.00,0.00,0.00,0.00,,16.36,,17.48,17.48,1.0301,1.0301,0.8256,0
269,5,0.00,0.00,0.00,0.00,0.00,0.00,0.00,,16.36,,17.27,17.27,1.0309,1.0309,0.8256,0
269,6,0.00,0.00,0.00,0.00,0.00,0.00,0.00,,16.36,,17.10,17.10,1.0316,1.0316,0.8256,0
269,7,50.13,0.46,0.21,0.17,0.21,0.17,0.46,1440.00,16.36,16.64,18.94,16.74,1.0243,1.0331,0.8256,0
269,8,381.36,0.29,1.56,1.29,1.49,1.23,2.20,1440.00,16.36,17.67,30.07,19.62,0.9797,1.0215,0.8256,0
269,9,624.04,0.32,2.52,2.08,2.33,1.92,4.02,1440.00,16.36,18.76,41.49,22.39,0.9340,1.0104,0.8256,0
269,10,825.77,0.31,3.30,2.73,2.98,2.46,5.16,1440.00,16.36,19.45,49.53,25.01,0.9019,1.0000,0.8256,0
269,11,963.82,0.32,3.83,3.16,3.38,2.79,6.11,1440.00,16.36,20.01,55.89,26.86,0.8764,0.9926,0.8256,1
269,12,1026.25,0.33,4.06,3.35,3.54,2.92,6.70,1440.00,16.36,20.37,59.70,27.87,0.8612,0.9885,0.8256,1
269,13,1011.18,0.31,3.98,3.29,3.50,2.89,6.33,1440.00,16.36,20.14,58.91,28.83,0.8644,0.9847,0.8256,1
269,14,922.76,0.30,3.64,3.01,3.25,2.68,5.60,1440.00,16.36,19.71,54.73,28.13,0.8811,0.9875,0.8256,1
269,15,761.74,0.31,3.04,2.51,2.76,2.28,4.80,1440.00,16.36,19.23,48.44,25.67,0.9062,0.9973,0.8256,1
269,16,541.70,0.35,2.19,1.81,2.03,1.68,3.78,1440.00,16.36,18.62,40.70,22.72,0.9372,1.0091,0.8256,1
269,17,281.70,0.45,1.15,0.95,1.10,0.90,2.56,1440.00,16.36,17.89,31.88,19.75,0.9725,1.0210,0.8256,1
269,18,55.06,1.00,0.23,0.19,0.22,0.18,1.10,1440.00,16.36,17.02,23.27,18.04,1.0069,1.0278,0.8256,0
269,19,0.00,0.00,0.00,0.00,0.00,0.00,0.00,,16.36,,20.63,20.63,1.0175,1.0175,0.8256,0
269,20,0.00,0.00,0.00,0.00,0.00,0.00,0.00,,16.36,,19.93,19.93,1.0203,1.0203,0.8256,0
269,21,0.00,0.00,0.00,0.00,0.00,0.00,0.00,,16.36,,18.31,18.31,1.0268,1.0268,0.8256,0
269,22,0.00,0.00,0.00,0.00,0.00,0.00,0.00,,16.36,,17.75,17.75,1.0290,1.0290,0.8256,0
269,23,0.00,0.00,0.00,0.00,0.00,0.00,0.00,,16.36,,17.08,17.08,1.0317,1.0317,0.8256,0
269,24,0.00,0.00,0.00,0.00,0.00,0.00,0.00,,16.36,,15.68,15.68,1.0373,1.0373,0.8256,0
270,1,0.00,0.00,0.00,0.00,0.00,0.00,0.00,,16.44,,15.47,15.47,1.0381,1.0381,0.8256,0
270,2,0.00,0.00,0.00,0.00,0.00,0.00,0.00,,16.44,,15.34,15.34,1.0386,1.0386,0.8256,0
270,3,0.00,0.00,0.00,0.00,0.00,0.00,0.00,,16.44,,14.02,14.02,1.0439,1.0439,0.8256,0
270,4,0.00,0.00,0.00,0.00,0.00,0.00,0.00,,16.44,,13.82,13.82,1.0447,1.0447,0.8256,0
270,5,0.00,0.00,0.00,0.00,0.00,0.00,0.00,,16.44,,13.63,13.63,1.0455,1.0455,0.8256,0
270,6,0.00,0.00,0.00,0.00,0.00,0.00,0.00,,16.44,,13.35,13.35,1.0466,1.0466,0.8256,0
270,7,54.01,0.00,0.22,0.19,0.22,0.19,0.00,,16.44,,14.90,14.90,1.0404,1.0404,0.8256,0
270,8,398.02,0.16,1.63,1.34,1.59,1.31,1.29,1440.00,16.44,17.21,25.85,19.71,0.9966,1.0211,0.8256,0
270,9,652.47,0.24,2.65,2.19,2.49,2.06,3.16,1440.00,16.44,18.33,36.40,21.39,0.9544,1.0144,0.8256,0
270,10,862.12,0.26,3.49,2.88,3.20,2.64,4.40,1440.00,16.44,19.07,43.14,22.25,0.9274,1.0110,0.8256,0
270,11,1001.07,0.27,4.05,3.34,3.64,3.00,5.44,1440.00,16.44,19.69,47.93,22.12,0.9083,1.0115,0.8256,1
270,12,1065.51,0.29,4.32,3.56,3.82,3.16,6.11,1440.00,16.44,20.09,50.74,21.74,0.8971,1.0130,0.8256,1
270,13,1046.21,0.29,4.23,3.49,3.75,3.10,6.01,1440.00,16.44,20.03,51.02,22.49,0.8959,1.0101,0.8256,1
270,14,945.53,0.28,3.82,3.15,3.43,2.84,5.35,1440.00,16.44,19.63,48.00,22.61,0.9080,1.0096,0.8256,1
270,15,771.00,0.28,3.12,2.58,2.87,2.37,4.34,1440.00,16.44,19.03,42.70,22.09,0.9292,1.0117,0.8256,1
270,16,539.18,0.29,2.19,1.81,2.07,1.71,3.08,1440.00,16.44,18.28,35.57,20.96,0.9577,1.0161,0.8256,1
270,17,281.23,0.31,1.15,0.95,1.11,0.92,1.75,1440.00,16.44,17.48,27.36,19.07,0.9906,1.0237,0.8256,1
270,18,55.30,0.52,0.23,0.19,0.23,0.19,0.58,1440.00,16.44,16.78,19.73,16.99,1.0211,1.0320,0.8256,0
270,19,0.00,0.00,0.00,0.00,0.00,0.00,0.00,,16.44,,17.86,17.86,1.0286,1.0286,0.8256,0
270,20,0.00,0.00,0.00,0.00,0.00,0.00,0.00,,16.44,,18.11,18.11,1.0276,1.0276,0.8256,0
270,21,0.00,0.00,0.00,0.00,0.00,0.00,0.00,,16.44,,17.00,17.00,1.0320,1.0320,0.8256,0
270,22,0.00,0.00,0.00,0.00,0.00,0.00,0.00,,16.44,,16.99,16.99,1.0320,1.0320,0.8256,0
270,23,0.00,0.00,0.00,0.00,0.00,0.00,0.00,,16.44,,16.69,16.69,1.0332,1.0332,0.8256,0
270,24,0.00,0.00,0.00,0.00,0.00,0.00,0.00,,16.44,,15.96,15.96,1.0362,1.0362,0.8256,0
271,1,0.00,0.00,0.00,0.00,0.00,0.00,0.00,,16.52,,15.64,15.64,1.0374,1.0374,0.8256,0
271,2,0.00,0.00,0.00,0.00,0.00,0.00,0.00,,16.52,,15.05,15.05,1.0398,1.0398,0.8256,0
271,3,0.00,0.00,0.00,0.00,0.00,0.00,0.00,,16.52,,14.29,14.29,1.0428,1.0428,0.8256,0
271,4,0.00,0.00,0.00,0.00,0.00,0.00,0.00,,16.52,,13.66,13.66,1.0454,1.0454,0.8256,0
271,5,0.00,0.00,0.00,0.00,0.00,0.00,0.00,,16.52,,13.88,13.88,1.0445,1.0445,0.8256,0
271,6,0.00,0.00,0.00,0.00,0.00,0.00,0.00,,16.52,,13.79,13.79,1.0448,1.0448,0.8256,0
271,7,49.49,0.00,0.21,0.17,0.21,0.17,0.00,,16.52,,15.16,15.16,1.0394,1.0394,0.8256,0
271,8,392.71,0.17,1.60,1.32,1.56,1.29,1.30,1440.00,16.52,17.30,25.98,19.79,0.9961,1.0208,0.8256,0
271,9,644.98,0.25,2.61,2.16,2.46,2.03,3.20,1440.00,16.52,18.43,37.08,21.86,0.9517,1.0126,0.8256,0
271,10,854.54,0.27,3.43,2.84,3.14,2.59,4.59,1440.00,16.52,19.26,45.56,23.78,0.9177,1.0049,0.8256,0
271,11,994.86,0.29,3.98,3.29,3.54,2.92,5.78,1440.00,16.52,19.97,52.46,25.02,0.8902,0.9999,0.8256,1
271,12,1057.41,0.31,4.22,3.48,3.69,3.05,6.58,1440.00,16.52,20.45,56.73,25.51,0.8731,0.9980,0.8256,1
271,13,1037.65,0.32,4.14,3.42,3.61,2.98,6.70,1440.00,16.52,20.52,57.53,25.72,0.8699,0.9971,0.8256,1
271,14,939.82,0.33,3.74,3.09,3.30,2.73,6.19,1440.00,16.52,20.22,55.38,25.96,0.8785,0.9962,0.8256,1
271,15,767.87,0.34,3.07,2.54,2.77,2.28,5.29,1440.00,16.52,19.68,49.94,24.80,0.9003,1.0008,0.8256,1
271,16,537.90,0.40,2.18,1.80,2.00,1.65,4.27,1440.00,16.52,19.07,42.45,22.18,0.9302,1.0113,0.8256,1
271,17,280.95,0.54,1.15,0.95,1.08,0.90,3.04,1440.00,16.52,18.33,33.70,19.28,0.9652,1.0229,0.8256,1
271,18,55.52,1.00,0.23,0.19,0.22,0.18,1.11,1440.00,16.52,17.18,25.21,19.94,0.9991,1.0202,0.8256,0
271,19,0.00,0.00,0.00,0.00,0.00,0.00,0.00,,16.52,,22.23,22.23,1.0111,1.0111,0.8256,0
271,20,0.00,0.00,0.00,0.00,0.00,0.00,0.00,,16.52,,21.29,21.29,1.0148,1.0148,0.8256,0
271,21,0.00,0.00,0.00,0.00,0.00,0.00,0.00,,16.52,,19.60,19.60,1.0216,1.0216,0.8256,0
271,22,0.00,0.00,0.00,0.00,0.00,0.00,0.00,,16.52,,18.90,18.90,1.0244,1.0244,0.8256,0
271,23,0.00,0.00,0.00,0.00,0.00,0.00,0.00,,16.52,,18.25,18.25,1.0270,1.0270,0.8256,0
271,24,0.00,0.00,0.00,0.00,0.00,0.00,0.00,,16.52,,17.47,17.47,1.0301,1.0301,0.8256,0
272,1,0.00,0.00,0.00,0.00,0.00,0.00,0.00,,16.60,,16.97,16.97,1.0321,1.0321,0.8256,0
272,2,0.00,0.00,0.00,0.00,0.00,0.00,0.00,,16.60,,16.52,16.52,1.0339,1.0339,0.8256,0
272,3,0.00,0.00,0.00,0.00,0.00,0.00,0.00,,16.60,,15.72,15.72,1.0371,1.0371,0.8256,0
272,4,0.00,0.00,0.00,0.00,0.00,0.00,0.00,,16.60,,15.42,15.42,1.0383,1.0383,0.8256,0
272,5,0.00,0.00,0.00,0.00,0.00,0.00,0.00,,16.60,,14.85,14.85,1.0406,1.0406,0.8256,0
272,6,0.00,0.00,0.00,0.00,0.00,0.00,0.00,,16.60,,14.09,14.09,1.0436,1.0436,0.8256,0
272,7,48.01,0.00,0.20,0.16,0.20,0.16,0.00,,16.60,,15.54,15.54,1.0378,1.0378,0.8256,0
272,8,393.36,0.18,1.61,1.33,1.56,1.29,1.42,1440.00,16.60,17.45,26.59,19.86,0.9936,1.0206,0.8256,0
272,9,642.78,0.26,2.61,2.15,2.45,2.02,3.28,1440.00,16.60,18.56,37.13,21.55,0.9515,1.0138,0.8256,0
272,10,841.75,0.27,3.40,2.81,3.11,2.57,4.47,1440.00,16.60,19.27,43.77,22.54,0.9249,1.0099,0.8256,0
272,11,974.89,0.28,3.93,3.25,3.54,2.92,5.39,1440.00,16.60,19.82,48.34,22.75,0.9067,1.0090,0.8256,1
272,12,1041.67,0.29,4.20,3.47,3.73,3.08,5.95,1440.00,16.60,20.15,51.08,22.84,0.8957,1.0087,0.8256,1
272,13,1018.97,0.29,4.11,3.39,3.65,3.02,5.87,1440.00,16.60,20.11,50.91,23.03,0.8963,1.0079,0.8256,1
272,14,921.28,0.28,3.71,3.06,3.35,2.76,5.19,1440.00,16.60,19.70,47.84,23.20,0.9086,1.0072,0.8256,1
272,15,750.90,0.27,3.03,2.50,2.79,2.31,4.12,1440.00,16.60,19.06,42.39,22.82,0.9305,1.0087,0.8256,1
272,16,523.51,0.28,2.12,1.75,2.01,1.66,2.91,1440.00,16.60,18.34,35.19,21.38,0.9592,1.0145,0.8256,1
272,17,273.35,0.32,1.12,0.92,1.08,0.89,1.74,1440.00,16.60,17.64,27.50,19.23,0.9900,1.0231,0.8256,1
272,18,55.33,0.62,0.23,0.19,0.23,0.19,0.68,1440.00,16.60,17.01,20.37,17.13,1.0185,1.0315,0.8256,0
272,19,0.00,0.00,0.00,0.00,0.00,0.00,0.00,,16.60,,18.52,18.52,1.0259,1.0259,0.8256,0
272,20,0.00,0.00,0.00,0.00,0.00,0.00,0.00,,16.60,,18.71,18.71,1.0252,1.0252,0.8256,0
272,21,0.00,0.00,0.00,0.00,0.00,0.00,0.00,,16.60,,17.67,17.67,1.0293,1.0293,0.8256,0
272,22,0.00,0.00,0.00,0.00,0.00,0.00,0.00,,16.60,,17.56,17.56,1.0298,1.0298,0.8256,0
272,23,0.00,0.00,0.00,0.00,0.00,0.00,0.00,,16.60,,17.26,17.26,1.0310,1.0310,0.8256,0
272,24,0.00,0.00,0.00,0.00,0.00,0.00,0.00,,16.60,,16.41,16.41,1.0344,1.0344,0.8256,0
273,1,0.00,0.00,0.00,0.00,0.00,0.00,0.00,,16.68,,15.88,15.88,1.0365,1.0365,0.8256,0
273,2,0.00,0.00,0.00,0.00,0.00,0.00,0.00,,16.68,,15.55,15.55,1.0378,1.0378,0.8256,0
273,3,0.00,0.00,0.00,0.00,0.00,0.00,0.00,,16.68,,14.94,14.94,1.0402,1.0402,0.8256,0
273,4,0.00,0.00,0.00,0.00,0.00,0.00,0.00,,16.68,,14.54,14.54,1.0418,1.0418,0.8256,0
273,5,0.00,0.00,0.00,0.00,0.00,0.00,0.00,,16.68,,14.10,14.10,1.0436,1.0436,0.8256,0
273,6,0.00,0.00,0.00,0.00,0.00,0.00,0.00,,16.68,,13.53,13.53,1.0459,1.0459,0.8256,0
273,7,47.26,0.00,0.20,0.16,0.20,0.16,0.00,,16.68,,14.90,14.90,1.0404,1.0404,0.8256,0
273,8,390.33,0.18,1.60,1.32,1.55,1.28,1.43,1440.00,16.68,17.53,26.14,19.33,0.9954,1.0227,0.8256,0
273,9,638.03,0.26,2.59,2.14,2.43,2.01,3.34,1440.00,16.68,18.67,36.91,21.05,0.9524,1.0158,0.8256,0
273,10,856.12,0.28,3.46,2.85,3.15,2.60,4.74,1440.00,16.68,19.51,45.22,22.72,0.9191,1.0091,0.8256,0
273,11,996.50,0.30,4.01,3.31,3.56,2.94,5.89,1440.00,16.68,20.20,51.60,23.61,0.8936,1.0056,0.8256,1
273,12,1060.98,0.32,4.26,3.52,3.72,3.07,6.72,1440.00,16.68,20.69,55.74,23.83,0.8771,1.0047,0.8256,1
273,13,1042.17,0.32,4.18,3.46,3.65,3.01,6.76,1440.00,16.68,20.72,56.16,24.03,0.8754,1.0039,0.8256,1
273,14,938.09,0.33,3.77,3.11,3.33,2.75,6.17,1440.00,16.68,20.37,53.02,23.70,0.8879,1.0052,0.8256,1
273,15,743.53,0.35,3.00,2.48,2.71,2.24,5.25,1440.00,16.68,19.82,47.43,22.48,0.9103,1.0101,0.8256,1
273,16,522.87,0.40,2.13,1.76,1.96,1.62,4.23,1440.00,16.68,19.20,40.95,20.87,0.9362,1.0165,0.8256,1
273,17,276.31,0.55,1.13,0.93,1.07,0.88,3.02,1440.00,16.68,18.48,33.32,18.98,0.9667,1.0241,0.8256,1
273,18,51.31,1.00,0.21,0.17,0.20,0.17,1.03,1440.00,16.68,17.29,25.53,20.66,0.9979,1.0174,0.8256,0
273,19,0.00,0.00,0.00,0.00,0.00,0.00,0.00,,16.68,,23.04,23.04,1.0078,1.0078,0.8256,0
273,20,0.00,0.00,0.00,0.00,0.00,0.00,0.00,,16.68,,22.95,22.95,1.0082,1.0082,0.8256,0
273,21,0.00,0.00,0.00,0.00,0.00,0.00,0.00,,16.68,,21.17,21.17,1.0153,1.0153,0.8256,0
273,22,0.00,0.00,0.00,0.00,0.00,0.00,0.00,,16.68,,21.05,21.05,1.0158,1.0158,0.8256,0
273,23,0.00,0.00,0.00,0.00,0.00,0.00,0.00,,16.68,,20.74,20.74,1.0170,1.0170,0.8256,0
273,24,0.00,0.00,0.00,0.00,0.00,0.00,0.00,,16.68,,20.02,20.02,1.0199,1.0199,0.8256,0
274,1,0.00,0.00,0.00,0.00,0.00,0.00,0.00,,16.76,,19.89,19.89,1.0204,1.0204,0.8256,0
274,2,0.00,0.00,0.00,0.00,0.00,0.00,0.00,,16.76,,19.60,19.60,1.0216,1.0216,0.8256,0
274,3,0.00,0.00,0.00,0.00,0.00,0.00,0.00,,16.76,,20.47,20.47,1.0181,1.0181,0.8256,0
274,4,0.00,0.00,0.00,0.00,0.00,0.00,0.00,,16.76,,20.24,20.24,1.0190,1.0190,0.8256,0
274,5,0.00,0.00,0.00,0.00,0.00,0.00,0.00,,16.76,,20.01,20.01,1.0200,1.0200,0.8256,0
274,6,0.00,0.00,0.00,0.00,0.00,0.00,0.00,,16.76,,19.78,19.78,1.0209,1.0209,0.8256,0
274,7,62.18,0.70,0.26,0.21,0.25,0.21,0.87,1440.00,16.76,17.28,21.49,17.35,1.0140,1.0306,0.8256,0
274,8,325.96,0.31,1.33,1.10,1.28,1.06,2.03,1440.00,16.76,17.97,29.51,19.84,0.9820,1.0206,0.8256,0
274,9,599.41,0.27,2.42,2.00,2.27,1.88,3.25,1440.00,16.76,18.70,37.82,22.41,0.9487,1.0104,0.8256,0
274,10,701.37,0.26,2.82,2.33,2.63,2.17,3.67,1440.00,16.76,18.95,40.78,23.33,0.9369,1.0067,0.8256,0
274,11,509.94,0.27,2.07,1.71,1.96,1.62,2.75,1440.00,16.76,18.40,34.57,21.52,0.9617,1.0139,0.8256,1
274,12,408.66,0.27,1.66,1.37,1.59,1.32,2.24,1440.00,16.76,18.09,31.17,20.55,0.9753,1.0178,0.8256,1
274,13,339.56,0.28,1.39,1.14,1.34,1.10,1.87,1440.00,16.76,17.88,28.78,19.89,0.9849,1.0204,0.8256,1
274,14,310.85,0.27,1.27,1.05,1.23,1.02,1.69,1440.00,16.76,17.77,27.65,19.61,0.9894,1.0215,0.8256,1
274,15,205.87,0.28,0.84,0.70,0.83,0.68,1.16,1440.00,16.76,17.45,24.14,18.64,1.0034,1.0254,0.8256,1
274,16,230.11,0.27,0.94,0.78,0.92,0.76,1.22,1440.00,16.76,17.49,24.67,18.85,1.0013,1.0246,0.8256,1
274,17,151.08,0.27,0.62,0.51,0.61,0.50,0.81,1440.00,16.76,17.24,21.97,18.13,1.0121,1.0275,0.8256,1
274,18,27.53,0.33,0.11,0.09,0.11,0.09,0.18,1440.00,16.76,16.87,17.88,17.01,1.0285,1.0320,0.8256,0
274,19,0.00,0.00,0.00,0.00,0.00,0.00,0.00,,16.76,,17.25,17.25,1.0310,1.0310,0.8256,0
274,20,0.00,0.00,0.00,0.00,0.00,0.00,0.00,,16.76,,17.36,17.36,1.0306,1.0306,0.8256,0
274,21,0.00,0.00,0.00,0.00,0.00,0.00,0.00,,16.76,,17.15,17.15,1.0314,1.0314,0.8256,0
274,22,0.00,0.00,0.00,0.00,0.00,0.00,0.00,,16.76,,17.22,17.22,1.0311,1.0311,0.8256,0
274,23,0.00,0.00,0.00,0.00,0.00,0.00,0.00,,16.76,,17.21,17.21,1.0312,1.0312,0.8256,0
274,24,0.00,0.00,0.00,0.00,0.00,0.00,0.00,,16.76,,16.91,16.91,1.0324,1.0324,0.8256,0
275,1,0.00,0.00,0.00,0.00,0.00,0.00,0.00,,16.84,,16.78,16.78,1.0329,1.0329,0.8256,0
275,2,0.00,0.00,0.00,0.00,0.00,0.00,0.00,,16.84,,16.76,16.76,1.0330,1.0330,0.8256,0
275,3,0.00,0.00,0.00,0.00,0.00,0.00,0.00,,16.84,,16.46,16.46,1.0342,1.0342,0.8256,0
275,4,0.00,0.00,0.00,0.00,0.00,0.00,0.00,,16.84,,16.17,16.17,1.0353,1.0353,0.8256,0
275,5,0.00,0.00,0.00,0.00,0.00,0.00,0.00,,16.84,,16.20,16.20,1.0352,1.0352,0.8256,0
275,6,0.00,0.00,0.00,0.00,0.00,0.00,0.00,,16.84,,16.12,16.12,1.0355,1.0355,0.8256,0
275,7,44.91,0.05,0.19,0.15,0.19,0.15,0.05,1440.00,16.84,16.87,17.44,17.22,1.0302,1.0311,0.8256,0
275,8,178.26,0.20,0.73,0.60,0.72,0.60,0.73,1440.00,16.84,17.28,21.85,18.38,1.0126,1.0265,0.8256,0
275,9,262.06,0.29,1.07,0.89,1.04,0.86,1.54,1440.00,16.84,17.76,26.16,18.84,0.9954,1.0246,0.8256,0
275,10,327.33,0.28,1.34,1.10,1.29,1.07,1.86,1440.00,16.84,17.95,28.31,19.48,0.9868,1.0221,0.8256,0
275,11,394.03,0.27,1.61,1.33,1.54,1.27,2.13,1440.00,16.84,18.11,30.18,20.08,0.9793,1.0197,0.8256,1
275,12,555.45,0.26,2.25,1.86,2.13,1.76,2.91,1440.00,16.84,18.58,35.37,21.56,0.9585,1.0138,0.8256,1
275,13,625.89,0.25,2.53,2.09,2.38,1.96,3.18,1440.00,16.84,18.74,37.55,22.43,0.9498,1.0103,0.8256,1
275,14,535.56,0.24,2.17,1.79,2.07,1.71,2.59,1440.00,16.84,18.39,33.93,21.62,0.9643,1.0135,0.8256,1
275,15,512.11,0.24,2.08,1.72,1.98,1.64,2.48,1440.00,16.84,18.32,33.23,21.44,0.9671,1.0142,0.8256,1
275,16,264.10,0.26,1.08,0.89,1.05,0.87,1.35,1440.00,16.84,17.64,25.69,19.29,0.9972,1.0228,0.8256,1
275,17,72.17,0.29,0.30,0.25,0.30,0.24,0.42,1440.00,16.84,17.09,19.51,17.50,1.0220,1.0300,0.8256,1
275,18,12.65,0.00,0.05,0.04,0.05,0.04,0.00,,16.84,,16.79,16.79,1.0329,1.0329,0.8256,0
275,19,0.00,0.00,0.00,0.00,0.00,0.00,0.00,,16.84,,16.20,16.20,1.0352,1.0352,0.8256,0
275,20,0.00,0.00,0.00,0.00,0.00,0.00,0.00,,16.84,,16.13,16.13,1.0355,1.0355,0.8256,0
275,21,0.00,0.00,0.00,0.00,0.00,0.00,0.00,,16.84,,15.60,15.60,1.0376,1.0376,0.8256,0
275,22,0.00,0.00,0.00,0.00,0.00,0.00,0.00,,16.84,,15.74,15.74,1.0370,1.0370,0.8256,0
275,23,0.00,0.00,0.00,0.00,0.00,0.00,0.00,,16.84,,15.96,15.96,1.0362,1.0362,0.8256,0
275,24,0.00,0.00,0.00,0.00,0.00,0.00,0.00,,16.84,,16.12,16.12,1.0355,1.0355,0.8256,0
276,1,0.00,0.00,0.00,0.00,0.00,0.00,0.00,,16.92,,16.52,16.52,1.0339,1.0339,0.8256,0
276,2,0.00,0.00,0.00,0.00,0.00,0.00,0.00,,16.92,,16.52,16.52,1.0339,1.0339,0.8256,0
276,3,0.00,0.00,0.00,0.00,0.00,0.00,0.00,,16.92,,16.39,16.39,1.0344,1.0344,0.8256,0
276,4,0.00,0.00,0.00,0.00,0.00,0.00,0.00,,16.92,,15.64,15.64,1.0374,1.0374,0.8256,0
276,5,0.00,0.00,0.00,0.00,0.00,0.00,0.00,,16.92,,15.82,15.82,1.0367,1.0367,0.8256,0
276,6,0.00,0.00,0.00,0.00,0.00,0.00,0.00,,16.92,,15.67,15.67,1.0373,1.0373,0.8256,0
276,7,50.96,0.00,0.21,0.17,0.21,0.17,0.00,,16.92,,17.12,17.12,1.0315,1.0315,0.8256,0
276,8,198.14,0.16,0.81,0.67,0.80,0.66,0.65,1440.00,16.92,17.31,21.80,18.70,1.0128,1.0252,0.8256,0
276,9,402.33,0.21,1.64,1.35,1.59,1.31,1.70,1440.00,16.92,17.94,28.73,20.64,0.9851,1.0174,0.8256,0
276,10,444.39,0.22,1.81,1.49,1.74,1.44,1.93,1440.00,16.92,18.08,30.19,21.00,0.9793,1.0160,0.8256,0
276,11,467.21,0.23,1.90,1.57,1.82,1.50,2.14,1440.00,16.92,18.20,31.32,21.16,0.9747,1.0153,0.8256,1
276,12,440.93,0.24,1.79,1.48,1.72,1.42,2.08,1440.00,16.92,18.17,30.92,21.02,0.9763,1.0159,0.8256,1
276,13,568.39,0.22,2.30,1.90,2.19,1.80,2.55,1440.00,16.92,18.45,34.70,22.57,0.9612,1.0097,0.8256,1
276,14,475.98,0.23,1.93,1.59,1.85,1.53,2.18,1440.00,16.92,18.22,32.15,21.80,0.9714,1.0128,0.8256,1
276,15,388.92,0.23,1.58,1.31,1.53,1.26,1.81,1440.00,16.92,18.00,29.57,20.97,0.9817,1.0161,0.8256,1
276,16,226.52,0.26,0.93,0.77,0.91,0.75,1.16,1440.00,16.92,17.61,24.54,19.05,1.0018,1.0238,0.8256,1
276,17,106.36,0.22,0.44,0.36,0.43,0.36,0.47,1440.00,16.92,17.20,20.14,17.93,1.0194,1.0283,0.8256,1
276,18,34.36,0.27,0.14,0.12,0.14,0.12,0.18,1440.00,16.92,17.03,18.10,17.23,1.0276,1.0311,0.8256,0
276,19,0.00,0.00,0.00,0.00,0.00,0.00,0.00,,16.92,,17.34,17.34,1.0306,1.0306,0.8256,0
276,20,0.00,0.00,0.00,0.00,0.00,0.00,0.00,,16.92,,17.45,17.45,1.0302,1.0302,0.8256,0
276,21,0.00,0.00,0.00,0.00,0.00,0.00,0.00,,16.92,,16.82,16.82,1.0327,1.0327,0.8256,0
276,22,0.00,0.00,0.00,0.00,0.00,0.00,0.00,,16.92,,16.70,16.70,1.0332,1.0332,0.8256,0
276,23,0.00,0.00,0.00,0.00,0.00,0.00,0.00,,16.92,,16.39,16.39,1.0344,1.0344,0.8256,0
276,24,0.00,0.00,0.00,0.00,0.00,0.00,0.00,,16.92,,16.49,16.49,1.0340,1.0340,0.8256,0
277,1,0.00,0.00,0.00,0.00,0.00,0.00,0.00,,17.00,,16.37,16.37,1.0345,1.0345,0.8256,0
277,2,0.00,0.00,0.00,0.00,0.00,0.00,0.00,,17.00,,16.07,16.07,1.0357,1.0357,0.8256,0
277,3,0.00,0.00,0.00,0.00,0.00,0.00,0.00,,17.00,,16.18,16.18,1.0353,1.0353,0.8256,0
277,4,0.00,0.00,0.00,0.00,0.00,0.00,0.00,,17.00,,16.44,16.44,1.0342,1.0342,0.8256,0
277,5,0.00,0.00,0.00,0.00,0.00,0.00,0.00,,17.00,,16.72,16.72,1.0331,1.0331,0.8256,0
277,6,0.00,0.00,0.00,0.00,0.00,0.00,0.00,,17.00,,16.80,16.80,1.0328,1.0328,0.8256,0
277,7,27.97,0.26,0.12,0.10,0.12,0.09,0.15,1440.00,17.00,17.09,17.95,17.25,1.0282,1.0310,0.8256,0
277,8,79.36,0.24,0.33,0.27,0.32,0.27,0.39,1440.00,17.00,17.23,19.58,17.74,1.0217,1.0291,0.8256,0
277,9,133.04,0.30,0.55,0.45,0.54,0.45,0.79,1440.00,17.00,17.47,21.71,17.96,1.0132,1.0282,0.8256,0
277,10,191.68,0.27,0.79,0.65,0.77,0.64,1.04,1440.00,17.00,17.63,23.41,18.46,1.0064,1.0262,0.8256,0
277,11,199.85,0.27,0.82,0.68,0.80,0.66,1.07,1440.00,17.00,17.64,23.86,18.79,1.0046,1.0249,0.8256,1
277,12,255.15,0.26,1.04,0.86,1.02,0.84,1.32,1440.00,17.00,17.79,25.53,19.27,0.9979,1.0229,0.8256,1
277,13,293.69,0.25,1.20,0.99,1.17,0.96,1.47,1440.00,17.00,17.88,26.51,19.53,0.9940,1.0219,0.8256,1
277,14,249.65,0.27,1.02,0.84,1.00,0.82,1.34,1440.00,17.00,17.80,25.41,19.07,0.9984,1.0237,0.8256,1
277,15,202.14,0.28,0.83,0.68,0.81,0.67,1.12,1440.00,17.00,17.67,24.02,18.70,1.0039,1.0252,0.8256,1
277,16,92.26,0.32,0.38,0.31,0.38,0.31,0.60,1440.00,17.00,17.36,20.64,17.80,1.0174,1.0288,0.8256,1
277,17,120.75,0.31,0.50,0.41,0.49,0.40,0.75,1440.00,17.00,17.45,21.57,18.03,1.0137,1.0279,0.8256,1
277,18,34.45,0.46,0.14,0.12,0.14,0.12,0.32,1440.00,17.00,17.19,18.82,17.30,1.0247,1.0308,0.8256,0
277,19,0.00,0.00,0.00,0.00,0.00,0.00,0.00,,17.00,,17.79,17.79,1.0288,1.0288,0.8256,0
277,20,0.00,0.00,0.00,0.00,0.00,0.00,0.00,,17.00,,17.92,17.92,1.0283,1.0283,0.8256,0
277,21,0.00,0.00,0.00,0.00,0.00,0.00,0.00,,17.00,,17.68,17.68,1.0293,1.0293,0.8256,0
277,22,0.00,0.00,0.00,0.00,0.00,0.00,0.00,,17.00,,17.66,17.66,1.0294,1.0294,0.8256,0
277,23,0.00,0.00,0.00,0.00,0.00,0.00,0.00,,17.00,,17.55,17.55,1.0298,1.0298,0.8256,0
277,24,0.00,0.00,0.00,0.00,0.00,0.00,0.00,,17.00,,17.99,17.99,1.0280,1.0280,0.8256,0
278,1,0.00,0.00,0.00,0.00,0.00,0.00,0.00,,17.08,,17.81,17.81,1.0288,1.0288,0.8256,0
278,2,0.00,0.00,0.00,0.00,0.00,0.00,0.00,,17.08,,17.60,17.60,1.0296,1.0296,0.8256,0
278,3,0.00,0.00,0.00,0.00,0.00,0.00,0.00,,17.08,,17.47,17.47,1.0301,1.0301,0.8256,0
278,4,0.00,0.00,0.00,0.00,0.00,0.00,0.00,,17.08,,17.12,17.12,1.0315,1.0315,0.8256,0
278,5,0.00,0.00,0.00,0.00,0.00,0.00,0.00,,17.08,,16.81,16.81,1.0328,1.0328,0.8256,0
278,6,0.00,0.00,0.00,0.00,0.00,0.00,0.00,,17.08,,16.86,16.86,1.0326,1.0326,0.8256,0
278,7,55.13,0.27,0.23,0.19,0.23,0.19,0.29,1440.00,17.08,17.26,18.74,17.35,1.0250,1.0306,0.8256,0
278,8,290.23,0.27,1.19,0.98,1.16,0.95,1.57,1440.00,17.08,18.02,26.01,18.56,0.9960,1.0258,0.8256,0
278,9,442.14,0.29,1.81,1.49,1.72,1.42,2.61,1440.00,17.08,18.64,31.88,19.50,0.9725,1.0220,0.8256,0
278,10,542.94,0.29,2.21,1.83,2.08,1.72,3.17,1440.00,17.08,18.98,35.12,20.05,0.9595,1.0198,0.8256,0
278,11,786.54,0.29,3.19,2.63,2.92,2.41,4.51,1440.00,17.08,19.78,43.20,21.76,0.9272,1.0130,0.8256,1
278,12,891.17,0.29,3.60,2.97,3.25,2.68,5.17,1440.00,17.08,20.18,47.23,22.66,0.9111,1.0093,0.8256,1
278,13,937.76,0.28,3.77,3.12,3.40,2.81,5.29,1440.00,17.08,20.25,48.54,23.40,0.9058,1.0064,0.8256,1
278,14,858.28,0.28,3.46,2.85,3.14,2.59,4.86,1440.00,17.08,19.99,46.46,23.37,0.9142,1.0065,0.8256,1
278,15,628.31,0.29,2.54,2.10,2.37,1.96,3.65,1440.00,17.08,19.27,39.34,21.99,0.9426,1.0120,0.8256,1
278,16,467.11,0.31,1.90,1.57,1.80,1.49,2.85,1440.00,17.08,18.79,34.32,20.78,0.9627,1.0169,0.8256,1
278,17,260.77,0.34,1.07,0.88,1.03,0.85,1.78,1440.00,17.08,18.15,27.59,19.15,0.9896,1.0234,0.8256,1
278,18,56.30,0.64,0.23,0.19,0.23,0.19,0.72,1440.00,17.08,17.51,20.94,17.53,1.0162,1.0299,0.8256,0
278,19,0.00,0.00,0.00,0.00,0.00,0.00,0.00,,17.08,,19.11,19.11,1.0236,1.0236,0.8256,0
278,20,0.00,0.00,0.00,0.00,0.00,0.00,0.00,,17.08,,19.14,19.14,1.0234,1.0234,0.8256,0
278,21,0.00,0.00,0.00,0.00,0.00,0.00,0.00,,17.08,,18.26,18.26,1.0270,1.0270,0.8256,0
278,22,0.00,0.00,0.00,0.00,0.00,0.00,0.00,,17.08,,18.09,18.09,1.0276,1.0276,0.8256,0
278,23,0.00,0.00,0.00,0.00,0.00,0.00,0.00,,17.08,,18.11,18.11,1.0276,1.0276,0.8256,0
278,24,0.00,0.00,0.00,0.00,0.00,0.00,0.00,,17.08,,18.03,18.03,1.0279,1.0279,0.8256,0
279,1,0.00,0.00,0.00,0.00,0.00,0.00,0.00,,17.17,,17.62,17.62,1.0295,1.0295,0.8256,0
279,2,0.00,0.00,0.00,0.00,0.00,0.00,0.00,,17.17,,17.36,17.36,1.0306,1.0306,0.8256,0
279,3,0.00,0.00,0.00,0.00,0.00,0.00,0.00,,17.17,,17.40,17.40,1.0304,1.0304,0.8256,0
279,4,0.00,0.00,0.00,0.00,0.00,0.00,0.00,,17.17,,17.17,17.17,1.0313,1.0313,0.8256,0
279,5,0.00,0.00,0.00,0.00,0.00,0.00,0.00,,17.17,,16.88,16.88,1.0325,1.0325,0.8256,0
279,6,0.00,0.00,0.00,0.00,0.00,0.00,0.00,,17.17,,16.98,16.98,1.0321,1.0321,0.8256,0
279,7,61.04,0.25,0.25,0.21,0.25,0.21,0.30,1440.00,17.17,17.35,18.99,17.56,1.0240,1.0298,0.8256,0
279,8,275.65,0.26,1.13,0.93,1.10,0.91,1.43,1440.00,17.17,18.02,25.73,18.92,0.9971,1.0243,0.8256,0
279,9,433.12,0.28,1.77,1.46,1.69,1.39,2.43,1440.00,17.17,18.62,31.45,19.90,0.9742,1.0204,0.8256,0
279,10,599.48,0.28,2.44,2.01,2.29,1.89,3.30,1440.00,17.17,19.14,36.61,20.92,0.9535,1.0163,0.8256,0
279,11,623.48,0.28,2.53,2.09,2.37,1.95,3.49,1440.00,17.17,19.25,37.80,21.23,0.9488,1.0151,0.8256,1
279,12,710.20,0.29,2.88,2.38,2.66,2.19,4.07,1440.00,17.17,19.60,41.14,21.84,0.9354,1.0127,0.8256,1
279,13,750.80,0.28,3.04,2.51,2.79,2.31,4.23,1440.00,17.17,19.70,42.45,22.35,0.9302,1.0106,0.8256,1
279,14,724.59,0.28,2.93,2.42,2.70,2.23,4.08,1440.00,17.17,19.60,41.92,22.55,0.9323,1.0098,0.8256,1
279,15,617.58,0.28,2.50,2.06,2.34,1.93,3.49,1440.00,17.17,19.25,38.55,21.99,0.9458,1.0121,0.8256,1
279,16,436.25,0.30,1.78,1.47,1.69,1.40,2.60,1440.00,17.17,18.72,32.92,20.57,0.9683,1.0177,0.8256,1
279,17,222.01,0.34,0.91,0.75,0.88,0.73,1.50,1440.00,17.17,18.07,26.06,18.91,0.9958,1.0244,0.8256,1
279,18,54.03,0.60,0.22,0.18,0.22,0.18,0.64,1440.00,17.17,17.55,20.67,17.61,1.0173,1.0296,0.8256,0
279,19,0.00,0.00,0.00,0.00,0.00,0.00,0.00,,17.17,,18.95,18.95,1.0242,1.0242,0.8256,0
279,20,0.00,0.00,0.00,0.00,0.00,0.00,0.00,,17.17,,19.19,19.19,1.0232,1.0232,0.8256,0
279,21,0.00,0.00,0.00,0.00,0.00,0.00,0.00,,17.17,,18.68,18.68,1.0253,1.0253,0.8256,0
279,22,0.00,0.00,0.00,0.00,0.00,0.00,0.00,,17.17,,18.60,18.60,1.0256,1.0256,0.8256,0
279,23,0.00,0.00,0.00,0.00,0.00,0.00,0.00,,17.17,,18.06,18.06,1.0278,1.0278,0.8256,0
279,24,0.00,0.00,0.00,0.00,0.00,0.00,0.00,,17.17,,17.86,17.86,1.0286,1.0286,0.8256,0
280,1,0.00,0.00,0.00,0.00,0.00,0.00,0.00,,17.25,,17.70,17.70,1.0292,1.0292,0.8256,0
280,2,0.00,0.00,0.00,0.00,0.00,0.00,0.00,,17.25,,17.23,17.23,1.0311,1.0311,0.8256,0
280,3,0.00,0.00,0.00,0.00,0.00,0.00,0.00,,17.25,,17.12,17.12,1.0315,1.0315,0.8256,0
280,4,0.00,0.00,0.00,0.00,0.00,0.00,0.00,,17.25,,17.02,17.02,1.0319,1.0319,0.8256,0
280,5,0.00,0.00,0.00,0.00,0.00,0.00,0.00,,17.25,,16.81,16.81,1.0328,1.0328,0.8256,0
280,6,0.00,0.00,0.00,0.00,0.00,0.00,0.00,,17.25,,16.72,16.72,1.0331,1.0331,0.8256,0
280,7,55.32,0.14,0.23,0.19,0.23,0.19,0.15,1440.00,17.25,17.34,18.36,17.64,1.0266,1.0294,0.8256,0
280,8,225.02,0.24,0.92,0.76,0.90,0.75,1.07,1440.00,17.25,17.89,23.97,18.90,1.0041,1.0244,0.8256,0
280,9,442.12,0.28,1.80,1.49,1.72,1.42,2.48,1440.00,17.25,18.73,32.10,20.32,0.9716,1.0187,0.8256,0
280,10,644.13,0.29,2.61,2.16,2.43,2.01,3.69,1440.00,17.25,19.45,39.13,21.62,0.9435,1.0135,0.8256,0
280,11,768.85,0.30,3.10,2.56,2.84,2.34,4.57,1440.00,17.25,19.98,44.36,22.67,0.9226,1.0093,0.8256,1
280,12,812.80,0.29,3.27,2.70,2.98,2.46,4.71,1440.00,17.25,20.07,46.07,23.68,0.9157,1.0053,0.8256,1
280,13,737.89,0.24,2.95,2.44,2.76,2.28,3.51,1440.00,17.25,19.35,41.58,24.90,0.9337,1.0004,0.8256,1
280,14,836.92,0.21,3.32,2.74,3.10,2.56,3.43,1440.00,17.25,19.30,43.16,26.86,0.9273,0.9926,0.8256,1
280,15,711.08,0.20,2.84,2.35,2.68,2.22,2.90,1440.00,17.25,18.98,39.09,25.34,0.9436,0.9987,0.8256,1
280,16,494.12,0.20,1.99,1.65,1.92,1.58,2.02,1440.00,17.25,18.46,32.50,22.90,0.9700,1.0084,0.8256,1
280,17,225.88,0.18,0.92,0.76,0.91,0.75,0.82,1440.00,17.25,17.74,23.67,19.77,1.0053,1.0209,0.8256,1
280,18,46.04,0.00,0.19,0.16,0.19,0.16,0.00,,17.25,,17.65,17.65,1.0294,1.0294,0.8256,0
280,19,0.00,0.00,0.00,0.00,0.00,0.00,0.00,,17.25,,16.16,16.16,1.0354,1.0354,0.8256,0
280,20,0.00,0.00,0.00,0.00,0.00,0.00,0.00,,17.25,,16.29,16.29,1.0348,1.0348,0.8256,0
280,21,0.00,0.00,0.00,0.00,0.00,0.00,0.00,,17.25,,15.92,15.92,1.0363,1.0363,0.8256,0
280,22,0.00,0.00,0.00,0.00,0.00,0.00,0.00,,17.25,,15.90,15.90,1.0364,1.0364,0.8256,0
280,23,0.00,0.00,0.00,0.00,0.00,0.00,0.00,,17.25,,15.44,15.44,1.0382,1.0382,0.8256,0
280,24,0.00,0.00,0.00,0.00,0.00,0.00,0.00,,17.25,,15.40,15.40,1.0384,1.0384,0.8256,0
281,1,0.00,0.00,0.00,0.00,0.00,0.00,0.00,,17.33,,15.28,15.28,1.0389,1.0389,0.8256,0
281,2,0.00,0.00,0.00,0.00,0.00,0.00,0.00,,17.33,,15.10,15.10,1.0396,1.0396,0.8256,0
281,3,0.00,0.00,0.00,0.00,0.00,0.00,0.00,,17.33,,15.01,15.01,1.0400,1.0400,0.8256,0
281,4,0.00,0.00,0.00,0.00,0.00,0.00,0.00,,17.33,,14.95,14.95,1.0402,1.0402,0.8256,0
281,5,0.00,0.00,0.00,0.00,0.00,0.00,0.00,,17.33,,14.80,14.80,1.0408,1.0408,0.8256,0
281,6,0.00,0.00,0.00,0.00,0.00,0.00,0.00,,17.33,,14.77,14.77,1.0409,1.0409,0.8256,0
281,7,53.00,0.00,0.22,0.18,0.22,0.18,0.00,,17.33,,16.43,16.43,1.0343,1.0343,0.8256,0
281,8,115.44,0.03,0.47,0.39,0.47,0.39,0.06,1440.00,17.33,17.37,18.26,17.97,1.0270,1.0281,0.8256,0
281,9,182.19,0.17,0.75,0.62,0.74,0.61,0.62,1440.00,17.33,17.70,21.31,18.38,1.0147,1.0265,0.8256,0
281,10,388.04,0.22,1.59,1.31,1.53,1.27,1.70,1440.00,17.33,18.35,27.77,19.68,0.9889,1.0213,0.8256,0
281,11,479.15,0.24,1.95,1.61,1.87,1.54,2.28,1440.00,17.33,18.69,31.18,20.36,0.9753,1.0186,0.8256,1
281,12,558.06,0.25,2.27,1.87,2.15,1.77,2.80,1440.00,17.33,19.00,34.33,21.03,0.9627,1.0159,0.8256,1
281,13,599.84,0.25,2.43,2.01,2.29,1.89,3.00,1440.00,17.33,19.13,35.92,21.66,0.9563,1.0134,0.8256,1
281,14,550.15,0.25,2.23,1.84,2.12,1.75,2.76,1440.00,17.33,18.98,34.66,21.57,0.9614,1.0137,0.8256,1
281,15,384.20,0.25,1.57,1.29,1.51,1.25,1.90,1440.00,17.33,18.47,29.44,20.41,0.9823,1.0184,0.8256,1
281,16,331.46,0.25,1.35,1.12,1.31,1.08,1.63,1440.00,17.33,18.31,27.78,20.04,0.9889,1.0198,0.8256,1
281,17,210.32,0.23,0.86,0.71,0.85,0.70,0.97,1440.00,17.33,17.91,23.71,19.10,1.0051,1.0236,0.8256,1
281,18,47.59,0.17,0.20,0.16,0.20,0.16,0.17,1440.00,17.33,17.43,18.53,17.74,1.0259,1.0291,0.8256,0
281,19,0.00,0.00,0.00,0.00,0.00,0.00,0.00,,17.33,,17.15,17.15,1.0314,1.0314,0.8256,0
281,20,0.00,0.00,0.00,0.00,0.00,0.00,0.00,,17.33,,17.17,17.17,1.0313,1.0313,0.8256,0
281,21,0.00,0.00,0.00,0.00,0.00,0.00,0.00,,17.33,,16.76,16.76,1.0330,1.0330,0.8256,0
281,22,0.00,0.00,0.00,0.00,0.00,0.00,0.00,,17.33,,16.78,16.78,1.0329,1.0329,0.8256,0
281,23,0.00,0.00,0.00,0.00,0.00,0.00,0.00,,17.33,,16.69,16.69,1.0332,1.0332,0.8256,0
281,24,0.00,0.00,0.00,0.00,0.00,0.00,0.00,,17.33,,16.61,16.61,1.0336,1.0336,0.8256,0
282,1,0.00,0.00,0.00,0.00,0.00,0.00,0.00,,17.41,,16.33,16.33,1.0347,1.0347,0.8256,0
282,2,0.00,0.00,0.00,0.00,0.00,0.00,0.00,,17.41,,15.98,15.98,1.0361,1.0361,0.8256,0
282,3,0.00,0.00,0.00,0.00,0.00,0.00,0.00,,17.41,,15.77,15.77,1.0369,1.0369,0.8256,0
282,4,0.00,0.00,0.00,0.00,0.00,0.00,0.00,,17.41,,15.70,15.70,1.0372,1.0372,0.8256,0
282,5,0.00,0.00,0.00,0.00,0.00,0.00,0.00,,17.41,,15.59,15.59,1.0376,1.0376,0.8256,0
282,6,0.00,0.00,0.00,0.00,0.00,0.00,0.00,,17.41,,15.61,15.61,1.0376,1.0376,0.8256,0
282,7,56.12,0.00,0.23,0.19,0.23,0.19,0.00,,17.41,,17.41,17.41,1.0303,1.0303,0.8256,0
282,8,329.63,0.19,1.34,1.11,1.31,1.08,1.22,1440.00,17.41,18.14,25.94,20.15,0.9962,1.0194,0.8256,0
282,9,479.64,0.22,1.95,1.61,1.87,1.54,2.11,1440.00,17.41,18.67,31.32,21.31,0.9747,1.0148,0.8256,0
282,10,621.60,0.23,2.51,2.08,2.38,1.96,2.84,1440.00,17.41,19.11,35.72,22.23,0.9571,1.0111,0.8256,0
282,11,631.61,0.24,2.55,2.11,2.41,1.99,2.98,1440.00,17.41,19.19,36.42,22.28,0.9543,1.0109,0.8256,1
282,12,749.14,0.24,3.02,2.49,2.81,2.32,3.67,1440.00,17.41,19.61,40.47,23.06,0.9381,1.0078,0.8256,1
282,13,592.75,0.24,2.40,1.98,2.27,1.87,2.90,1440.00,17.41,19.15,35.62,21.85,0.9575,1.0126,0.8256,1
282,14,402.54,0.25,1.64,1.35,1.58,1.30,1.98,1440.00,17.41,18.60,29.92,20.53,0.9803,1.0179,0.8256,1
282,15,307.94,0.24,1.26,1.04,1.22,1.01,1.50,1440.00,17.41,18.31,26.91,19.80,0.9923,1.0208,0.8256,1
282,16,237.46,0.25,0.97,0.80,0.95,0.78,1.18,1440.00,17.41,18.12,24.84,19.26,1.0006,1.0230,0.8256,1
282,17,128.33,0.25,0.53,0.43,0.52,0.43,0.64,1440.00,17.41,17.80,21.46,18.41,1.0142,1.0264,0.8256,1
282,18,22.06,0.35,0.09,0.08,0.09,0.07,0.15,1440.00,17.41,17.51,18.31,17.58,1.0268,1.0297,0.8256,0
282,19,0.00,0.00,0.00,0.00,0.00,0.00,0.00,,17.41,,17.77,17.77,1.0289,1.0289,0.8256,0
282,20,0.00,0.00,0.00,0.00,0.00,0.00,0.00,,17.41,,17.97,17.97,1.0281,1.0281,0.8256,0
282,21,0.00,0.00,0.00,0.00,0.00,0.00,0.00,,17.41,,17.62,17.62,1.0295,1.0295,0.8256,0
282,22,0.00,0.00,0.00,0.00,0.00,0.00,0.00,,17.41,,17.56,17.56,1.0298,1.0298,0.8256,0
282,23,0.00,0.00,0.00,0.00,0.00,0.00,0.00,,17.41,,17.27,17.27,1.0309,1.0309,0.8256,0
282,24,0.00,0.00,0.00,0.00,0.00,0.00,0.00,,17.41,,17.14,17.14,1.0314,1.0314,0.8256,0
283,1,0.00,0.00,0.00,0.00,0.00,0.00,0.00,,17.50,,16.88,16.88,1.0325,1.0325,0.8256,0
283,2,0.00,0.00,0.00,0.00,0.00,0.00,0.00,,17.50,,15.96,15.96,1.0362,1.0362,0.8256,0
283,3,0.00,0.00,0.00,0.00,0.00,0.00,0.00,,17.50,,16.04,16.04,1.0358,1.0358,0.8256,0
283,4,0.00,0.00,0.00,0.00,0.00,0.00,0.00,,17.50,,16.08,16.08,1.0357,1.0357,0.8256,0
283,5,0.00,0.00,0.00,0.00,0.00,0.00,0.00,,17.50,,16.06,16.06,1.0358,1.0358,0.8256,0
283,6,0.00,0.00,0.00,0.00,0.00,0.00,0.00,,17.50,,16.03,16.03,1.0359,1.0359,0.8256,0
283,7,54.37,0.00,0.22,0.18,0.22,0.18,0.00,,17.50,,17.71,17.71,1.0292,1.0292,0.8256,0
283,8,303.46,0.20,1.24,1.02,1.21,1.00,1.20,1440.00,17.50,18.21,25.70,20.01,0.9972,1.0200,0.8256,0
283,9,534.91,0.24,2.16,1.78,2.06,1.70,2.53,1440.00,17.50,19.01,34.53,22.50,0.9619,1.0100,0.8256,0
283,10,690.32,0.23,2.77,2.29,2.60,2.15,3.15,1440.00,17.50,19.38,39.31,24.36,0.9427,1.0026,0.8256,0
283,11,799.77,0.23,3.19,2.63,2.96,2.45,3.72,1440.00,17.50,19.72,43.31,25.66,0.9267,0.9974,0.8256,1
283,12,924.78,0.24,3.67,3.03,3.36,2.78,4.38,1440.00,17.50,20.12,47.75,26.93,0.9090,0.9923,0.8256,1
283,13,728.65,0.24,2.92,2.41,2.72,2.25,3.46,1440.00,17.50,19.57,41.38,24.93,0.9345,1.0003,0.8256,1
283,14,667.32,0.24,2.68,2.21,2.51,2.08,3.21,1440.00,17.50,19.42,39.55,24.30,0.9418,1.0028,0.8256,1
283,15,512.87,0.25,2.07,1.71,1.97,1.63,2.52,1440.00,17.50,19.00,34.64,22.67,0.9615,1.0093,0.8256,1
283,16,316.95,0.25,1.29,1.06,1.25,1.03,1.61,1440.00,17.50,18.46,28.37,20.75,0.9865,1.0170,0.8256,1
283,17,214.94,0.21,0.88,0.72,0.86,0.71,0.89,1440.00,17.50,18.03,24.03,19.78,1.0039,1.0209,0.8256,1
283,18,50.04,0.13,0.21,0.17,0.21,0.17,0.13,1440.00,17.50,17.58,18.66,18.03,1.0253,1.0279,0.8256,0
283,19,0.00,0.00,0.00,0.00,0.00,0.00,0.00,,17.50,,17.03,17.03,1.0319,1.0319,0.8256,0
283,20,0.00,0.00,0.00,0.00,0.00,0.00,0.00,,17.50,,17.14,17.14,1.0314,1.0314,0.8256,0
283,21,0.00,0.00,0.00,0.00,0.00,0.00,0.00,,17.50,,17.21,17.21,1.0312,1.0312,0.8256,0
283,22,0.00,0.00,0.00,0.00,0.00,0.00,0.00,,17.50,,17.51,17.51,1.0300,1.0300,0.8256,0
283,23,0.00,0.00,0.00,0.00,0.00,0.00,0.00,,17.50,,17.62,17.62,1.0295,1.0295,0.8256,0
283,24,0.00,0.00,0.00,0.00,0.00,0.00,0.00,,17.50,,17.76,17.76,1.0290,1.0290,0.8256,0
284,1,0.00,0.00,0.00,0.00,0.00,0.00,0.00,,17.58,,17.86,17.86,1.0286,1.0286,0.8256,0
284,2,0.00,0.00,0.00,0.00,0.00,0.00,0.00,,17.58,,17.85,17.85,1.0286,1.0286,0.8256,0
284,3,0.00,0.00,0.00,0.00,0.00,0.00,0.00,,17.58,,18.00,18.00,1.0280,1.0280,0.8256,0
284,4,0.00,0.00,0.00,0.00,0.00,0.00,0.00,,17.58,,18.11,18.11,1.0276,1.0276,0.8256,0
284,5,0.00,0.00,0.00,0.00,0.00,0.00,0.00,,17.58,,17.82,17.82,1.0287,1.0287,0.8256,0
284,6,0.00,0.00,0.00,0.00,0.00,0.00,0.00,,17.58,,17.42,17.42,1.0303,1.0303,0.8256,0
284,7,47.08,0.14,0.19,0.16,0.19,0.16,0.13,1440.00,17.58,17.66,18.66,18.05,1.0254,1.0278,0.8256,0
284,8,187.90,0.18,0.77,0.63,0.76,0.63,0.69,1440.00,17.58,17.99,22.83,19.56,1.0087,1.0218,0.8256,0
284,9,273.15,0.24,1.11,0.92,1.09,0.90,1.30,1440.00,17.58,18.36,26.23,20.06,0.9951,1.0198,0.8256,0
284,10,585.93,0.24,2.36,1.95,2.24,1.85,2.79,1440.00,17.58,19.25,36.48,23.24,0.9541,1.0070,0.8256,0
284,11,698.78,0.24,2.79,2.31,2.62,2.16,3.29,1440.00,17.58,19.55,40.73,25.08,0.9371,0.9997,0.8256,1
284,12,784.84,0.23,3.12,2.58,2.90,2.40,3.64,1440.00,17.58,19.76,43.67,26.38,0.9253,0.9945,0.8256,1
284,13,662.18,0.23,2.65,2.19,2.49,2.06,3.05,1440.00,17.58,19.41,39.61,25.11,0.9415,0.9995,0.8256,1
284,14,720.08,0.23,2.87,2.37,2.69,2.22,3.38,1440.00,17.58,19.60,41.61,25.58,0.9336,0.9977,0.8256,1
284,15,519.22,0.25,2.09,1.73,1.99,1.64,2.59,1440.00,17.58,19.13,35.45,23.15,0.9582,1.0074,0.8256,1
284,16,336.85,0.27,1.37,1.13,1.32,1.09,1.85,1440.00,17.58,18.69,29.89,21.09,0.9805,1.0156,0.8256,1
284,17,211.49,0.30,0.86,0.71,0.84,0.70,1.27,1440.00,17.58,18.34,25.78,19.74,0.9969,1.0210,0.8256,1
284,18,57.28,0.43,0.24,0.19,0.23,0.19,0.49,1440.00,17.58,17.87,20.51,18.17,1.0180,1.0273,0.8256,0
284,19,0.00,0.00,0.00,0.00,0.00,0.00,0.00,,17.58,,18.51,18.51,1.0260,1.0260,0.8256,0
284,20,0.00,0.00,0.00,0.00,0.00,0.00,0.00,,17.58,,18.37,18.37,1.0265,1.0265,0.8256,0
284,21,0.00,0.00,0.00,0.00,0.00,0.00,0.00,,17.58,,17.83,17.83,1.0287,1.0287,0.8256,0
284,22,0.00,0.00,0.00,0.00,0.00,0.00,0.00,,17.58,,17.72,17.72,1.0291,1.0291,0.8256,0
284,23,0.00,0.00,0.00,0.00,0.00,0.00,0.00,,17.58,,17.27,17.27,1.0309,1.0309,0.8256,0
284,24,0.00,0.00,0.00,0.00,0.00,0.00,0.00,,17.58,,17.21,17.21,1.0312,1.0312,0.8256,0
285,1,0.00,0.00,0.00,0.00,0.00,0.00,0.00,,17.66,,17.12,17.12,1.0315,1.0315,0.8256,0
285,2,0.00,0.00,0.00,0.00,0.00,0.00,0.00,,17.66,,16.67,16.67,1.0333,1.0333,0.8256,0
285,3,0.00,0.00,0.00,0.00,0.00,0.00,0.00,,17.66,,16.66,16.66,1.0334,1.0334,0.8256,0
285,4,0.00,0.00,0.00,0.00,0.00,0.00,0.00,,17.66,,16.60,16.60,1.0336,1.0336,0.8256,0
285,5,0.00,0.00,0.00,0.00,0.00,0.00,0.00,,17.66,,16.43,16.43,1.0343,1.0343,0.8256,0
285,6,0.00,0.00,0.00,0.00,0.00,0.00,0.00,,17.66,,16.64,16.64,1.0334,1.0334,0.8256,0
285,7,57.02,0.05,0.23,0.19,0.23,0.19,0.06,1440.00,17.66,17.70,18.53,18.27,1.0259,1.0269,0.8256,0
285,8,289.46,0.18,1.18,0.97,1.15,0.95,1.05,1440.00,17.66,18.29,25.84,20.85,0.9967,1.0166,0.8256,0
285,9,409.45,0.23,1.66,1.37,1.60,1.32,1.90,1440.00,17.66,18.80,30.90,21.86,0.9764,1.0125,0.8256,0
285,10,511.59,0.23,2.06,1.70,1.97,1.63,2.36,1440.00,17.66,19.07,34.24,23.05,0.9631,1.0078,0.8256,0
285,11,701.40,0.24,2.81,2.32,2.63,2.17,3.36,1440.00,17.66,19.67,40.84,24.89,0.9366,1.0004,0.8256,1
285,12,708.13,0.25,2.84,2.34,2.64,2.18,3.57,1440.00,17.66,19.80,41.75,24.78,0.9330,1.0009,0.8256,1
285,13,710.14,0.25,2.84,2.35,2.65,2.19,3.59,1440.00,17.66,19.81,41.94,24.91,0.9322,1.0004,0.8256,1
285,14,654.59,0.26,2.62,2.17,2.45,2.03,3.39,1440.00,17.66,19.69,40.70,24.62,0.9372,1.0015,0.8256,1
285,15,491.42,0.27,1.98,1.64,1.88,1.55,2.65,1440.00,17.66,19.25,35.58,22.99,0.9577,1.0080,0.8256,1
285,16,381.57,0.28,1.55,1.28,1.48,1.22,2.16,1440.00,17.66,18.95,32.04,21.80,0.9718,1.0128,0.8256,1
285,17,235.88,0.31,0.96,0.79,0.94,0.77,1.45,1440.00,17.66,18.53,27.18,20.27,0.9913,1.0189,0.8256,1
285,18,53.89,0.60,0.22,0.18,0.22,0.18,0.65,1440.00,17.66,18.05,21.34,18.25,1.0146,1.0270,0.8256,0
285,19,0.00,0.00,0.00,0.00,0.00,0.00,0.00,,17.66,,19.62,19.62,1.0215,1.0215,0.8256,0
285,20,0.00,0.00,0.00,0.00,0.00,0.00,0.00,,17.66,,19.64,19.64,1.0214,1.0214,0.8256,0
285,21,0.00,0.00,0.00,0.00,0.00,0.00,0.00,,17.66,,18.78,18.78,1.0249,1.0249,0.8256,0
285,22,0.00,0.00,0.00,0.00,0.00,0.00,0.00,,17.66,,18.65,18.65,1.0254,1.0254,0.8256,0
285,23,0.00,0.00,0.00,0.00,0.00,0.00,0.00,,17.66,,17.92,17.92,1.0283,1.0283,0.8256,0
285,24,0.00,0.00,0.00,0.00,0.00,0.00,0.00,,17.66,,17.70,17.70,1.0292,1.0292,0.8256,0
286,1,0.00,0.00,0.00,0.00,0.00,0.00,0.00,,17.75,,17.55,17.55,1.0298,1.0298,0.8256,0
286,2,0.00,0.00,0.00,0.00,0.00,0.00,0.00,,17.75,,16.84,16.84,1.0326,1.0326,0.8256,0
286,3,0.00,0.00,0.00,0.00,0.00,0.00,0.00,,17.75,,16.71,16.71,1.0332,1.0332,0.8256,0
286,4,0.00,0.00,0.00,0.00,0.00,0.00,0.00,,17.75,,16.63,16.63,1.0335,1.0335,0.8256,0
286,5,0.00,0.00,0.00,0.00,0.00,0.00,0.00,,17.75,,16.49,16.49,1.0340,1.0340,0.8256,0
286,6,0.00,0.00,0.00,0.00,0.00,0.00,0.00,,17.75,,16.43,16.43,1.0343,1.0343,0.8256,0
286,7,89.63,0.10,0.37,0.30,0.37,0.30,0.17,1440.00,17.75,17.85,19.26,18.45,1.0230,1.0262,0.8256,0
286,8,297.55,0.20,1.21,1.00,1.19,0.98,1.20,1440.00,17.75,18.46,25.74,20.04,0.9970,1.0199,0.8256,0
286,9,428.30,0.26,1.74,1.44,1.67,1.38,2.19,1440.00,17.75,19.06,31.21,20.79,0.9751,1.0168,0.8256,0
286,10,623.94,0.27,2.53,2.09,2.37,1.95,3.37,1440.00,17.75,19.76,37.97,21.99,0.9481,1.0121,0.8256,0
286,11,643.58,0.30,2.61,2.15,2.42,2.00,3.81,1440.00,17.75,20.02,40.02,21.94,0.9399,1.0122,0.8256,1
286,12,623.17,0.31,2.53,2.08,2.34,1.93,3.89,1440.00,17.75,20.07,40.24,21.75,0.9390,1.0130,0.8256,1
286,13,597.78,0.33,2.43,2.00,2.25,1.86,3.89,1440.00,17.75,20.07,39.74,21.27,0.9410,1.0149,0.8256,1
286,14,534.37,0.34,2.17,1.79,2.02,1.67,3.68,1440.00,17.75,19.95,38.51,21.03,0.9460,1.0159,0.8256,1
286,15,320.08,0.39,1.31,1.08,1.24,1.03,2.51,1440.00,17.75,19.25,32.04,20.11,0.9718,1.0196,0.8256,1
286,16,267.74,0.41,1.09,0.90,1.05,0.87,2.17,1440.00,17.75,19.05,30.28,19.95,0.9789,1.0202,0.8256,1
286,17,163.65,0.46,0.67,0.55,0.65,0.54,1.49,1440.00,17.75,18.64,26.29,19.22,0.9948,1.0231,0.8256,1
286,18,33.71,1.00,0.14,0.11,0.14,0.11,0.67,1440.00,17.75,18.15,21.64,18.44,1.0134,1.0262,0.8256,0
286,19,0.00,0.00,0.00,0.00,0.00,0.00,0.00,,17.75,,20.51,20.51,1.0180,1.0180,0.8256,0
286,20,0.00,0.00,0.00,0.00,0.00,0.00,0.00,,17.75,,20.61,20.61,1.0176,1.0176,0.8256,0
286,21,0.00,0.00,0.00,0.00,0.00,0.00,0.00,,17.75,,19.90,19.90,1.0204,1.0204,0.8256,0
286,22,0.00,0.00,0.00,0.00,0.00,0.00,0.00,,17.75,,19.86,19.86,1.0206,1.0206,0.8256,0
286,23,0.00,0.00,0.00,0.00,0.00,0.00,0.00,,17.75,,19.45,19.45,1.0222,1.0222,0.8256,0
286,24,0.00,0.00,0.00,0.00,0.00,0.00,0.00,,17.75,,19.43,19.43,1.0223,1.0223,0.8256,0
287,1,0.00,0.00,0.00,0.00,0.00,0.00,0.00,,17.83,,19.39,19.39,1.0224,1.0224,0.8256,0
287,2,0.00,0.00,0.00,0.00,0.00,0.00,0.00,,17.83,,19.18,19.18,1.0233,1.0233,0.8256,0
287,3,0.00,0.00,0.00,0.00,0.00,0.00,0.00,,17.83,,19.01,19.01,1.0240,1.0240,0.8256,0
287,4,0.00,0.00,0.00,0.00,0.00,0.00,0.00,,17.83,,18.79,18.79,1.0248,1.0248,0.8256,0
287,5,0.00,0.00,0.00,0.00,0.00,0.00,0.00,,17.83,,18.35,18.35,1.0266,1.0266,0.8256,0
287,6,0.00,0.00,0.00,0.00,0.00,0.00,0.00,,17.83,,17.91,17.91,1.0284,1.0284,0.8256,0
287,7,45.33,0.20,0.19,0.15,0.19,0.15,0.18,1440.00,17.83,17.94,19.10,18.25,1.0236,1.0270,0.8256,0
287,8,335.12,0.23,1.36,1.12,1.32,1.09,1.52,1440.00,17.83,18.74,28.16,20.93,0.9873,1.0163,0.8256,0
287,9,624.98,0.26,2.51,2.07,2.36,1.94,3.28,1440.00,17.83,19.79,39.47,23.87,0.9421,1.0045,0.8256,0
287,10,765.42,0.27,3.06,2.53,2.82,2.33,4.15,1440.00,17.83,20.31,44.50,24.78,0.9220,1.0009,0.8256,0
287,11,707.67,0.30,2.85,2.35,2.62,2.16,4.26,1440.00,17.83,20.38,43.75,23.50,0.9250,1.0060,0.8256,1
287,12,913.85,0.31,3.67,3.03,3.28,2.70,5.70,1440.00,17.83,21.24,50.97,23.89,0.8961,1.0044,0.8256,1
287,13,829.78,0.33,3.35,2.76,3.01,2.48,5.42,1440.00,17.83,21.07,48.49,22.76,0.9060,1.0090,0.8256,1
287,14,795.61,0.33,3.21,2.65,2.89,2.39,5.24,1440.00,17.83,20.96,47.70,22.81,0.9092,1.0088,0.8256,1
287,15,540.05,0.35,2.19,1.81,2.03,1.68,3.79,1440.00,17.83,20.09,39.62,21.64,0.9415,1.0134,0.8256,1
287,16,391.44,0.38,1.59,1.31,1.50,1.24,2.95,1440.00,17.83,19.60,34.79,20.76,0.9608,1.0170,0.8256,1
287,17,255.45,0.42,1.04,0.86,1.00,0.83,2.16,1440.00,17.83,19.12,30.25,19.99,0.9790,1.0200,0.8256,1
287,18,57.75,1.00,0.24,0.20,0.23,0.19,1.15,1440.00,17.83,18.52,23.83,18.35,1.0047,1.0266,0.8256,0
287,19,0.05,1.00,0.00,0.00,0.00,0.00,0.00,1440.00,17.83,17.83,21.72,21.72,1.0131,1.0131,0.8256,0
287,20,0.00,0.00,0.00,0.00,0.00,0.00,0.00,,17.83,,21.88,21.88,1.0125,1.0125,0.8256,0
287,21,0.00,0.00,0.00,0.00,0.00,0.00,0.00,,17.83,,20.94,20.94,1.0162,1.0162,0.8256,0
287,22,0.00,0.00,0.00,0.00,0.00,0.00,0.00,,17.83,,20.93,20.93,1.0163,1.0163,0.8256,0
287,23,0.00,0.00,0.00,0.00,0.00,0.00,0.00,,17.83,,20.26,20.26,1.0190,1.0190,0.8256,0
287,24,0.00,0.00,0.00,0.00,0.00,0.00,0.00,,17.83,,20.19,20.19,1.0192,1.0192,0.8256,0
288,1,0.00,0.00,0.00,0.00,0.00,0.00,0.00,,17.91,,19.99,19.99,1.0200,1.0200,0.8256,0
288,2,0.00,0.00,0.00,0.00,0.00,0.00,0.00,,17.91,,19.67,19.67,1.0213,1.0213,0.8256,0
288,3,0.00,0.00,0.00,0.00,0.00,0.00,0.00,,17.91,,19.64,19.64,1.0214,1.0214,0.8256,0
288,4,0.00,0.00,0.00,0.00,0.00,0.00,0.00,,17.91,,19.59,19.59,1.0216,1.0216,0.8256,0
288,5,0.00,0.00,0.00,0.00,0.00,0.00,0.00,,17.91,,19.73,19.73,1.0211,1.0211,0.8256,0
288,6,0.00,0.00,0.00,0.00,0.00,0.00,0.00,,17.91,,19.71,19.71,1.0212,1.0212,0.8256,0
288,7,73.82,0.48,0.30,0.25,0.30,0.25,0.70,1440.00,17.91,18.33,22.00,18.66,1.0120,1.0254,0.8256,0
288,8,212.50,0.31,0.87,0.72,0.85,0.70,1.32,1440.00,17.91,18.70,26.34,20.09,0.9946,1.0196,0.8256,0
288,9,143.60,0.42,0.59,0.48,0.57,0.47,1.22,1440.00,17.91,18.64,25.23,19.45,0.9991,1.0222,0.8256,0
288,10,244.75,0.32,1.00,0.82,0.97,0.80,1.59,1440.00,17.91,18.86,28.27,20.74,0.9869,1.0170,0.8256,0
288,11,369.84,0.27,1.49,1.23,1.44,1.19,2.02,1440.00,17.91,19.12,32.19,22.58,0.9712,1.0097,0.8256,1
288,12,297.03,0.30,1.20,0.99,1.16,0.96,1.81,1440.00,17.91,19.00,30.32,21.72,0.9787,1.0131,0.8256,1
288,13,347.81,0.28,1.41,1.16,1.35,1.12,1.95,1440.00,17.91,19.08,31.52,22.28,0.9739,1.0109,0.8256,1
288,14,139.81,0.44,0.57,0.47,0.56,0.46,1.24,1440.00,17.91,18.65,25.55,19.68,0.9978,1.0213,0.8256,1
288,15,136.55,0.44,0.56,0.46,0.55,0.45,1.21,1440.00,17.91,18.64,25.42,19.68,0.9983,1.0213,0.8256,1
288,16,191.46,0.37,0.78,0.64,0.76,0.63,1.42,1440.00,17.91,18.76,27.21,20.46,0.9911,1.0182,0.8256,1
288,17,175.20,0.41,0.71,0.59,0.69,0.57,1.44,1440.00,17.91,18.78,27.11,20.27,0.9915,1.0189,0.8256,1
288,18,34.26,1.00,0.14,0.12,0.14,0.11,0.69,1440.00,17.91,18.32,23.09,19.84,1.0076,1.0207,0.8256,0
288,19,0.09,1.00,0.00,0.00,0.00,0.00,0.00,1440.00,17.91,17.92,21.98,21.97,1.0121,1.0121,0.8256,0
288,20,0.00,0.00,0.00,0.00,0.00,0.00,0.00,,17.91,,21.93,21.93,1.0123,1.0123,0.8256,0
288,21,0.00,0.00,0.00,0.00,0.00,0.00,0.00,,17.91,,20.04,20.04,1.0198,1.0198,0.8256,0
288,22,0.00,0.00,0.00,0.00,0.00,0.00,0.00,,17.91,,19.87,19.87,1.0205,1.0205,0.8256,0
288,23,0.00,0.00,0.00,0.00,0.00,0.00,0.00,,17.91,,18.77,18.77,1.0249,1.0249,0.8256,0
288,24,0.00,0.00,0.00,0.00,0.00,0.00,0.00,,17.91,,18.35,18.35,1.0266,1.0266,0.8256,0
289,1,0.00,0.00,0.00,0.00,0.00,0.00,0.00,,18.00,,17.62,17.62,1.0295,1.0295,0.8256,0
289,2,0.00,0.00,0.00,0.00,0.00,0.00,0.00,,18.00,,15.77,15.77,1.0369,1.0369,0.8256,0
289,3,0.00,0.00,0.00,0.00,0.00,0.00,0.00,,18.00,,15.06,15.06,1.0398,1.0398,0.8256,0
289,4,0.00,0.00,0.00,0.00,0.00,0.00,0.00,,18.00,,14.82,14.82,1.0407,1.0407,0.8256,0
289,5,0.00,0.00,0.00,0.00,0.00,0.00,0.00,,18.00,,12.43,12.43,1.0503,1.0503,0.8256,0
289,6,0.00,0.00,0.00,0.00,0.00,0.00,0.00,,18.00,,11.72,11.72,1.0531,1.0531,0.8256,0
289,7,86.50,0.00,0.36,0.30,0.36,0.30,0.00,,18.00,,14.45,14.45,1.0422,1.0422,0.8256,0
289,8,406.53,0.02,1.64,1.35,1.63,1.35,0.17,1440.00,18.00,18.10,24.14,23.36,1.0034,1.0066,0.8256,0
289,9,626.14,0.08,2.49,2.06,2.44,2.02,1.03,1440.00,18.00,18.61,31.37,26.49,0.9745,0.9940,0.8256,0
289,10,763.20,0.10,3.01,2.48,2.92,2.41,1.51,1440.00,18.00,18.90,35.86,28.67,0.9566,0.9853,0.8256,0
289,11,791.39,0.11,3.11,2.57,3.01,2.49,1.71,1440.00,18.00,19.02,37.22,29.11,0.9511,0.9836,0.8256,1
289,12,688.47,0.11,2.73,2.25,2.65,2.19,1.45,1440.00,18.00,18.87,34.37,27.48,0.9625,0.9901,0.8256,1
289,13,734.18,0.11,2.90,2.40,2.81,2.32,1.69,1440.00,18.00,19.01,36.05,28.03,0.9558,0.9879,0.8256,1
289,14,813.04,0.13,3.20,2.64,3.07,2.53,2.15,1440.00,18.00,19.28,39.24,29.02,0.9430,0.9839,0.8256,1
289,15,742.17,0.14,2.94,2.42,2.82,2.33,2.10,1440.00,18.00,19.26,37.66,27.67,0.9493,0.9893,0.8256,1
289,16,538.51,0.14,2.16,1.78,2.10,1.73,1.47,1440.00,18.00,18.88,31.76,24.76,0.9730,1.0010,0.8256,1
289,17,229.90,0.07,0.93,0.77,0.93,0.77,0.30,1440.00,18.00,18.18,22.26,20.82,1.0109,1.0167,0.8256,1
289,18,66.22,0.00,0.27,0.23,0.27,0.23,0.00,,18.00,,17.28,17.28,1.0309,1.0309,0.8256,0
289,19,0.24,0.00,0.00,0.00,0.00,0.00,0.00,,18.00,,14.85,14.85,1.0406,1.0406,0.8256,0
289,20,0.00,0.00,0.00,0.00,0.00,0.00,0.00,,18.00,,14.49,14.49,1.0420,1.0420,0.8256,0
289,21,0.00,0.00,0.00,0.00,0.00,0.00,0.00,,18.00,,12.93,12.93,1.0483,1.0483,0.8256,0
289,22,0.00,0.00,0.00,0.00,0.00,0.00,0.00,,18.00,,12.62,12.62,1.0495,1.0495,0.8256,0
289,23,0.00,0.00,0.00,0.00,0.00,0.00,0.00,,18.00,,12.00,12.00,1.0520,1.0520,0.8256,0
289,24,0.00,0.00,0.00,0.00,0.00,0.00,0.00,,18.00,,11.89,11.89,1.0524,1.0524,0.8256,0
290,1,0.00,0.00,0.00,0.00,0.00,0.00,0.00,,18.08,,11.82,11.82,1.0527,1.0527,0.8256,0
290,2,0.00,0.00,0.00,0.00,0.00,0.00,0.00,,18.08,,11.42,11.42,1.0543,1.0543,0.8256,0
290,3,0.00,0.00,0.00,0.00,0.00,0.00,0.00,,18.08,,11.36,11.36,1.0546,1.0546,0.8256,0
290,4,0.00,0.00,0.00,0.00,0.00,0.00,0.00,,18.08,,11.30,11.30,1.0548,1.0548,0.8256,0
290,5,0.00,0.00,0.00,0.00,0.00,0.00,0.00,,18.08,,10.93,10.93,1.0563,1.0563,0.8256,0
290,6,0.00,0.00,0.00,0.00,0.00,0.00,0.00,,18.08,,10.70,10.70,1.0572,1.0572,0.8256,0
290,7,52.38,0.00,0.22,0.18,0.22,0.18,0.00,,18.08,,12.70,12.70,1.0492,1.0492,0.8256,0
290,8,432.18,0.07,1.75,1.44,1.73,1.43,0.62,1440.00,18.08,18.45,24.85,21.89,1.0006,1.0124,0.8256,0
290,9,682.63,0.16,2.74,2.26,2.62,2.17,2.24,1440.00,18.08,19.42,34.85,24.21,0.9606,1.0032,0.8256,0
290,10,881.44,0.20,3.52,2.91,3.29,2.71,3.45,1440.00,18.08,20.15,41.88,25.48,0.9325,0.9981,0.8256,0
290,11,1010.36,0.23,4.03,3.33,3.67,3.03,4.60,1440.00,18.08,20.83,47.68,25.86,0.9093,0.9966,0.8256,1
290,12,1065.15,0.25,4.25,3.51,3.82,3.15,5.35,1440.00,18.08,21.28,50.79,25.37,0.8969,0.9985,0.8256,1
290,13,1036.89,0.27,4.16,3.44,3.72,3.08,5.56,1440.00,18.08,21.41,50.49,24.07,0.8980,1.0037,0.8256,1
290,14,921.67,0.29,3.72,3.07,3.35,2.77,5.33,1440.00,18.08,21.27,47.80,22.48,0.9088,1.0101,0.8256,1
290,15,565.19,0.28,2.29,1.89,2.15,1.78,3.20,1440.00,18.08,19.99,36.70,21.50,0.9532,1.0140,0.8256,1
290,16,359.42,0.27,1.46,1.21,1.41,1.16,1.94,1440.00,18.08,19.24,29.88,20.68,0.9805,1.0173,0.8256,1
290,17,281.56,0.24,1.15,0.95,1.12,0.92,1.36,1440.00,18.08,18.89,26.88,20.43,0.9925,1.0183,0.8256,1
290,18,76.10,0.28,0.31,0.26,0.31,0.26,0.42,1440.00,18.08,18.34,20.72,18.70,1.0171,1.0252,0.8256,0
290,19,0.33,1.00,0.00,0.00,0.00,0.00,0.01,1440.00,18.08,18.09,18.26,18.23,1.0270,1.0271,0.8256,0
290,20,0.00,0.00,0.00,0.00,0.00,0.00,0.00,,18.08,,18.32,18.32,1.0267,1.0267,0.8256,0
290,21,0.00,0.00,0.00,0.00,0.00,0.00,0.00,,18.08,,17.07,17.07,1.0317,1.0317,0.8256,0
290,22,0.00,0.00,0.00,0.00,0.00,0.00,0.00,,18.08,,16.78,16.78,1.0329,1.0329,0.8256,0
290,23,0.00,0.00,0.00,0.00,0.00,0.00,0.00,,18.08,,15.47,15.47,1.0381,1.0381,0.8256,0
290,24,0.00,0.00,0.00,0.00,0.00,0.00,0.00,,18.08,,14.64,14.64,1.0414,1.0414,0.8256,0
291,1,0.00,0.00,0.00,0.00,0.00,0.00,0.00,,18.17,,15.08,15.08,1.0397,1.0397,0.8256,0
291,2,0.00,0.00,0.00,0.00,0.00,0.00,0.00,,18.17,,14.26,14.26,1.0430,1.0430,0.8256,0
291,3,0.00,0.00,0.00,0.00,0.00,0.00,0.00,,18.17,,13.78,13.78,1.0449,1.0449,0.8256,0
291,4,0.00,0.00,0.00,0.00,0.00,0.00,0.00,,18.17,,13.12,13.12,1.0475,1.0475,0.8256,0
291,5,0.00,0.00,0.00,0.00,0.00,0.00,0.00,,18.17,,12.23,12.23,1.0511,1.0511,0.8256,0
291,6,0.00,0.00,0.00,0.00,0.00,0.00,0.00,,18.17,,11.89,11.89,1.0524,1.0524,0.8256,0
291,7,53.19,0.00,0.22,0.18,0.22,0.18,0.00,,18.17,,13.88,13.88,1.0445,1.0445,0.8256,0
291,8,427.13,0.10,1.73,1.43,1.70,1.41,0.89,1440.00,18.17,18.70,25.72,21.50,0.9971,1.0140,0.8256,0
291,9,674.32,0.19,2.71,2.24,2.58,2.13,2.59,1440.00,18.17,19.71,35.82,23.54,0.9567,1.0059,0.8256,0
291,10,872.88,0.21,3.50,2.89,3.25,2.68,3.75,1440.00,18.17,20.40,42.53,24.74,0.9299,1.0010,0.8256,0
291,11,1003.90,0.24,4.01,3.31,3.64,3.01,4.81,1440.00,18.17,21.04,48.09,25.25,0.9076,0.9990,0.8256,1
291,12,1061.07,0.26,4.24,3.50,3.80,3.14,5.50,1440.00,18.17,21.45,51.31,25.20,0.8948,0.9992,0.8256,1
291,13,1036.19,0.27,4.15,3.43,3.71,3.06,5.62,1440.00,18.17,21.52,51.13,24.43,0.8955,1.0023,0.8256,1
291,14,922.08,0.29,3.72,3.07,3.34,2.76,5.33,1440.00,18.17,21.35,48.46,23.15,0.9061,1.0074,0.8256,1
291,15,584.41,0.30,2.37,1.96,2.22,1.83,3.48,1440.00,18.17,20.24,37.93,21.42,0.9483,1.0143,0.8256,1
291,16,511.75,0.28,2.08,1.71,1.96,1.62,2.90,1440.00,18.17,19.90,35.23,21.45,0.9591,1.0142,0.8256,1
291,17,297.47,0.29,1.21,1.00,1.17,0.97,1.71,1440.00,18.17,19.19,28.22,20.09,0.9871,1.0196,0.8256,1
291,18,77.95,0.39,0.32,0.26,0.32,0.26,0.61,1440.00,18.17,18.53,21.55,18.64,1.0138,1.0254,0.8256,0
291,19,0.43,1.00,0.00,0.00,0.00,0.00,0.01,1440.00,18.17,18.17,18.82,18.78,1.0247,1.0249,0.8256,0
291,20,0.00,0.00,0.00,0.00,0.00,0.00,0.00,,18.17,,18.77,18.77,1.0249,1.0249,0.8256,0
291,21,0.00,0.00,0.00,0.00,0.00,0.00,0.00,,18.17,,17.54,17.54,1.0298,1.0298,0.8256,0
291,22,0.00,0.00,0.00,0.00,0.00,0.00,0.00,,18.17,,17.49,17.49,1.0300,1.0300,0.8256,0
291,23,0.00,0.00,0.00,0.00,0.00,0.00,0.00,,18.17,,16.52,16.52,1.0339,1.0339,0.8256,0
291,24,0.00,0.00,0.00,0.00,0.00,0.00,0.00,,18.17,,16.05,16.05,1.0358,1.0358,0.8256,0
292,1,0.00,0.00,0.00,0.00,0.00,0.00,0.00,,18.25,,15.47,15.47,1.0381,1.0381,0.8256,0
292,2,0.00,0.00,0.00,0.00,0.00,0.00,0.00,,18.25,,14.63,14.63,1.0415,1.0415,0.8256,0
292,3,0.00,0.00,0.00,0.00,0.00,0.00,0.00,,18.25,,14.49,14.49,1.0420,1.0420,0.8256,0
292,4,0.00,0.00,0.00,0.00,0.00,0.00,0.00,,18.25,,14.08,14.08,1.0437,1.0437,0.8256,0
292,5,0.00,0.00,0.00,0.00,0.00,0.00,0.00,,18.25,,14.28,14.28,1.0429,1.0429,0.8256,0
292,6,0.00,0.00,0.00,0.00,0.00,0.00,0.00,,18.25,,14.38,14.38,1.0425,1.0425,0.8256,0
292,7,56.45,0.00,0.23,0.19,0.23,0.19,0.00,,18.25,,16.17,16.17,1.0353,1.0353,0.8256,0
292,8,188.57,0.00,0.77,0.64,0.77,0.64,0.00,,18.25,,20.06,20.06,1.0197,1.0197,0.8256,0
292,9,349.88,0.13,1.42,1.17,1.39,1.15,0.94,1440.00,18.25,18.81,26.16,21.69,0.9953,1.0132,0.8256,0
292,10,416.49,0.14,1.68,1.39,1.65,1.36,1.17,1440.00,18.25,18.95,28.03,22.45,0.9879,1.0102,0.8256,0
292,11,484.35,0.16,1.95,1.61,1.90,1.57,1.53,1440.00,18.25,19.16,30.37,23.11,0.9785,1.0075,0.8256,1
292,12,419.03,0.16,1.69,1.40,1.65,1.36,1.34,1440.00,18.25,19.05,28.77,22.41,0.9849,1.0103,0.8256,1
292,13,378.08,0.16,1.53,1.26,1.50,1.24,1.20,1440.00,18.25,18.97,27.69,21.96,0.9893,1.0121,0.8256,1
292,14,360.01,0.16,1.46,1.20,1.43,1.18,1.19,1440.00,18.25,18.96,27.34,21.71,0.9906,1.0132,0.8256,1
292,15,235.58,0.13,0.96,0.79,0.95,0.78,0.60,1440.00,18.25,18.61,23.29,20.45,1.0068,1.0182,0.8256,1
292,16,201.83,0.11,0.82,0.68,0.82,0.67,0.45,1440.00,18.25,18.51,22.20,20.08,1.0112,1.0197,0.8256,1
292,17,176.87,0.10,0.72,0.60,0.72,0.59,0.34,1440.00,18.25,18.45,21.41,19.79,1.0144,1.0208,0.8256,1
292,18,31.72,0.00,0.13,0.11,0.13,0.11,0.00,,18.25,,17.12,17.12,1.0315,1.0315,0.8256,0
292,19,0.24,0.00,0.00,0.00,0.00,0.00,0.00,,18.25,,16.39,16.39,1.0345,1.0345,0.8256,0
292,20,0.00,0.00,0.00,0.00,0.00,0.00,0.00,,18.25,,16.24,16.24,1.0350,1.0350,0.8256,0
292,21,0.00,0.00,0.00,0.00,0.00,0.00,0.00,,18.25,,15.92,15.92,1.0363,1.0363,0.8256,0
292,22,0.00,0.00,0.00,0.00,0.00,0.00,0.00,,18.25,,16.18,16.18,1.0353,1.0353,0.8256,0
292,23,0.00,0.00,0.00,0.00,0.00,0.00,0.00,,18.25,,16.06,16.06,1.0358,1.0358,0.8256,0
292,24,0.00,0.00,0.00,0.00,0.00,0.00,0.00,,18.25,,15.69,15.69,1.0372,1.0372,0.8256,0
293,1,0.00,0.00,0.00,0.00,0.00,0.00,0.00,,18.33,,15.62,15.62,1.0375,1.0375,0.8256,0
293,2,0.00,0.00,0.00,0.00,0.00,0.00,0.00,,18.33,,15.22,15.22,1.0391,1.0391,0.8256,0
293,3,0.00,0.00,0.00,0.00,0.00,0.00,0.00,,18.33,,15.07,15.07,1.0397,1.0397,0.8256,0
293,4,0.00,0.00,0.00,0.00,0.00,0.00,0.00,,18.33,,15.00,15.00,1.0400,1.0400,0.8256,0
293,5,0.00,0.00,0.00,0.00,0.00,0.00,0.00,,18.33,,14.62,14.62,1.0415,1.0415,0.8256,0
293,6,0.00,0.00,0.00,0.00,0.00,0.00,0.00,,18.33,,14.50,14.50,1.0420,1.0420,0.8256,0
293,7,61.42,0.00,0.25,0.21,0.25,0.21,0.00,,18.33,,16.75,16.75,1.0330,1.0330,0.8256,0
293,8,343.74,0.17,1.40,1.16,1.37,1.13,1.14,1440.00,18.33,19.01,25.46,20.06,0.9982,1.0198,0.8256,0
293,9,526.75,0.24,2.14,1.77,2.04,1.68,2.53,1440.00,18.33,19.84,32.93,20.92,0.9683,1.0163,0.8256,0
293,10,618.10,0.24,2.51,2.07,2.36,1.95,3.00,1440.00,18.33,20.12,35.95,21.70,0.9562,1.0132,0.8256,0
293,11,776.01,0.25,3.13,2.58,2.90,2.39,3.93,1440.00,18.33,20.68,41.63,22.98,0.9335,1.0081,0.8256,1
293,12,807.11,0.26,3.24,2.68,2.99,2.47,4.12,1440.00,18.33,20.80,43.31,23.73,0.9268,1.0051,0.8256,1
293,13,819.21,0.25,3.28,2.71,3.03,2.50,4.04,1440.00,18.33,20.75,43.61,24.42,0.9256,1.0023,0.8256,1
293,14,779.57,0.24,3.12,2.58,2.90,2.39,3.81,1440.00,18.33,20.61,42.66,24.58,0.9294,1.0017,0.8256,1
293,15,711.79,0.24,2.86,2.36,2.67,2.20,3.47,1440.00,18.33,20.40,40.70,24.23,0.9372,1.0031,0.8256,1
293,16,461.02,0.24,1.86,1.54,1.78,1.47,2.25,1440.00,18.33,19.68,33.03,22.35,0.9679,1.0106,0.8256,1
293,17,285.79,0.22,1.16,0.96,1.13,0.94,1.27,1440.00,18.33,19.09,27.17,21.14,0.9913,1.0154,0.8256,1
293,18,77.77,0.19,0.32,0.26,0.32,0.26,0.30,1440.00,18.33,18.51,20.59,19.15,1.0176,1.0234,0.8256,0
293,19,0.62,0.00,0.00,0.00,0.00,0.00,0.00,,18.33,,18.17,18.17,1.0273,1.0273,0.8256,0
293,20,0.00,0.00,0.00,0.00,0.00,0.00,0.00,,18.33,,18.23,18.23,1.0271,1.0271,0.8256,0
293,21,0.00,0.00,0.00,0.00,0.00,0.00,0.00,,18.33,,17.11,17.11,1.0316,1.0316,0.8256,0
293,22,0.00,0.00,0.00,0.00,0.00,0.00,0.00,,18.33,,17.05,17.05,1.0318,1.0318,0.8256,0
293,23,0.00,0.00,0.00,0.00,0.00,0.00,0.00,,18.33,,16.16,16.16,1.0354,1.0354,0.8256,0
293,24,0.00,0.00,0.00,0.00,0.00,0.00,0.00,,18.33,,15.82,15.82,1.0367,1.0367,0.8256,0
294,1,0.00,0.00,0.00,0.00,0.00,0.00,0.00,,18.42,,15.66,15.66,1.0374,1.0374,0.8256,0
294,2,0.00,0.00,0.00,0.00,0.00,0.00,0.00,,18.42,,15.56,15.56,1.0378,1.0378,0.8256,0
294,3,0.00,0.00,0.00,0.00,0.00,0.00,0.00,,18.42,,15.53,15.53,1.0379,1.0379,0.8256,0
294,4,0.00,0.00,0.00,0.00,0.00,0.00,0.00,,18.42,,15.57,15.57,1.0377,1.0377,0.8256,0
294,5,0.00,0.00,0.00,0.00,0.00,0.00,0.00,,18.42,,15.37,15.37,1.0385,1.0385,0.8256,0
294,6,0.00,0.00,0.00,0.00,0.00,0.00,0.00,,18.42,,15.40,15.40,1.0384,1.0384,0.8256,0
294,7,61.52,0.00,0.25,0.21,0.25,0.21,0.00,,18.42,,17.14,17.14,1.0314,1.0314,0.8256,0
294,8,410.77,0.19,1.67,1.38,1.62,1.34,1.54,1440.00,18.42,19.34,28.25,20.92,0.9870,1.0163,0.8256,0
294,9,635.19,0.25,2.57,2.12,2.41,1.99,3.20,1440.00,18.42,20.33,37.54,22.32,0.9498,1.0107,0.8256,0
294,10,722.87,0.25,2.91,2.40,2.71,2.24,3.55,1440.00,18.42,20.54,40.50,23.63,0.9380,1.0055,0.8256,0
294,11,716.93,0.25,2.87,2.37,2.68,2.21,3.54,1440.00,18.42,20.53,41.21,24.39,0.9351,1.0024,0.8256,1
294,12,690.14,0.25,2.77,2.28,2.58,2.13,3.51,1440.00,18.42,20.51,41.17,24.50,0.9353,1.0020,0.8256,1
294,13,890.39,0.25,3.54,2.92,3.24,2.68,4.44,1440.00,18.42,21.07,47.46,26.36,0.9101,0.9946,0.8256,1
294,14,657.28,0.25,2.63,2.18,2.47,2.04,3.35,1440.00,18.42,20.42,40.37,24.45,0.9385,1.0022,0.8256,1
294,15,656.52,0.25,2.63,2.17,2.47,2.04,3.28,1440.00,18.42,20.37,40.20,24.62,0.9392,1.0015,0.8256,1
294,16,471.91,0.25,1.90,1.57,1.82,1.50,2.36,1440.00,18.42,19.82,34.33,23.13,0.9627,1.0075,0.8256,1
294,17,267.64,0.25,1.09,0.90,1.06,0.88,1.31,1440.00,18.42,19.20,27.36,21.13,0.9905,1.0155,0.8256,1
294,18,74.13,0.28,0.30,0.25,0.30,0.25,0.42,1440.00,18.42,18.67,21.15,19.16,1.0154,1.0234,0.8256,0
294,19,0.71,1.00,0.00,0.00,0.00,0.00,0.01,1440.00,18.42,18.42,18.83,18.76,1.0247,1.0249,0.8256,0
294,20,0.00,0.00,0.00,0.00,0.00,0.00,0.00,,18.42,,18.94,18.94,1.0242,1.0242,0.8256,0
294,21,0.00,0.00,0.00,0.00,0.00,0.00,0.00,,18.42,,18.34,18.34,1.0266,1.0266,0.8256,0
294,22,0.00,0.00,0.00,0.00,0.00,0.00,0.00,,18.42,,18.34,18.34,1.0266,1.0266,0.8256,0
294,23,0.00,0.00,0.00,0.00,0.00,0.00,0.00,,18.42,,17.48,17.48,1.0301,1.0301,0.8256,0
294,24,0.00,0.00,0.00,0.00,0.00,0.00,0.00,,18.42,,17.18,17.18,1.0313,1.0313,0.8256,0
295,1,0.00,0.00,0.00,0.00,0.00,0.00,0.00,,18.50,,16.91,16.91,1.0324,1.0324,0.8256,0
295,2,0.00,0.00,0.00,0.00,0.00,0.00,0.00,,18.50,,16.35,16.35,1.0346,1.0346,0.8256,0
295,3,0.00,0.00,0.00,0.00,0.00,0.00,0.00,,18.50,,16.24,16.24,1.0350,1.0350,0.8256,0
295,4,0.00,0.00,0.00,0.00,0.00,0.00,0.00,,18.50,,16.15,16.15,1.0354,1.0354,0.8256,0
295,5,0.00,0.00,0.00,0.00,0.00,0.00,0.00,,18.50,,15.84,15.84,1.0366,1.0366,0.8256,0
295,6,0.00,0.00,0.00,0.00,0.00,0.00,0.00,,18.50,,15.70,15.70,1.0372,1.0372,0.8256,0
295,7,57.21,0.00,0.24,0.19,0.24,0.19,0.00,,18.50,,17.99,17.99,1.0280,1.0280,0.8256,0
295,8,418.14,0.20,1.70,1.40,1.64,1.36,1.68,1440.00,18.50,19.50,29.27,21.27,0.9829,1.0149,0.8256,0
295,9,611.40,0.25,2.47,2.04,2.33,1.92,3.11,1440.00,18.50,20.35,37.15,22.39,0.9514,1.0104,0.8256,0
295,10,852.01,0.26,3.43,2.83,3.13,2.59,4.50,1440.00,18.50,21.19,45.05,23.69,0.9198,1.0052,0.8256,0
295,11,975.62,0.28,3.91,3.23,3.51,2.90,5.44,1440.00,18.50,21.75,50.28,24.45,0.8989,1.0022,0.8256,1
295,12,1032.96,0.28,4.13,3.41,3.67,3.03,5.81,1440.00,18.50,21.97,52.86,25.29,0.8886,0.9988,0.8256,1
295,13,997.58,0.27,3.98,3.28,3.56,2.94,5.44,1440.00,18.50,21.75,51.66,25.81,0.8933,0.9968,0.8256,1
295,14,877.51,0.27,3.50,2.89,3.19,2.63,4.73,1440.00,18.50,21.33,48.01,25.53,0.9080,0.9979,0.8256,1
295,15,614.67,0.28,2.47,2.04,2.31,1.91,3.46,1440.00,18.50,20.57,40.13,23.69,0.9395,1.0052,0.8256,1
295,16,380.06,0.32,1.54,1.27,1.47,1.21,2.42,1440.00,18.50,19.94,33.24,21.77,0.9671,1.0129,0.8256,1
295,17,232.75,0.34,0.95,0.78,0.92,0.76,1.58,1440.00,18.50,19.44,28.05,20.54,0.9878,1.0178,0.8256,1
295,18,71.73,0.50,0.29,0.24,0.29,0.24,0.72,1440.00,18.50,18.93,22.56,19.17,1.0098,1.0233,0.8256,0
295,19,0.85,1.00,0.00,0.00,0.00,0.00,0.02,1440.00,18.50,18.51,20.24,20.16,1.0191,1.0194,0.8256,0
295,20,0.00,0.00,0.00,0.00,0.00,0.00,0.00,,18.50,,20.25,20.25,1.0190,1.0190,0.8256,0
295,21,0.00,0.00,0.00,0.00,0.00,0.00,0.00,,18.50,,18.82,18.82,1.0247,1.0247,0.8256,0
295,22,0.00,0.00,0.00,0.00,0.00,0.00,0.00,,18.50,,18.81,18.81,1.0248,1.0248,0.8256,0
295,23,0.00,0.00,0.00,0.00,0.00,0.00,0.00,,18.50,,18.09,18.09,1.0276,1.0276,0.8256,0
295,24,0.00,0.00,0.00,0.00,0.00,0.00,0.00,,18.50,,18.02,18.02,1.0279,1.0279,0.8256,0
296,1,0.00,0.00,0.00,0.00,0.00,0.00,0.00,,18.58,,17.99,17.99,1.0280,1.0280,0.8256,0
296,2,0.00,0.00,0.00,0.00,0.00,0.00,0.00,,18.58,,17.23,17.23,1.0311,1.0311,0.8256,0
296,3,0.00,0.00,0.00,0.00,0.00,0.00,0.00,,18.58,,17.02,17.02,1.0319,1.0319,0.8256,0
296,4,0.00,0.00,0.00,0.00,0.00,0.00,0.00,,18.58,,16.73,16.73,1.0331,1.0331,0.8256,0
296,5,0.00,0.00,0.00,0.00,0.00,0.00,0.00,,18.58,,16.19,16.19,1.0352,1.0352,0.8256,0
296,6,0.00,0.00,0.00,0.00,0.00,0.00,0.00,,18.58,,15.98,15.98,1.0361,1.0361,0.8256,0
296,7,55.74,0.00,0.23,0.19,0.23,0.19,0.00,,18.58,,17.57,17.57,1.0297,1.0297,0.8256,0
296,8,424.63,0.19,1.72,1.42,1.67,1.38,1.59,1440.00,18.58,19.53,29.34,21.80,0.9826,1.0128,0.8256,0
296,9,664.90,0.26,2.68,2.21,2.50,2.06,3.51,1440.00,18.58,20.68,39.92,23.24,0.9403,1.0071,0.8256,0
296,10,855.24,0.28,3.43,2.83,3.12,2.58,4.77,1440.00,18.58,21.43,46.92,24.25,0.9123,1.0030,0.8256,0
296,11,949.63,0.30,3.80,3.14,3.39,2.80,5.69,1440.00,18.58,21.98,51.71,24.68,0.8932,1.0013,0.8256,1
296,12,1014.80,0.30,4.05,3.35,3.58,2.95,6.19,1440.00,18.58,22.28,54.80,25.42,0.8808,0.9983,0.8256,1
296,13,755.06,0.31,3.03,2.50,2.76,2.28,4.71,1440.00,18.58,21.39,46.75,24.39,0.9130,1.0024,0.8256,1
296,14,723.57,0.29,2.89,2.39,2.66,2.20,4.20,1440.00,18.58,21.09,45.00,25.08,0.9200,0.9997,0.8256,1
296,15,378.73,0.36,1.54,1.27,1.46,1.20,2.71,1440.00,18.58,20.20,34.15,21.27,0.9634,1.0149,0.8256,1
296,16,189.99,0.47,0.78,0.64,0.75,0.62,1.79,1440.00,18.58,19.65,28.15,19.63,0.9874,1.0215,0.8256,1
296,17,126.68,0.37,0.52,0.43,0.51,0.42,0.94,1440.00,18.58,19.14,23.82,19.37,1.0047,1.0225,0.8256,1
296,18,39.62,0.48,0.16,0.13,0.16,0.13,0.38,1440.00,18.58,18.81,20.66,18.86,1.0174,1.0246,0.8256,0
296,19,0.57,1.00,0.00,0.00,0.00,0.00,0.01,1440.00,18.58,18.59,19.58,19.52,1.0217,1.0219,0.8256,0
296,20,0.00,0.00,0.00,0.00,0.00,0.00,0.00,,18.58,,19.73,19.73,1.0211,1.0211,0.8256,0
296,21,0.00,0.00,0.00,0.00,0.00,0.00,0.00,,18.58,,19.55,19.55,1.0218,1.0218,0.8256,0
296,22,0.00,0.00,0.00,0.00,0.00,0.00,0.00,,18.58,,19.06,19.06,1.0238,1.0238,0.8256,0
296,23,0.00,0.00,0.00,0.00,0.00,0.00,0.00,,18.58,,17.93,17.93,1.0283,1.0283,0.8256,0
296,24,0.00,0.00,0.00,0.00,0.00,0.00,0.00,,18.58,,17.34,17.34,1.0306,1.0306,0.8256,0
297,1,0.00,0.00,0.00,0.00,0.00,0.00,0.00,,18.66,,17.09,17.09,1.0316,1.0316,0.8256,0
297,2,0.00,0.00,0.00,0.00,0.00,0.00,0.00,,18.66,,16.72,16.72,1.0331,1.0331,0.8256,0
297,3,0.00,0.00,0.00,0.00,0.00,0.00,0.00,,18.66,,16.57,16.57,1.0337,1.0337,0.8256,0
297,4,0.00,0.00,0.00,0.00,0.00,0.00,0.00,,18.66,,16.31,16.31,1.0348,1.0348,0.8256,0
297,5,0.00,0.00,0.00,0.00,0.00,0.00,0.00,,18.66,,15.79,15.79,1.0368,1.0368,0.8256,0
297,6,0.00,0.00,0.00,0.00,0.00,0.00,0.00,,18.66,,15.68,15.68,1.0373,1.0373,0.8256,0
297,7,26.83,0.00,0.11,0.09,0.11,0.09,0.00,,18.66,,16.46,16.46,1.0342,1.0342,0.8256,0
297,8,52.67,0.00,0.22,0.18,0.22,0.18,0.00,,18.66,,17.16,17.16,1.0314,1.0314,0.8256,0
297,9,97.44,0.00,0.40,0.33,0.40,0.33,0.00,,18.66,,18.40,18.40,1.0264,1.0264,0.8256,0
297,10,79.41,0.00,0.33,0.27,0.33,0.27,0.00,,18.66,,17.78,17.78,1.0289,1.0289,0.8256,0
297,11,142.74,0.00,0.58,0.48,0.58,0.48,0.00,,18.66,,19.70,19.70,1.0212,1.0212,0.8256,1
297,12,140.26,0.00,0.57,0.47,0.57,0.47,0.00,,18.66,,19.59,19.59,1.0216,1.0216,0.8256,1
297,13,152.80,0.00,0.62,0.51,0.62,0.51,0.00,,18.66,,19.90,19.90,1.0204,1.0204,0.8256,1
297,14,171.90,0.01,0.70,0.58,0.70,0.58,0.02,1440.00,18.66,18.68,20.48,20.37,1.0181,1.0185,0.8256,1
297,15,127.47,0.00,0.52,0.43,0.52,0.43,0.00,,18.66,,19.05,19.05,1.0238,1.0238,0.8256,1
297,16,74.78,0.00,0.31,0.25,0.31,0.25,0.00,,18.66,,17.41,17.41,1.0304,1.0304,0.8256,1
297,17,49.59,0.00,0.20,0.17,0.20,0.17,0.00,,18.66,,16.65,16.65,1.0334,1.0334,0.8256,0
297,18,26.07,0.00,0.11,0.09,0.11,0.09,0.00,,18.66,,16.02,16.02,1.0359,1.0359,0.8256,0
297,19,0.47,0.00,0.00,0.00,0.00,0.00,0.00,,18.66,,15.32,15.32,1.0387,1.0387,0.8256,0
297,20,0.00,0.00,0.00,0.00,0.00,0.00,0.00,,18.66,,15.48,15.48,1.0381,1.0381,0.8256,0
297,21,0.00,0.00,0.00,0.00,0.00,0.00,0.00,,18.66,,15.45,15.45,1.0382,1.0382,0.8256,0
297,22,0.00,0.00,0.00,0.00,0.00,0.00,0.00,,18.66,,15.71,15.71,1.0372,1.0372,0.8256,0
297,23,0.00,0.00,0.00,0.00,0.00,0.00,0.00,,18.66,,15.94,15.94,1.0362,1.0362,0.8256,0
297,24,0.00,0.00,0.00,0.00,0.00,0.00,0.00,,18.66,,16.03,16.03,1.0359,1.0359,0.8256,0
298,1,0.00,0.00,0.00,0.00,0.00,0.00,0.00,,18.75,,15.78,15.78,1.0369,1.0369,0.8256,0
298,2,0.00,0.00,0.00,0.00,0.00,0.00,0.00,,18.75,,15.65,15.65,1.0374,1.0374,0.8256,0
298,3,0.00,0.00,0.00,0.00,0.00,0.00,0.00,,18.75,,15.62,15.62,1.0375,1.0375,0.8256,0
298,4,0.00,0.00,0.00,0.00,0.00,0.00,0.00,,18.75,,15.55,15.55,1.0378,1.0378,0.8256,0
298,5,0.00,0.00,0.00,0.00,0.00,0.00,0.00,,18.75,,15.72,15.72,1.0371,1.0371,0.8256,0
298,6,0.00,0.00,0.00,0.00,0.00,0.00,0.00,,18.75,,15.80,15.80,1.0368,1.0368,0.8256,0
298,7,63.22,0.00,0.26,0.21,0.26,0.21,0.00,,18.75,,17.89,17.89,1.0285,1.0285,0.8256,0
298,8,390.83,0.14,1.58,1.30,1.54,1.27,1.13,1440.00,18.75,19.42,28.23,22.86,0.9871,1.0086,0.8256,0
298,9,534.45,0.17,2.14,1.77,2.07,1.71,1.83,1440.00,18.75,19.84,33.27,24.57,0.9669,1.0017,0.8256,0
298,10,768.39,0.18,3.04,2.51,2.88,2.38,2.73,1440.00,18.75,20.38,40.66,27.69,0.9374,0.9892,0.8256,0
298,11,904.32,0.19,3.56,2.94,3.32,2.74,3.42,1440.00,18.75,20.79,45.44,29.18,0.9182,0.9833,0.8256,1
298,12,888.70,0.19,3.50,2.89,3.27,2.70,3.45,1440.00,18.75,20.81,45.33,28.95,0.9187,0.9842,0.8256,1
298,13,888.95,0.19,3.50,2.89,3.27,2.70,3.42,1440.00,18.75,20.79,45.34,29.09,0.9186,0.9836,0.8256,1
298,14,821.20,0.19,3.24,2.68,3.04,2.51,3.14,1440.00,18.75,20.62,43.25,28.35,0.9270,0.9866,0.8256,1
298,15,652.81,0.19,2.60,2.15,2.48,2.04,2.48,1440.00,18.75,20.23,38.00,26.21,0.9480,0.9952,0.8256,1
298,16,495.62,0.19,1.99,1.64,1.92,1.58,1.84,1440.00,18.75,19.85,32.93,24.20,0.9683,1.0032,0.8256,1
298,17,223.43,0.15,0.91,0.75,0.90,0.74,0.68,1440.00,18.75,19.15,24.32,21.11,1.0027,1.0156,0.8256,1
298,18,75.60,0.03,0.31,0.26,0.31,0.25,0.04,1440.00,18.75,18.77,19.71,19.52,1.0212,1.0219,0.8256,0
298,19,1.38,0.00,0.01,0.00,0.01,0.00,0.00,,18.75,,17.36,17.36,1.0305,1.0305,0.8256,0
298,20,0.00,0.00,0.00,0.00,0.00,0.00,0.00,,18.75,,17.38,17.38,1.0305,1.0305,0.8256,0
298,21,0.00,0.00,0.00,0.00,0.00,0.00,0.00,,18.75,,16.42,16.42,1.0343,1.0343,0.8256,0
298,22,0.00,0.00,0.00,0.00,0.00,0.00,0.00,,18.75,,16.45,16.45,1.0342,1.0342,0.8256,0
298,23,0.00,0.00,0.00,0.00,0.00,0.00,0.00,,18.75,,15.60,15.60,1.0376,1.0376,0.8256,0
298,24,0.00,0.00,0.00,0.00,0.00,0.00,0.00,,18.75,,15.20,15.20,1.0392,1.0392,0.8256,0
299,1,0.00,0.00,0.00,0.00,0.00,0.00,0.00,,18.83,,15.14,15.14,1.0394,1.0394,0.8256,0
299,2,0.00,0.00,0.00,0.00,0.00,0.00,0.00,,18.83,,14.85,14.85,1.0406,1.0406,0.8256,0
299,3,0.00,0.00,0.00,0.00,0.00,0.00,0.00,,18.83,,14.64,14.64,1.0414,1.0414,0.8256,0
299,4,0.00,0.00,0.00,0.00,0.00,0.00,0.00,,18.83,,14.59,14.59,1.0416,1.0416,0.8256,0
299,5,0.00,0.00,0.00,0.00,0.00,0.00,0.00,,18.83,,14.58,14.58,1.0417,1.0417,0.8256,0
299,6,0.00,0.00,0.00,0.00,0.00,0.00,0.00,,18.83,,14.64,14.64,1.0414,1.0414,0.8256,0
299,7,55.18,0.00,0.23,0.19,0.23,0.19,0.00,,18.83,,16.37,16.37,1.0345,1.0345,0.8256,0
299,8,430.70,0.15,1.74,1.44,1.70,1.40,1.30,1440.00,18.83,19.61,28.08,21.92,0.9877,1.0123,0.8256,0
299,9,674.87,0.22,2.71,2.24,2.56,2.11,3.00,1440.00,18.83,20.62,38.00,23.77,0.9480,1.0049,0.8256,0
299,10,870.65,0.24,3.48,2.88,3.20,2.65,4.24,1440.00,18.83,21.36,45.02,24.88,0.9199,1.0005,0.8256,0
299,11,976.05,0.28,3.90,3.22,3.50,2.89,5.38,1440.00,18.83,22.05,50.60,25.04,0.8976,0.9998,0.8256,1
299,12,945.85,0.30,3.80,3.13,3.39,2.80,5.67,1440.00,18.83,22.22,51.08,24.14,0.8957,1.0034,0.8256,1
299,13,737.12,0.31,2.97,2.45,2.72,2.24,4.59,1440.00,18.83,21.57,44.73,22.93,0.9211,1.0083,0.8256,1
299,14,588.25,0.31,2.37,1.96,2.21,1.83,3.65,1440.00,18.83,21.01,40.08,22.76,0.9397,1.0090,0.8256,1
299,15,620.59,0.29,2.49,2.06,2.33,1.92,3.58,1440.00,18.83,20.97,40.76,23.74,0.9369,1.0050,0.8256,1
299,16,471.79,0.29,1.90,1.57,1.81,1.49,2.72,1440.00,18.83,20.45,35.79,22.89,0.9568,1.0085,0.8256,1
299,17,283.32,0.31,1.15,0.95,1.11,0.92,1.74,1440.00,18.83,19.87,29.64,21.40,0.9814,1.0144,0.8256,1
299,18,83.63,0.45,0.34,0.28,0.34,0.28,0.74,1440.00,18.83,19.27,23.14,19.61,1.0074,1.0216,0.8256,0
299,19,1.47,1.00,0.01,0.00,0.01,0.00,0.03,1440.00,18.83,18.85,20.54,20.40,1.0179,1.0184,0.8256,0
299,20,0.00,0.00,0.00,0.00,0.00,0.00,0.00,,18.83,,20.50,20.50,1.0180,1.0180,0.8256,0
299,21,0.00,0.00,0.00,0.00,0.00,0.00,0.00,,18.83,,18.90,18.90,1.0244,1.0244,0.8256,0
299,22,0.00,0.00,0.00,0.00,0.00,0.00,0.00,,18.83,,18.77,18.77,1.0249,1.0249,0.8256,0
299,23,0.00,0.00,0.00,0.00,0.00,0.00,0.00,,18.83,,17.68,17.68,1.0293,1.0293,0.8256,0
299,24,0.00,0.00,0.00,0.00,0.00,0.00,0.00,,18.83,,17.42,17.42,1.0303,1.0303,0.8256,0
300,1,0.00,0.00,0.00,0.00,0.00,0.00,0.00,,18.91,,17.17,17.17,1.0313,1.0313,0.8256,0
300,2,0.00,0.00,0.00,0.00,0.00,0.00,0.00,,18.91,,16.61,16.61,1.0336,1.0336,0.8256,0
300,3,0.00,0.00,0.00,0.00,0.00,0.00,0.00,,18.91,,16.45,16.45,1.0342,1.0342,0.8256,0
300,4,0.00,0.00,0.00,0.00,0.00,0.00,0.00,,18.91,,16.15,16.15,1.0354,1.0354,0.8256,0
300,5,0.00,0.00,0.00,0.00,0.00,0.00,0.00,,18.91,,15.49,15.49,1.0380,1.0380,0.8256,0
300,6,0.00,0.00,0.00,0.00,0.00,0.00,0.00,,18.91,,15.16,15.16,1.0394,1.0394,0.8256,0
300,7,57.68,0.00,0.24,0.20,0.24,0.20,0.00,,18.91,,16.96,16.96,1.0321,1.0321,0.8256,0
300,8,427.67,0.17,1.73,1.43,1.68,1.39,1.45,1440.00,18.91,19.78,28.79,21.91,0.9848,1.0124,0.8256,0
300,9,633.38,0.23,2.54,2.10,2.40,1.98,2.87,1440.00,18.91,20.63,37.83,24.19,0.9487,1.0032,0.8256,0
300,10,833.63,0.23,3.32,2.74,3.07,2.54,3.88,1440.00,18.91,21.23,44.54,26.13,0.9218,0.9955,0.8256,0
300,11,899.24,0.25,3.57,2.95,3.27,2.70,4.41,1440.00,18.91,21.55,47.49,26.56,0.9100,0.9938,0.8256,1
300,12,953.34,0.25,3.78,3.12,3.44,2.84,4.75,1440.00,18.91,21.75,49.58,27.02,0.9017,0.9919,0.8256,1
300,13,921.26,0.25,3.65,3.02,3.34,2.76,4.52,1440.00,18.91,21.61,48.59,27.13,0.9056,0.9915,0.8256,1
300,14,683.33,0.24,2.73,2.25,2.56,2.11,3.26,1440.00,18.91,20.86,40.81,25.34,0.9367,0.9986,0.8256,1
300,15,445.55,0.23,1.79,1.48,1.72,1.42,2.05,1440.00,18.91,20.14,33.15,23.43,0.9674,1.0063,0.8256,1
300,16,350.29,0.23,1.41,1.17,1.37,1.13,1.61,1440.00,18.91,19.87,30.37,22.73,0.9785,1.0091,0.8256,1
300,17,207.06,0.21,0.84,0.69,0.83,0.68,0.87,1440.00,18.91,19.43,25.27,21.15,0.9989,1.0154,0.8256,1
300,18,65.56,0.18,0.27,0.22,0.27,0.22,0.23,1440.00,18.91,19.05,20.68,19.59,1.0173,1.0216,0.8256,0
300,19,1.52,0.00,0.01,0.01,0.01,0.01,0.00,,18.91,,18.64,18.64,1.0255,1.0255,0.8256,0
300,20,0.00,0.00,0.00,0.00,0.00,0.00,0.00,,18.91,,18.52,18.52,1.0259,1.0259,0.8256,0
300,21,0.00,0.00,0.00,0.00,0.00,0.00,0.00,,18.91,,17.35,17.35,1.0306,1.0306,0.8256,0
300,22,0.00,0.00,0.00,0.00,0.00,0.00,0.00,,18.91,,17.22,17.22,1.0311,1.0311,0.8256,0
300,23,0.00,0.00,0.00,0.00,0.00,0.00,0.00,,18.91,,16.96,16.96,1.0322,1.0322,0.8256,0
300,24,0.00,0.00,0.00,0.00,0.00,0.00,0.00,,18.91,,16.88,16.88,1.0325,1.0325,0.8256,0
301,1,0.00,0.00,0.00,0.00,0.00,0.00,0.00,,18.99,,16.85,16.85,1.0326,1.0326,0.8256,0
301,2,0.00,0.00,0.00,0.00,0.00,0.00,0.00,,18.99,,16.50,16.50,1.0340,1.0340,0.8256,0
301,4,0.00,0.00,0.00,0.00,0.00,0.00,0.00,,18.99,,16.42,16.42,1.0343,1.0343,0.8256,0
301,5,0.00,0.00,0.00,0.00,0.00,0.00,0.00,,18.99,,16.33,16.33,1.0347,1.0347,0.8256,0
301,6,0.00,0.00,0.00,0.00,0.00,0.00,0.00,,18.99,,16.18,16.18,1.0353,1.0353,0.8256,0
301,7,0.00,0.00,0.00,0.00,0.00,0.00,0.00,,18.99,,16.18,16.18,1.0353,1.0353,0.8256,0
301,8,65.96,0.00,0.27,0.22,0.27,0.22,0.00,,18.99,,18.28,18.28,1.0269,1.0269,0.8256,0
301,9,236.02,0.11,0.96,0.79,0.95,0.78,0.54,1440.00,18.99,19.32,23.61,21.05,1.0056,1.0158,0.8256,0
301,10,503.99,0.20,2.03,1.68,1.95,1.61,2.00,1440.00,18.99,20.19,32.87,23.36,0.9685,1.0066,0.8256,0
301,11,643.08,0.21,2.58,2.13,2.45,2.02,2.69,1440.00,18.99,20.60,37.19,24.43,0.9513,1.0023,0.8256,1
301,12,809.66,0.22,3.23,2.66,3.01,2.48,3.55,1440.00,18.99,21.12,42.71,25.83,0.9292,0.9967,0.8256,1
301,13,757.60,0.22,3.02,2.50,2.83,2.34,3.33,1440.00,18.99,20.98,41.35,25.55,0.9346,0.9978,0.8256,1
301,14,784.38,0.22,3.13,2.58,2.92,2.41,3.42,1440.00,18.99,21.04,42.21,25.95,0.9312,0.9962,0.8256,1
301,15,653.03,0.22,2.61,2.16,2.47,2.04,2.84,1440.00,18.99,20.69,38.35,24.86,0.9466,1.0006,0.8256,1
301,16,507.16,0.21,2.04,1.68,1.96,1.62,2.16,1440.00,18.99,20.29,33.85,23.58,0.9646,1.0057,0.8256,1
301,17,287.72,0.20,1.17,0.96,1.14,0.94,1.15,1440.00,18.99,19.68,27.02,21.58,0.9919,1.0137,0.8256,1
301,18,229.23,0.19,0.93,0.77,0.92,0.76,0.86,1440.00,18.99,19.51,25.08,20.99,0.9997,1.0160,0.8256,0
301,19,73.60,0.08,0.30,0.25,0.30,0.25,0.12,1440.00,18.99,19.06,20.17,19.62,1.0193,1.0215,0.8256,0
301,20,1.66,0.00,0.01,0.01,0.01,0.01,0.00,,18.99,,17.88,17.88,1.0285,1.0285,0.8256,0
301,21,0.00,0.00,0.00,0.00,0.00,0.00,0.00,,18.99,,17.88,17.88,1.0285,1.0285,0.8256,0
301,22,0.00,0.00,0.00,0.00,0.00,0.00,0.00,,18.99,,17.16,17.16,1.0314,1.0314,0.8256,0
301,23,0.00,0.00,0.00,0.00,0.00,0.00,0.00,,18.99,,17.06,17.06,1.0318,1.0318,0.8256,0
301,24,0.00,0.00,0.00,0.00,0.00,0.00,0.00,,18.99,,16.43,16.43,1.0343,1.0343,0.8256,0
302,1,0.00,0.00,0.00,0.00,0.00,0.00,0.00,,19.08,,16.45,16.45,1.0342,1.0342,0.8256,0
302,2,0.00,0.00,0.00,0.00,0.00,0.00,0.00,,19.08,,16.74,16.74,1.0330,1.0330,0.8256,0
302,3,0.00,0.00,0.00,0.00,0.00,0.00,0.00,,19.08,,16.42,16.42,1.0343,1.0343,0.8256,0
302,4,0.00,0.00,0.00,0.00,0.00,0.00,0.00,,19.08,,16.14,16.14,1.0354,1.0354,0.8256,0
302,5,0.00,0.00,0.00,0.00,0.00,0.00,0.00,,19.08,,16.03,16.03,1.0359,1.0359,0.8256,0
302,6,0.00,0.00,0.00,0.00,0.00,0.00,0.00,,19.08,,16.13,16.13,1.0355,1.0355,0.8256,0
302,7,0.00,0.00,0.00,0.00,0.00,0.00,0.00,,19.08,,16.16,16.16,1.0354,1.0354,0.8256,0
302,8,75.95,0.00,0.31,0.26,0.31,0.26,0.00,,19.08,,18.91,18.91,1.0243,1.0243,0.8256,0
302,9,337.53,0.19,1.37,1.13,1.34,1.11,1.26,1440.00,19.08,19.83,27.11,21.12,0.9916,1.0155,0.8256,0
302,10,529.41,0.24,2.14,1.77,2.04,1.68,2.56,1440.00,19.08,20.61,34.46,22.30,0.9621,1.0108,0.8256,0
302,11,668.74,0.24,2.69,2.22,2.53,2.09,3.20,1440.00,19.08,20.99,38.94,23.73,0.9442,1.0051,0.8256,1
302,12,630.75,0.24,2.54,2.09,2.39,1.97,3.03,1440.00,19.08,20.89,38.20,23.80,0.9472,1.0048,0.8256,1
302,13,585.00,0.24,2.35,1.94,2.23,1.84,2.83,1440.00,19.08,20.77,37.09,23.64,0.9516,1.0054,0.8256,1
302,14,603.27,0.24,2.42,2.00,2.29,1.89,2.90,1440.00,19.08,20.81,37.64,23.85,0.9494,1.0046,0.8256,1
302,15,625.36,0.24,2.51,2.07,2.37,1.95,3.04,1440.00,19.08,20.89,38.47,24.02,0.9461,1.0039,0.8256,1
302,16,444.32,0.24,1.79,1.48,1.72,1.42,2.14,1440.00,19.08,20.35,32.79,22.64,0.9689,1.0095,0.8256,1
302,17,406.73,0.24,1.64,1.36,1.58,1.31,1.94,1440.00,19.08,20.24,31.51,22.29,0.9740,1.0108,0.8256,1
302,18,249.42,0.23,1.01,0.84,0.99,0.82,1.17,1440.00,19.08,19.78,26.67,21.11,0.9933,1.0155,0.8256,0
302,19,83.13,0.24,0.34,0.28,0.34,0.28,0.40,1440.00,19.08,19.31,21.69,19.80,1.0132,1.0208,0.8256,0
302,20,2.37,0.39,0.01,0.01,0.01,0.01,0.02,1440.00,19.08,19.09,19.18,19.10,1.0233,1.0236,0.8256,0
302,21,0.00,0.00,0.00,0.00,0.00,0.00,0.00,,19.08,,19.19,19.19,1.0232,1.0232,0.8256,0
302,22,0.00,0.00,0.00,0.00,0.00,0.00,0.00,,19.08,,18.68,18.68,1.0253,1.0253,0.8256,0
302,23,0.00,0.00,0.00,0.00,0.00,0.00,0.00,,19.08,,18.69,18.69,1.0252,1.0252,0.8256,0
302,24,0.00,0.00,0.00,0.00,0.00,0.00,0.00,,19.08,,18.17,18.17,1.0273,1.0273,0.8256,0
303,1,0.00,0.00,0.00,0.00,0.00,0.00,0.00,,19.16,,18.07,18.07,1.0277,1.0277,0.8256,0
303,2,0.00,0.00,0.00,0.00,0.00,0.00,0.00,,19.16,,17.90,17.90,1.0284,1.0284,0.8256,0
303,3,0.00,0.00,0.00,0.00,0.00,0.00,0.00,,19.16,,17.40,17.40,1.0304,1.0304,0.8256,0
303,4,0.00,0.00,0.00,0.00,0.00,0.00,0.00,,19.16,,17.38,17.38,1.0305,1.0305,0.8256,0
303,5,0.00,0.00,0.00,0.00,0.00,0.00,0.00,,19.16,,17.27,17.27,1.0309,1.0309,0.8256,0
303,6,0.00,0.00,0.00,0.00,0.00,0.00,0.00,,19.16,,16.98,16.98,1.0321,1.0321,0.8256,0
303,7,0.00,0.00,0.00,0.00,0.00,0.00,0.00,,19.16,,17.00,17.00,1.0320,1.0320,0.8256,0
303,8,70.98,0.00,0.29,0.24,0.29,0.24,0.00,,19.16,,19.58,19.58,1.0217,1.0217,0.8256,0
303,9,390.26,0.20,1.58,1.30,1.53,1.27,1.54,1440.00,19.16,20.08,29.49,22.18,0.9821,1.0113,0.8256,0
303,10,624.04,0.25,2.51,2.07,2.36,1.95,3.14,1440.00,19.16,21.03,38.36,23.46,0.9466,1.0061,0.8256,0
303,11,794.44,0.25,3.18,2.63,2.94,2.42,4.02,1440.00,19.16,21.56,43.96,24.85,0.9242,1.0006,0.8256,1
303,12,946.53,0.26,3.76,3.10,3.41,2.81,4.90,1440.00,19.16,22.09,50.12,26.84,0.8995,0.9926,0.8256,1
303,13,1025.40,0.26,4.05,3.35,3.63,3.00,5.43,1440.00,19.16,22.40,53.75,27.98,0.8850,0.9881,0.8256,1
303,14,1000.79,0.26,3.95,3.26,3.55,2.93,5.29,1440.00,19.16,22.32,53.13,28.04,0.8875,0.9879,0.8256,1
303,15,870.44,0.27,3.45,2.85,3.14,2.59,4.71,1440.00,19.16,21.97,49.75,27.39,0.9010,0.9904,0.8256,1
303,16,704.02,0.28,2.80,2.31,2.59,2.14,3.91,1440.00,19.16,21.49,44.73,26.15,0.9211,0.9954,0.8256,1
303,17,456.28,0.30,1.83,1.51,1.74,1.44,2.71,1440.00,19.16,20.78,36.75,23.89,0.9530,1.0045,0.8256,1
303,18,255.39,0.32,1.03,0.85,1.00,0.83,1.64,1440.00,19.16,20.14,29.76,21.95,0.9810,1.0122,0.8256,0
303,19,77.03,0.52,0.31,0.26,0.31,0.26,0.80,1440.00,19.16,19.63,23.81,20.01,1.0048,1.0200,0.8256,0
303,20,2.38,1.00,0.01,0.01,0.01,0.01,0.05,1440.00,19.16,19.19,21.44,21.22,1.0142,1.0151,0.8256,0
303,21,0.00,0.00,0.00,0.00,0.00,0.00,0.00,,19.16,,21.37,21.37,1.0145,1.0145,0.8256,0
303,22,0.00,0.00,0.00,0.00,0.00,0.00,0.00,,19.16,,20.82,20.82,1.0167,1.0167,0.8256,0
303,23,0.00,0.00,0.00,0.00,0.00,0.00,0.00,,19.16,,20.74,20.74,1.0170,1.0170,0.8256,0
303,24,0.00,0.00,0.00,0.00,0.00,0.00,0.00,,19.16,,20.20,20.20,1.0192,1.0192,0.8256,0
304,1,0.00,0.00,0.00,0.00,0.00,0.00,0.00,,19.24,,20.05,20.05,1.0198,1.0198,0.8256,0
304,2,0.00,0.00,0.00,0.00,0.00,0.00,0.00,,19.24,,19.94,19.94,1.0202,1.0202,0.8256,0
304,3,0.00,0.00,0.00,0.00,0.00,0.00,0.00,,19.24,,19.61,19.61,1.0216,1.0216,0.8256,0
304,4,0.00,0.00,0.00,0.00,0.00,0.00,0.00,,19.24,,19.54,19.54,1.0218,1.0218,0.8256,0
304,5,0.00,0.00,0.00,0.00,0.00,0.00,0.00,,19.24,,19.46,19.46,1.0222,1.0222,0.8256,0
304,6,0.00,0.00,0.00,0.00,0.00,0.00,0.00,,19.24,,19.30,19.30,1.0228,1.0228,0.8256,0
304,7,0.00,0.00,0.00,0.00,0.00,0.00,0.00,,19.24,,19.34,19.34,1.0226,1.0226,0.8256,0
304,8,88.39,0.23,0.36,0.30,0.36,0.30,0.41,1440.00,19.24,19.49,22.06,20.10,1.0118,1.0196,0.8256,0
304,9,371.98,0.24,1.50,1.24,1.45,1.20,1.76,1440.00,19.24,20.29,31.07,22.74,0.9757,1.0091,0.8256,0
304,10,561.14,0.26,2.25,1.86,2.13,1.76,2.89,1440.00,19.24,20.97,38.23,24.48,0.9471,1.0021,0.8256,0
304,11,722.19,0.25,2.88,2.37,2.67,2.21,3.66,1440.00,19.24,21.43,43.57,26.18,0.9257,0.9953,0.8256,1
304,12,754.43,0.26,3.00,2.48,2.77,2.29,3.95,1440.00,19.24,21.60,45.31,26.53,0.9188,0.9939,0.8256,1
304,13,795.34,0.27,3.16,2.61,2.90,2.39,4.34,1440.00,19.24,21.83,47.44,26.84,0.9102,0.9926,0.8256,1
304,14,781.56,0.27,3.10,2.56,2.85,2.35,4.26,1440.00,19.24,21.79,47.21,26.96,0.9111,0.9921,0.8256,1
304,15,769.56,0.28,3.05,2.52,2.80,2.31,4.31,1440.00,19.24,21.82,47.74,27.25,0.9090,0.9910,0.8256,1
304,16,472.68,0.31,1.90,1.57,1.79,1.48,2.98,1440.00,19.24,21.02,38.35,24.21,0.9466,1.0031,0.8256,1
304,17,292.11,0.33,1.18,0.98,1.14,0.94,1.94,1440.00,19.24,20.40,31.44,22.20,0.9742,1.0112,0.8256,1
304,18,229.93,0.36,0.93,0.77,0.90,0.75,1.65,1440.00,19.24,20.23,29.29,21.44,0.9829,1.0143,0.8256,0
304,19,70.21,0.59,0.29,0.24,0.28,0.23,0.83,1440.00,19.24,19.73,23.82,19.89,1.0047,1.0204,0.8256,0
304,20,1.95,1.00,0.01,0.01,0.01,0.01,0.04,1440.00,19.24,19.26,21.73,21.55,1.0131,1.0138,0.8256,0
304,21,0.00,0.00,0.00,0.00,0.00,0.00,0.00,,19.24,,21.58,21.58,1.0137,1.0137,0.8256,0
304,22,0.00,0.00,0.00,0.00,0.00,0.00,0.00,,19.24,,21.09,21.09,1.0156,1.0156,0.8256,0
304,23,0.00,0.00,0.00,0.00,0.00,0.00,0.00,,19.24,,21.13,21.13,1.0155,1.0155,0.8256,0
304,24,0.00,0.00,0.00,0.00,0.00,0.00,0.00,,19.24,,20.38,20.38,1.0185,1.0185,0.8256,0
305,1,0.00,0.00,0.00,0.00,0.00,0.00,0.00,,19.32,,20.21,20.21,1.0192,1.0192,0.8256,0
305,2,0.00,0.00,0.00,0.00,0.00,0.00,0.00,,19.32,,19.82,19.82,1.0207,1.0207,0.8256,0
305,3,0.00,0.00,0.00,0.00,0.00,0.00,0.00,,19.32,,19.26,19.26,1.0230,1.0230,0.8256,0
305,4,0.00,0.00,0.00,0.00,0.00,0.00,0.00,,19.32,,18.88,18.88,1.0245,1.0245,0.8256,0
305,5,0.00,0.00,0.00,0.00,0.00,0.00,0.00,,19.32,,18.93,18.93,1.0243,1.0243,0.8256,0
305,6,0.00,0.00,0.00,0.00,0.00,0.00,0.00,,19.32,,18.98,18.98,1.0241,1.0241,0.8256,0
305,7,19.21,0.07,0.08,0.06,0.08,0.06,0.03,1440.00,19.32,19.34,19.63,19.50,1.0215,1.0220,0.8256,0
305,8,67.43,0.20,0.28,0.23,0.27,0.23,0.27,1440.00,19.32,19.48,21.20,19.94,1.0152,1.0203,0.8256,0
305,9,323.86,0.23,1.31,1.08,1.27,1.05,1.47,1440.00,19.32,20.20,29.26,22.27,0.9830,1.0109,0.8256,0
305,10,466.53,0.23,1.88,1.55,1.80,1.49,2.15,1440.00,19.32,20.60,33.77,23.56,0.9649,1.0058,0.8256,0
305,11,529.77,0.23,2.13,1.76,2.03,1.67,2.46,1440.00,19.32,20.79,35.80,24.12,0.9568,1.0035,0.8256,1
305,12,969.64,0.23,3.83,3.16,3.50,2.89,4.53,1440.00,19.32,22.03,49.60,28.07,0.9016,0.9877,0.8256,1
305,13,980.88,0.23,3.87,3.20,3.53,2.92,4.60,1440.00,19.32,22.07,50.00,28.14,0.9000,0.9874,0.8256,1
305,14,962.86,0.24,3.81,3.14,3.47,2.87,4.53,1440.00,19.32,22.03,49.49,27.96,0.9020,0.9882,0.8256,1
305,15,900.44,0.24,3.57,2.95,3.28,2.70,4.26,1440.00,19.32,21.86,47.59,27.37,0.9096,0.9905,0.8256,1
305,16,707.27,0.24,2.82,2.33,2.64,2.18,3.37,1440.00,19.32,21.33,41.61,25.62,0.9336,0.9975,0.8256,1
305,17,507.16,0.24,2.04,1.68,1.94,1.61,2.44,1440.00,19.32,20.78,35.41,23.82,0.9584,1.0047,0.8256,1
305,18,300.42,0.25,1.22,1.00,1.18,0.98,1.48,1440.00,19.32,20.20,29.00,21.98,0.9840,1.0121,0.8256,0
305,19,94.92,0.27,0.39,0.32,0.38,0.32,0.52,1440.00,19.32,19.63,22.63,20.16,1.0095,1.0194,0.8256,0
305,20,3.00,0.00,0.01,0.01,0.01,0.01,0.00,,19.32,,19.19,19.19,1.0232,1.0232,0.8256,0
305,21,0.00,0.00,0.00,0.00,0.00,0.00,0.00,,19.32,,19.21,19.21,1.0232,1.0232,0.8256,0
305,22,0.00,0.00,0.00,0.00,0.00,0.00,0.00,,19.32,,18.29,18.29,1.0268,1.0268,0.8256,0
305,23,0.00,0.00,0.00,0.00,0.00,0.00,0.00,,19.32,,18.19,18.19,1.0272,1.0272,0.8256,0
305,24,0.00,0.00,0.00,0.00,0.00,0.00,0.00,,19.32,,17.35,17.35,1.0306,1.0306,0.8256,0
306,1,0.00,0.00,0.00,0.00,0.00,0.00,0.00,,19.40,,17.49,17.49,1.0300,1.0300,0.8256,0
306,2,0.00,0.00,0.00,0.00,0.00,0.00,0.00,,19.40,,17.20,17.20,1.0312,1.0312,0.8256,0
306,3,0.00,0.00,0.00,0.00,0.00,0.00,0.00,,19.40,,16.91,16.91,1.0324,1.0324,0.8256,0
306,4,0.00,0.00,0.00,0.00,0.00,0.00,0.00,,19.40,,17.07,17.07,1.0317,1.0317,0.8256,0
306,5,0.00,0.00,0.00,0.00,0.00,0.00,0.00,,19.40,,17.05,17.05,1.0318,1.0318,0.8256,0
306,6,0.00,0.00,0.00,0.00,0.00,0.00,0.00,,19.40,,16.72,16.72,1.0331,1.0331,0.8256,0
306,7,34.31,0.00,0.14,0.12,0.14,0.12,0.00,,19.40,,17.78,17.78,1.0289,1.0289,0.8256,0
306,8,112.53,0.02,0.46,0.38,0.46,0.38,0.05,1440.00,19.40,19.43,20.54,20.30,1.0179,1.0188,0.8256,0
306,9,388.77,0.20,1.57,1.30,1.52,1.26,1.55,1440.00,19.40,20.32,29.94,22.60,0.9802,1.0096,0.8256,0
306,10,659.63,0.27,2.64,2.18,2.46,2.03,3.56,1440.00,19.40,21.53,41.46,24.55,0.9341,1.0018,0.8256,0
306,11,846.78,0.27,3.37,2.78,3.07,2.54,4.65,1440.00,19.40,22.18,48.25,26.18,0.9070,0.9953,0.8256,1
306,12,958.85,0.28,3.80,3.13,3.40,2.81,5.45,1440.00,19.40,22.66,53.38,27.50,0.8865,0.9900,0.8256,1
306,13,996.17,0.28,3.93,3.24,3.50,2.89,5.64,1440.00,19.40,22.77,55.22,28.44,0.8791,0.9862,0.8256,1
306,14,960.98,0.28,3.78,3.12,3.40,2.80,5.30,1440.00,19.40,22.56,54.05,28.90,0.8838,0.9844,0.8256,1
306,15,848.81,0.27,3.35,2.76,3.05,2.52,4.58,1440.00,19.40,22.13,50.21,28.46,0.8992,0.9861,0.8256,1
306,16,602.14,0.28,2.40,1.98,2.24,1.85,3.40,1440.00,19.40,21.43,42.34,26.18,0.9307,0.9953,0.8256,1
306,17,365.92,0.32,1.47,1.21,1.41,1.16,2.34,1440.00,19.40,20.80,34.93,23.80,0.9603,1.0048,0.8256,1
306,18,110.07,0.52,0.45,0.37,0.44,0.36,1.15,1440.00,19.40,20.09,26.25,20.80,0.9950,1.0168,0.8256,0
306,19,49.62,0.93,0.20,0.17,0.20,0.16,0.92,1440.00,19.40,19.95,24.28,19.90,1.0029,1.0204,0.8256,0
306,20,2.94,1.00,0.01,0.01,0.01,0.01,0.06,1440.00,19.40,19.43,23.10,22.82,1.0076,1.0087,0.8256,0
306,21,0.00,0.00,0.00,0.00,0.00,0.00,0.00,,19.40,,22.97,22.97,1.0081,1.0081,0.8256,0
306,22,0.00,0.00,0.00,0.00,0.00,0.00,0.00,,19.40,,21.55,21.55,1.0138,1.0138,0.8256,0
306,23,0.00,0.00,0.00,0.00,0.00,0.00,0.00,,19.40,,21.26,21.26,1.0150,1.0150,0.8256,0
306,24,0.00,0.00,0.00,0.00,0.00,0.00,0.00,,19.40,,20.33,20.33,1.0187,1.0187,0.8256,0
307,1,0.00,0.00,0.00,0.00,0.00,0.00,0.00,,19.48,,19.89,19.89,1.0204,1.0204,0.8256,0
307,2,0.00,0.00,0.00,0.00,0.00,0.00,0.00,,19.48,,19.47,19.47,1.0221,1.0221,0.8256,0
307,3,0.00,0.00,0.00,0.00,0.00,0.00,0.00,,19.48,,19.11,19.11,1.0236,1.0236,0.8256,0
307,4,0.00,0.00,0.00,0.00,0.00,0.00,0.00,,19.48,,18.84,18.84,1.0246,1.0246,0.8256,0
307,5,0.00,0.00,0.00,0.00,0.00,0.00,0.00,,19.48,,18.60,18.60,1.0256,1.0256,0.8256,0
307,6,0.00,0.00,0.00,0.00,0.00,0.00,0.00,,19.48,,18.49,18.49,1.0260,1.0260,0.8256,0
307,7,26.97,0.00,0.11,0.09,0.11,0.09,0.00,,19.48,,19.43,19.43,1.0223,1.0223,0.8256,0
307,8,105.15,0.19,0.43,0.35,0.43,0.35,0.39,1440.00,19.48,19.71,22.06,20.19,1.0118,1.0192,0.8256,0
307,9,339.94,0.24,1.38,1.14,1.34,1.10,1.66,1440.00,19.48,20.47,29.51,21.61,0.9819,1.0136,0.8256,0
307,10,505.97,0.27,2.05,1.69,1.94,1.60,2.68,1440.00,19.48,21.08,34.91,22.16,0.9604,1.0114,0.8256,0
307,11,665.04,0.27,2.68,2.21,2.50,2.06,3.57,1440.00,19.48,21.61,40.08,23.14,0.9397,1.0074,0.8256,1
307,12,854.88,0.27,3.42,2.83,3.13,2.58,4.56,1440.00,19.48,22.21,46.45,24.78,0.9142,1.0009,0.8256,1
307,13,817.55,0.26,3.26,2.69,3.00,2.47,4.25,1440.00,19.48,22.02,45.90,25.73,0.9164,0.9971,0.8256,1
307,14,793.60,0.25,3.16,2.61,2.92,2.41,3.91,1440.00,19.48,21.82,45.00,26.43,0.9200,0.9943,0.8256,1
307,15,556.54,0.24,2.23,1.84,2.11,1.75,2.67,1440.00,19.48,21.07,37.52,24.86,0.9499,1.0006,0.8256,1
307,16,215.69,0.21,0.87,0.72,0.86,0.71,0.89,1440.00,19.48,20.01,26.00,21.78,0.9960,1.0129,0.8256,1
307,17,181.57,0.19,0.74,0.61,0.73,0.60,0.71,1440.00,19.48,19.90,24.85,21.50,1.0006,1.0140,0.8256,1
307,18,145.83,0.17,0.59,0.49,0.59,0.48,0.50,1440.00,19.48,19.78,23.46,21.08,1.0062,1.0157,0.8256,0
307,19,38.42,0.00,0.16,0.13,0.16,0.13,0.00,,19.48,,19.60,19.60,1.0216,1.0216,0.8256,0
307,20,1.89,0.00,0.01,0.01,0.01,0.01,0.00,,19.48,,18.46,18.46,1.0262,1.0262,0.8256,0
307,21,0.00,0.00,0.00,0.00,0.00,0.00,0.00,,19.48,,18.31,18.31,1.0268,1.0268,0.8256,0
307,22,0.00,0.00,0.00,0.00,0.00,0.00,0.00,,19.48,,17.73,17.73,1.0291,1.0291,0.8256,0
307,23,0.00,0.00,0.00,0.00,0.00,0.00,0.00,,19.48,,17.80,17.80,1.0288,1.0288,0.8256,0
307,24,0.00,0.00,0.00,0.00,0.00,0.00,0.00,,19.48,,17.73,17.73,1.0291,1.0291,0.8256,0
308,1,0.00,0.00,0.00,0.00,0.00,0.00,0.00,,19.56,,17.72,17.72,1.0291,1.0291,0.8256,0
308,2,0.00,0.00,0.00,0.00,0.00,0.00,0.00,,19.56,,17.67,17.67,1.0293,1.0293,0.8256,0
308,3,0.00,0.00,0.00,0.00,0.00,0.00,0.00,,19.56,,17.47,17.47,1.0301,1.0301,0.8256,0
308,4,0.00,0.00,0.00,0.00,0.00,0.00,0.00,,19.56,,17.42,17.42,1.0303,1.0303,0.8256,0
308,5,0.00,0.00,0.00,0.00,0.00,0.00,0.00,,19.56,,17.38,17.38,1.0305,1.0305,0.8256,0
308,6,0.00,0.00,0.00,0.00,0.00,0.00,0.00,,19.56,,17.29,17.29,1.0308,1.0308,0.8256,0
308,7,24.84,0.00,0.10,0.08,0.10,0.08,0.00,,19.56,,18.05,18.05,1.0278,1.0278,0.8256,0
308,8,70.03,0.00,0.29,0.24,0.29,0.24,0.00,,19.56,,19.45,19.45,1.0222,1.0222,0.8256,0
308,9,147.58,0.05,0.60,0.49,0.60,0.49,0.16,1440.00,19.56,19.65,21.89,21.13,1.0124,1.0155,0.8256,0
308,10,253.17,0.13,1.02,0.85,1.01,0.83,0.66,1440.00,19.56,19.95,25.41,22.29,0.9984,1.0108,0.8256,0
308,11,391.76,0.16,1.57,1.30,1.54,1.27,1.23,1440.00,19.56,20.29,29.70,23.87,0.9812,1.0045,0.8256,1
308,12,650.30,0.18,2.58,2.13,2.47,2.04,2.32,1440.00,19.56,20.94,37.78,26.78,0.9489,0.9929,0.8256,1
308,13,553.97,0.18,2.21,1.82,2.13,1.76,1.95,1440.00,19.56,20.73,35.04,25.77,0.9598,0.9969,0.8256,1
308,14,593.46,0.18,2.36,1.95,2.27,1.87,2.11,1440.00,19.56,20.82,36.25,26.24,0.9550,0.9950,0.8256,1
308,15,494.51,0.17,1.98,1.63,1.91,1.58,1.69,1440.00,19.56,20.57,33.11,25.08,0.9675,0.9997,0.8256,1
308,16,208.21,0.11,0.84,0.70,0.84,0.69,0.47,1440.00,19.56,19.84,24.11,21.89,1.0036,1.0124,0.8256,1
308,17,74.66,0.00,0.30,0.25,0.30,0.25,0.00,,19.56,,19.74,19.74,1.0210,1.0210,0.8256,1
308,18,46.63,0.00,0.19,0.16,0.19,0.16,0.00,,19.56,,18.78,18.78,1.0249,1.0249,0.8256,0
308,19,17.41,0.00,0.07,0.06,0.07,0.06,0.00,,19.56,,17.90,17.90,1.0284,1.0284,0.8256,0
308,20,1.51,0.00,0.01,0.01,0.01,0.01,0.00,,19.56,,17.51,17.51,1.0300,1.0300,0.8256,0
308,21,0.00,0.00,0.00,0.00,0.00,0.00,0.00,,19.56,,17.58,17.58,1.0297,1.0297,0.8256,0
308,22,0.00,0.00,0.00,0.00,0.00,0.00,0.00,,19.56,,17.08,17.08,1.0317,1.0317,0.8256,0
308,23,0.00,0.00,0.00,0.00,0.00,0.00,0.00,,19.56,,17.12,17.12,1.0315,1.0315,0.8256,0
308,24,0.00,0.00,0.00,0.00,0.00,0.00,0.00,,19.56,,16.88,16.88,1.0325,1.0325,0.8256,0
309,1,0.00,0.00,0.00,0.00,0.00,0.00,0.00,,19.64,,16.71,16.71,1.0332,1.0332,0.8256,0
309,2,0.00,0.00,0.00,0.00,0.00,0.00,0.00,,19.64,,16.72,16.72,1.0331,1.0331,0.8256,0
309,3,0.00,0.00,0.00,0.00,0.00,0.00,0.00,,19.64,,16.64,16.64,1.0334,1.0334,0.8256,0
309,4,0.00,0.00,0.00,0.00,0.00,0.00,0.00,,19.64,,16.66,16.66,1.0334,1.0334,0.8256,0
309,5,0.00,0.00,0.00,0.00,0.00,0.00,0.00,,19.64,,16.61,16.61,1.0336,1.0336,0.8256,0
309,6,0.00,0.00,0.00,0.00,0.00,0.00,0.00,,19.64,,16.51,16.51,1.0340,1.0340,0.8256,0
309,7,12.63,0.00,0.05,0.04,0.05,0.04,0.00,,19.64,,16.76,16.76,1.0329,1.0329,0.8256,0
309,8,72.87,0.00,0.30,0.25,0.30,0.25,0.00,,19.64,,18.64,18.64,1.0255,1.0255,0.8256,0
309,9,151.92,0.00,0.62,0.51,0.62,0.51,0.00,,19.64,,20.87,20.87,1.0165,1.0165,0.8256,0
309,10,258.32,0.07,1.04,0.86,1.04,0.85,0.38,1440.00,19.64,19.86,24.52,22.74,1.0019,1.0090,0.8256,0
309,11,323.76,0.10,1.30,1.08,1.29,1.06,0.63,1440.00,19.64,20.01,26.63,23.63,0.9935,1.0055,0.8256,1
309,12,214.22,0.07,0.87,0.72,0.86,0.71,0.31,1440.00,19.64,19.82,23.71,22.26,1.0051,1.0110,0.8256,1
309,13,183.39,0.07,0.74,0.61,0.74,0.61,0.27,1440.00,19.64,19.80,23.34,22.07,1.0066,1.0117,0.8256,1
309,14,260.06,0.11,1.05,0.87,1.04,0.86,0.55,1440.00,19.64,19.97,25.68,23.07,0.9973,1.0077,0.8256,1
309,15,201.90,0.08,0.82,0.67,0.81,0.67,0.33,1440.00,19.64,19.83,23.94,22.39,1.0042,1.0105,0.8256,1
309,16,205.03,0.09,0.83,0.68,0.82,0.68,0.36,1440.00,19.64,19.85,24.24,22.54,1.0031,1.0098,0.8256,1
309,17,88.97,0.00,0.36,0.30,0.36,0.30,0.00,,19.64,,20.52,20.52,1.0179,1.0179,0.8256,1
309,18,60.22,0.00,0.25,0.20,0.25,0.20,0.00,,19.64,,19.49,19.49,1.0220,1.0220,0.8256,0
309,19,18.77,0.00,0.08,0.06,0.08,0.06,0.00,,19.64,,18.30,18.30,1.0268,1.0268,0.8256,0
309,20,1.66,0.00,0.01,0.01,0.01,0.01,0.00,,19.64,,17.66,17.66,1.0294,1.0294,0.8256,0
309,21,0.00,0.00,0.00,0.00,0.00,0.00,0.00,,19.64,,17.59,17.59,1.0296,1.0296,0.8256,0
309,22,0.00,0.00,0.00,0.00,0.00,0.00,0.00,,19.64,,17.20,17.20,1.0312,1.0312,0.8256,0
309,23,0.00,0.00,0.00,0.00,0.00,0.00,0.00,,19.64,,17.28,17.28,1.0309,1.0309,0.8256,0
309,24,0.00,0.00,0.00,0.00,0.00,0.00,0.00,,19.64,,17.55,17.55,1.0298,1.0298,0.8256,0
310,1,0.00,0.00,0.00,0.00,0.00,0.00,0.00,,19.72,,17.61,17.61,1.0296,1.0296,0.8256,0
310,2,0.00,0.00,0.00,0.00,0.00,0.00,0.00,,19.72,,17.70,17.70,1.0292,1.0292,0.8256,0
310,3,0.00,0.00,0.00,0.00,0.00,0.00,0.00,,19.72,,17.82,17.82,1.0287,1.0287,0.8256,0
310,4,0.00,0.00,0.00,0.00,0.00,0.00,0.00,,19.72,,17.84,17.84,1.0286,1.0286,0.8256,0
310,5,0.00,0.00,0.00,0.00,0.00,0.00,0.00,,19.72,,17.64,17.64,1.0294,1.0294,0.8256,0
310,6,0.00,0.00,0.00,0.00,0.00,0.00,0.00,,19.72,,17.59,17.59,1.0296,1.0296,0.8256,0
310,7,13.77,0.00,0.06,0.05,0.06,0.05,0.00,,19.72,,18.09,18.09,1.0276,1.0276,0.8256,0
310,8,66.53,0.00,0.27,0.22,0.27,0.22,0.00,,19.72,,19.83,19.83,1.0207,1.0207,0.8256,0
310,9,206.56,0.09,0.84,0.69,0.83,0.68,0.39,1440.00,19.72,19.95,24.07,22.21,1.0037,1.0112,0.8256,0
310,10,461.83,0.16,1.85,1.52,1.79,1.48,1.48,1440.00,19.72,20.60,32.24,25.19,0.9710,0.9992,0.8256,0
310,11,473.10,0.16,1.89,1.56,1.83,1.51,1.54,1440.00,19.72,20.64,32.68,25.38,0.9693,0.9985,0.8256,1
310,12,722.22,0.18,2.85,2.35,2.71,2.24,2.59,1440.00,19.72,21.27,40.64,28.32,0.9374,0.9867,0.8256,1
310,13,799.81,0.19,3.15,2.60,2.97,2.45,3.02,1440.00,19.72,21.52,43.26,28.90,0.9269,0.9844,0.8256,1
310,14,859.72,0.19,3.38,2.79,3.16,2.61,3.33,1440.00,19.72,21.70,45.21,29.40,0.9192,0.9824,0.8256,1
310,15,793.77,0.20,3.13,2.59,2.94,2.43,3.13,1440.00,19.72,21.59,43.27,28.41,0.9269,0.9864,0.8256,1
310,16,663.04,0.19,2.63,2.17,2.50,2.07,2.58,1440.00,19.72,21.26,39.07,26.80,0.9437,0.9928,0.8256,1
310,17,436.04,0.18,1.75,1.44,1.70,1.40,1.57,1440.00,19.72,20.65,31.79,24.33,0.9729,1.0027,0.8256,1
310,18,277.58,0.15,1.12,0.93,1.10,0.91,0.81,1440.00,19.72,20.20,26.45,22.59,0.9942,1.0096,0.8256,0
310,19,89.81,0.00,0.37,0.30,0.37,0.30,0.00,,19.72,,20.31,20.31,1.0188,1.0188,0.8256,0
310,20,4.09,0.00,0.02,0.01,0.02,0.01,0.00,,19.72,,17.45,17.45,1.0302,1.0302,0.8256,0
310,21,0.00,0.00,0.00,0.00,0.00,0.00,0.00,,19.72,,17.26,17.26,1.0310,1.0310,0.8256,0
310,22,0.00,0.00,0.00,0.00,0.00,0.00,0.00,,19.72,,16.82,16.82,1.0327,1.0327,0.8256,0
310,23,0.00,0.00,0.00,0.00,0.00,0.00,0.00,,19.72,,16.80,16.80,1.0328,1.0328,0.8256,0
310,24,0.00,0.00,0.00,0.00,0.00,0.00,0.00,,19.72,,16.24,16.24,1.0350,1.0350,0.8256,0
311,1,0.00,0.00,0.00,0.00,0.00,0.00,0.00,,19.79,,16.10,16.10,1.0356,1.0356,0.8256,0
311,2,0.00,0.00,0.00,0.00,0.00,0.00,0.00,,19.79,,16.04,16.04,1.0358,1.0358,0.8256,0
311,3,0.00,0.00,0.00,0.00,0.00,0.00,0.00,,19.79,,15.66,15.66,1.0374,1.0374,0.8256,0
311,4,0.00,0.00,0.00,0.00,0.00,0.00,0.00,,19.79,,15.59,15.59,1.0376,1.0376,0.8256,0
311,5,0.00,0.00,0.00,0.00,0.00,0.00,0.00,,19.79,,15.53,15.53,1.0379,1.0379,0.8256,0
311,6,0.00,0.00,0.00,0.00,0.00,0.00,0.00,,19.79,,15.34,15.34,1.0386,1.0386,0.8256,0
311,7,34.07,0.00,0.14,0.12,0.14,0.12,0.00,,19.79,,16.27,16.27,1.0349,1.0349,0.8256,0
311,8,76.00,0.00,0.31,0.26,0.31,0.26,0.00,,19.79,,17.63,17.63,1.0295,1.0295,0.8256,0
311,9,354.27,0.13,1.43,1.18,1.41,1.16,0.89,1440.00,19.79,20.33,26.25,22.03,0.9950,1.0119,0.8256,0
311,10,494.74,0.20,1.99,1.65,1.92,1.59,1.98,1440.00,19.79,20.98,32.42,23.02,0.9703,1.0079,0.8256,0
311,11,486.02,0.20,1.96,1.62,1.89,1.56,1.92,1440.00,19.79,20.94,32.12,22.99,0.9715,1.0080,0.8256,1
311,12,590.48,0.21,2.37,1.96,2.26,1.87,2.47,1440.00,19.79,21.27,35.65,23.90,0.9574,1.0044,0.8256,1
311,13,542.88,0.21,2.18,1.80,2.09,1.72,2.29,1440.00,19.79,21.16,34.66,23.77,0.9614,1.0049,0.8256,1
311,14,346.39,0.18,1.40,1.15,1.37,1.13,1.25,1440.00,19.79,20.54,28.56,22.63,0.9857,1.0095,0.8256,1
311,15,422.54,0.19,1.70,1.40,1.65,1.36,1.59,1440.00,19.79,20.74,30.98,23.45,0.9761,1.0062,0.8256,1
311,16,389.92,0.18,1.57,1.30,1.53,1.26,1.37,1440.00,19.79,20.61,29.82,23.30,0.9807,1.0068,0.8256,1
311,17,288.20,0.16,1.16,0.96,1.14,0.94,0.92,1440.00,19.79,20.34,26.78,22.40,0.9929,1.0104,0.8256,1
311,18,151.74,0.10,0.62,0.51,0.61,0.51,0.31,1440.00,19.79,19.98,22.64,21.16,1.0094,1.0153,0.8256,0
311,19,58.60,0.00,0.24,0.20,0.24,0.20,0.00,,19.79,,19.71,19.71,1.0212,1.0212,0.8256,0
311,20,2.41,0.00,0.01,0.01,0.01,0.01,0.00,,19.79,,17.68,17.68,1.0293,1.0293,0.8256,0
311,21,0.00,0.00,0.00,0.00,0.00,0.00,0.00,,19.79,,17.45,17.45,1.0302,1.0302,0.8256,0
311,22,0.00,0.00,0.00,0.00,0.00,0.00,0.00,,19.79,,16.66,16.66,1.0334,1.0334,0.8256,0
311,23,0.00,0.00,0.00,0.00,0.00,0.00,0.00,,19.79,,16.63,16.63,1.0335,1.0335,0.8256,0
311,24,0.00,0.00,0.00,0.00,0.00,0.00,0.00,,19.79,,16.35,16.35,1.0346,1.0346,0.8256,0
312,1,0.00,0.00,0.00,0.00,0.00,0.00,0.00,,19.87,,16.17,16.17,1.0353,1.0353,0.8256,0
312,2,0.00,0.00,0.00,0.00,0.00,0.00,0.00,,19.87,,16.02,16.02,1.0359,1.0359,0.8256,0
312,3,0.00,0.00,0.00,0.00,0.00,0.00,0.00,,19.87,,15.76,15.76,1.0370,1.0370,0.8256,0
312,4,0.00,0.00,0.00,0.00,0.00,0.00,0.00,,19.87,,15.72,15.72,1.0371,1.0371,0.8256,0
312,5,0.00,0.00,0.00,0.00,0.00,0.00,0.00,,19.87,,15.64,15.64,1.0374,1.0374,0.8256,0
312,6,0.00,0.00,0.00,0.00,0.00,0.00,0.00,,19.87,,15.53,15.53,1.0379,1.0379,0.8256,0
312,7,26.40,0.00,0.11,0.09,0.11,0.09,0.00,,19.87,,16.34,16.34,1.0347,1.0347,0.8256,0
312,8,80.02,0.00,0.33,0.27,0.33,0.27,0.00,,19.87,,17.96,17.96,1.0282,1.0282,0.8256,0
312,9,196.94,0.00,0.80,0.66,0.80,0.66,0.00,,19.87,,21.39,21.39,1.0144,1.0144,0.8256,0
312,10,268.80,0.07,1.09,0.90,1.08,0.89,0.35,1440.00,19.87,20.08,24.22,22.56,1.0031,1.0098,0.8256,0
312,11,355.26,0.10,1.43,1.18,1.41,1.16,0.70,1440.00,19.87,20.29,26.84,23.53,0.9926,1.0059,0.8256,1
312,12,432.06,0.12,1.73,1.43,1.70,1.40,1.07,1440.00,19.87,20.51,29.40,24.30,0.9824,1.0028,0.8256,1
312,13,499.53,0.15,2.00,1.65,1.94,1.60,1.48,1440.00,19.87,20.75,32.03,25.02,0.9719,0.9999,0.8256,1
312,14,558.72,0.16,2.23,1.84,2.16,1.78,1.77,1440.00,19.87,20.93,33.93,25.54,0.9643,0.9978,0.8256,1
312,15,612.37,0.17,2.44,2.01,2.34,1.93,2.09,1440.00,19.87,21.12,36.00,26.05,0.9560,0.9958,0.8256,1
312,16,494.01,0.16,1.98,1.63,1.92,1.58,1.59,1440.00,19.87,20.82,32.44,24.91,0.9702,1.0004,0.8256,1
312,17,301.52,0.11,1.22,1.00,1.20,0.99,0.67,1440.00,19.87,20.27,26.26,23.08,0.9949,1.0077,0.8256,1
312,18,285.38,0.10,1.15,0.95,1.14,0.94,0.55,1440.00,19.87,20.20,25.61,22.98,0.9976,1.0081,0.8256,0
312,19,102.10,0.00,0.42,0.34,0.42,0.34,0.00,,19.87,,20.07,20.07,1.0197,1.0197,0.8256,0
312,20,4.61,0.00,0.02,0.02,0.02,0.02,0.00,,19.87,,17.06,17.06,1.0317,1.0317,0.8256,0
312,21,0.00,0.00,0.00,0.00,0.00,0.00,0.00,,19.87,,16.94,16.94,1.0322,1.0322,0.8256,0
312,22,0.00,0.00,0.00,0.00,0.00,0.00,0.00,,19.87,,16.48,16.48,1.0341,1.0341,0.8256,0
312,23,0.00,0.00,0.00,0.00,0.00,0.00,0.00,,19.87,,16.24,16.24,1.0350,1.0350,0.8256,0
312,24,0.00,0.00,0.00,0.00,0.00,0.00,0.00,,19.87,,15.72,15.72,1.0371,1.0371,0.8256,0
313,1,0.00,0.00,0.00,0.00,0.00,0.00,0.00,,19.95,,15.72,15.72,1.0371,1.0371,0.8256,0
313,2,0.00,0.00,0.00,0.00,0.00,0.00,0.00,,19.95,,15.56,15.56,1.0378,1.0378,0.8256,0
313,3,0.00,0.00,0.00,0.00,0.00,0.00,0.00,,19.95,,15.03,15.03,1.0399,1.0399,0.8256,0
313,4,0.00,0.00,0.00,0.00,0.00,0.00,0.00,,19.95,,14.95,14.95,1.0402,1.0402,0.8256,0
313,5,0.00,0.00,0.00,0.00,0.00,0.00,0.00,,19.95,,14.74,14.74,1.0410,1.0410,0.8256,0
313,6,0.00,0.00,0.00,0.00,0.00,0.00,0.00,,19.95,,14.66,14.66,1.0414,1.0414,0.8256,0
313,7,30.76,0.00,0.13,0.11,0.13,0.11,0.00,,19.95,,15.54,15.54,1.0378,1.0378,0.8256,0
313,8,90.52,0.00,0.37,0.31,0.37,0.31,0.00,,19.95,,17.42,17.42,1.0303,1.0303,0.8256,0
313,9,323.06,0.06,1.30,1.08,1.29,1.07,0.36,1440.00,19.95,20.16,24.64,22.93,1.0015,1.0083,0.8256,0
313,10,479.68,0.14,1.93,1.59,1.88,1.55,1.33,1440.00,19.95,20.74,30.38,24.07,0.9785,1.0037,0.8256,0
313,11,657.95,0.17,2.63,2.17,2.52,2.08,2.24,1440.00,19.95,21.29,36.02,25.36,0.9559,0.9985,0.8256,1
313,12,660.00,0.18,2.64,2.18,2.52,2.08,2.38,1440.00,19.95,21.37,36.52,25.21,0.9539,0.9992,0.8256,1
313,13,567.36,0.18,2.27,1.88,2.19,1.81,2.04,1440.00,19.95,21.17,34.09,24.41,0.9636,1.0024,0.8256,1
313,14,754.92,0.20,3.01,2.48,2.84,2.34,2.96,1440.00,19.95,21.72,39.93,25.88,0.9403,0.9965,0.8256,1
313,15,447.30,0.17,1.80,1.49,1.75,1.44,1.49,1440.00,19.95,20.84,30.56,23.49,0.9778,1.0060,0.8256,1
313,16,565.44,0.18,2.27,1.87,2.18,1.80,2.04,1440.00,19.95,21.17,34.07,24.39,0.9637,1.0024,0.8256,1
313,17,373.30,0.15,1.51,1.24,1.47,1.22,1.11,1440.00,19.95,20.61,28.14,22.86,0.9875,1.0086,0.8256,1
313,18,199.40,0.06,0.81,0.67,0.81,0.66,0.24,1440.00,19.95,20.09,22.60,21.47,1.0096,1.0141,0.8256,0
313,19,93.70,0.00,0.38,0.32,0.38,0.32,0.00,,19.95,,19.39,19.39,1.0224,1.0224,0.8256,0
313,20,5.39,0.00,0.02,0.02,0.02,0.02,0.00,,19.95,,16.63,16.63,1.0335,1.0335,0.8256,0
313,21,0.00,0.00,0.00,0.00,0.00,0.00,0.00,,19.95,,16.58,16.58,1.0337,1.0337,0.8256,0
313,22,0.00,0.00,0.00,0.00,0.00,0.00,0.00,,19.95,,15.68,15.68,1.0373,1.0373,0.8256,0
313,23,0.00,0.00,0.00,0.00,0.00,0.00,0.00,,19.95,,15.56,15.56,1.0378,1.0378,0.8256,0
313,24,0.00,0.00,0.00,0.00,0.00,0.00,0.00,,19.95,,15.57,15.57,1.0377,1.0377,0.8256,0
314,1,0.00,0.00,0.00,0.00,0.00,0.00,0.00,,20.02,,15.41,15.41,1.0384,1.0384,0.8256,0
314,2,0.00,0.00,0.00,0.00,0.00,0.00,0.00,,20.02,,15.30,15.30,1.0388,1.0388,0.8256,0
314,3,0.00,0.00,0.00,0.00,0.00,0.00,0.00,,20.02,,14.75,14.75,1.0410,1.0410,0.8256,0
314,4,0.00,0.00,0.00,0.00,0.00,0.00,0.00,,20.02,,14.44,14.44,1.0422,1.0422,0.8256,0
314,5,0.00,0.00,0.00,0.00,0.00,0.00,0.00,,20.02,,14.08,14.08,1.0437,1.0437,0.8256,0
314,6,0.00,0.00,0.00,0.00,0.00,0.00,0.00,,20.02,,13.61,13.61,1.0456,1.0456,0.8256,0
314,7,32.70,0.00,0.14,0.11,0.14,0.11,0.00,,20.02,,14.40,14.40,1.0424,1.0424,0.8256,0
314,8,69.23,0.00,0.29,0.24,0.29,0.24,0.00,,20.02,,16.01,16.01,1.0359,1.0359,0.8256,0
314,9,434.30,0.12,1.75,1.45,1.72,1.42,1.02,1440.00,20.02,20.63,27.90,23.07,0.9884,1.0077,0.8256,0
314,10,682.00,0.20,2.73,2.25,2.59,2.14,2.76,1440.00,20.02,21.67,38.01,24.91,0.9480,1.0004,0.8256,0
314,11,877.61,0.22,3.49,2.88,3.24,2.67,3.82,1440.00,20.02,22.31,44.57,26.41,0.9217,0.9944,0.8256,1
314,12,1005.20,0.24,3.98,3.29,3.62,2.99,4.73,1440.00,20.02,22.85,50.02,27.55,0.8999,0.9898,0.8256,1
314,13,1051.85,0.25,4.15,3.43,3.74,3.09,5.20,1440.00,20.02,23.13,52.83,28.12,0.8887,0.9875,0.8256,1
314,14,1025.02,0.25,4.05,3.34,3.65,3.01,5.09,1440.00,20.02,23.07,52.42,28.24,0.8903,0.9870,0.8256,1
314,15,908.53,0.25,3.59,2.97,3.28,2.71,4.54,1440.00,20.02,22.74,49.38,27.84,0.9025,0.9886,0.8256,1
314,16,729.79,0.25,2.90,2.39,2.70,2.23,3.62,1440.00,20.02,22.19,43.87,26.69,0.9245,0.9932,0.8256,1
314,17,521.92,0.25,2.09,1.72,1.98,1.64,2.61,1440.00,20.02,21.58,37.46,25.07,0.9502,0.9997,0.8256,1
314,18,281.58,0.25,1.14,0.94,1.11,0.91,1.43,1440.00,20.02,20.88,29.65,22.85,0.9814,1.0086,0.8256,0
314,19,94.34,0.28,0.38,0.32,0.38,0.31,0.52,1440.00,20.02,20.34,23.48,21.00,1.0061,1.0160,0.8256,0
314,20,6.52,1.00,0.03,0.02,0.03,0.02,0.13,1440.00,20.02,20.10,20.81,20.19,1.0167,1.0192,0.8256,0
314,21,0.00,0.00,0.00,0.00,0.00,0.00,0.00,,20.02,,20.83,20.83,1.0167,1.0167,0.8256,0
314,22,0.00,0.00,0.00,0.00,0.00,0.00,0.00,,20.02,,19.79,19.79,1.0208,1.0208,0.8256,0
314,23,0.00,0.00,0.00,0.00,0.00,0.00,0.00,,20.02,,19.76,19.76,1.0210,1.0210,0.8256,0
314,24,0.00,0.00,0.00,0.00,0.00,0.00,0.00,,20.02,,19.21,19.21,1.0232,1.0232,0.8256,0
315,1,0.00,0.00,0.00,0.00,0.00,0.00,0.00,,20.10,,18.96,18.96,1.0242,1.0242,0.8256,0
315,2,0.00,0.00,0.00,0.00,0.00,0.00,0.00,,20.10,,18.70,18.70,1.0252,1.0252,0.8256,0
315,3,0.00,0.00,0.00,0.00,0.00,0.00,0.00,,20.10,,18.24,18.24,1.0270,1.0270,0.8256,0
315,4,0.00,0.00,0.00,0.00,0.00,0.00,0.00,,20.10,,18.36,18.36,1.0266,1.0266,0.8256,0
315,5,0.00,0.00,0.00,0.00,0.00,0.00,0.00,,20.10,,18.06,18.06,1.0278,1.0278,0.8256,0
315,6,0.00,0.00,0.00,0.00,0.00,0.00,0.00,,20.10,,17.38,17.38,1.0305,1.0305,0.8256,0
315,7,32.18,0.00,0.13,0.11,0.13,0.11,0.00,,20.10,,18.13,18.13,1.0275,1.0275,0.8256,0
315,8,63.08,0.00,0.26,0.21,0.26,0.21,0.00,,20.10,,19.15,19.15,1.0234,1.0234,0.8256,0
315,9,437.85,0.20,1.76,1.45,1.70,1.41,1.72,1440.00,20.10,21.13,31.77,23.61,0.9729,1.0056,0.8256,0
315,10,678.29,0.27,2.71,2.24,2.52,2.08,3.60,1440.00,20.10,22.25,42.53,25.43,0.9299,0.9983,0.8256,0
315,11,870.36,0.28,3.46,2.85,3.14,2.59,4.81,1440.00,20.10,22.97,49.64,26.80,0.9014,0.9928,0.8256,1
315,12,974.93,0.30,3.87,3.20,3.44,2.84,5.92,1440.00,20.10,23.64,54.78,26.67,0.8809,0.9933,0.8256,1
315,13,991.99,0.33,3.96,3.27,3.47,2.86,6.49,1440.00,20.10,23.98,56.45,25.62,0.8742,0.9975,0.8256,1
315,14,989.27,0.30,3.91,3.23,3.47,2.87,5.90,1440.00,20.10,23.63,55.67,27.66,0.8773,0.9894,0.8256,1
315,15,900.32,0.27,3.55,2.93,3.22,2.66,4.93,1440.00,20.10,23.05,51.75,28.32,0.8930,0.9867,0.8256,1
315,16,748.37,0.26,2.97,2.45,2.74,2.26,3.92,1440.00,20.10,22.44,45.97,27.34,0.9161,0.9907,0.8256,1
315,17,547.03,0.27,2.18,1.80,2.06,1.70,2.91,1440.00,20.10,21.84,39.16,25.36,0.9433,0.9986,0.8256,1
315,18,311.96,0.28,1.26,1.04,1.22,1.00,1.75,1440.00,20.10,21.14,31.37,23.07,0.9745,1.0077,0.8256,0
315,19,105.65,0.37,0.43,0.35,0.42,0.35,0.78,1440.00,20.10,20.56,24.77,21.09,1.0009,1.0156,0.8256,0
315,20,6.12,1.00,0.02,0.02,0.02,0.02,0.12,1440.00,20.10,20.17,21.49,20.91,1.0140,1.0164,0.8256,0
315,21,0.00,0.00,0.00,0.00,0.00,0.00,0.00,,20.10,,20.84,20.84,1.0166,1.0166,0.8256,0
315,22,0.00,0.00,0.00,0.00,0.00,0.00,0.00,,20.10,,19.44,19.44,1.0222,1.0222,0.8256,0
315,23,0.00,0.00,0.00,0.00,0.00,0.00,0.00,,20.10,,19.48,19.48,1.0221,1.0221,0.8256,0
315,24,0.00,0.00,0.00,0.00,0.00,0.00,0.00,,20.10,,18.86,18.86,1.0246,1.0246,0.8256,0
316,1,0.00,0.00,0.00,0.00,0.00,0.00,0.00,,20.18,,18.67,18.67,1.0253,1.0253,0.8256,0
316,2,0.00,0.00,0.00,0.00,0.00,0.00,0.00,,20.18,,18.64,18.64,1.0254,1.0254,0.8256,0
316,3,0.00,0.00,0.00,0.00,0.00,0.00,0.00,,20.18,,18.33,18.33,1.0267,1.0267,0.8256,0
316,4,0.00,0.00,0.00,0.00,0.00,0.00,0.00,,20.18,,18.17,18.17,1.0273,1.0273,0.8256,0
316,5,0.00,0.00,0.00,0.00,0.00,0.00,0.00,,20.18,,18.01,18.01,1.0280,1.0280,0.8256,0
316,6,0.00,0.00,0.00,0.00,0.00,0.00,0.00,,20.18,,17.70,17.70,1.0292,1.0292,0.8256,0
316,7,30.95,0.00,0.13,0.10,0.13,0.10,0.00,,20.18,,18.44,18.44,1.0263,1.0263,0.8256,0
316,8,107.61,0.00,0.44,0.36,0.44,0.36,0.00,,20.18,,20.66,20.66,1.0173,1.0173,0.8256,0
316,9,236.70,0.12,0.96,0.79,0.95,0.78,0.58,1440.00,20.18,20.52,24.52,21.75,1.0019,1.0130,0.8256,0
316,10,470.63,0.22,1.89,1.56,1.82,1.50,2.11,1440.00,20.18,21.44,33.39,23.37,0.9665,1.0065,0.8256,0
316,11,622.96,0.25,2.50,2.06,2.35,1.94,3.18,1440.00,20.18,22.07,39.66,24.57,0.9414,1.0017,0.8256,1
316,12,764.75,0.30,3.07,2.53,2.79,2.31,4.66,1440.00,20.18,22.96,46.59,24.47,0.9136,1.0021,0.8256,1
316,13,718.54,0.31,2.87,2.37,2.63,2.17,4.40,1440.00,20.18,22.81,46.53,25.63,0.9139,0.9975,0.8256,1
316,14,518.34,0.32,2.08,1.72,1.95,1.61,3.35,1440.00,20.18,22.18,39.99,24.08,0.9400,1.0037,0.8256,1
316,15,301.20,0.36,1.22,1.00,1.17,0.96,2.18,1440.00,20.18,21.48,33.17,22.82,0.9673,1.0087,0.8256,1
316,16,273.14,0.35,1.10,0.91,1.06,0.88,1.90,1440.00,20.18,21.31,31.65,22.64,0.9734,1.0094,0.8256,1
316,17,231.52,0.33,0.94,0.77,0.91,0.75,1.54,1440.00,20.18,21.10,29.58,22.25,0.9817,1.0110,0.8256,1
316,18,168.10,0.35,0.68,0.56,0.67,0.55,1.16,1440.00,20.18,20.87,26.96,21.44,0.9921,1.0142,0.8256,0
316,19,75.86,0.50,0.31,0.25,0.30,0.25,0.76,1440.00,20.18,20.63,24.27,20.66,1.0029,1.0173,0.8256,0
316,20,7.26,1.00,0.03,0.02,0.03,0.02,0.15,1440.00,20.18,20.26,22.52,21.83,1.0099,1.0127,0.8256,0
316,21,0.00,0.00,0.00,0.00,0.00,0.00,0.00,,20.18,,22.45,22.45,1.0102,1.0102,0.8256,0
316,22,0.00,0.00,0.00,0.00,0.00,0.00,0.00,,20.18,,21.60,21.60,1.0136,1.0136,0.8256,0
316,23,0.00,0.00,0.00,0.00,0.00,0.00,0.00,,20.18,,22.00,22.00,1.0120,1.0120,0.8256,0
316,24,0.00,0.00,0.00,0.00,0.00,0.00,0.00,,20.18,,21.77,21.77,1.0129,1.0129,0.8256,0
317,1,0.00,0.00,0.00,0.00,0.00,0.00,0.00,,20.25,,22.48,22.48,1.0101,1.0101,0.8256,0
317,2,0.00,0.00,0.00,0.00,0.00,0.00,0.00,,20.25,,22.82,22.82,1.0087,1.0087,0.8256,0
317,3,0.00,0.00,0.00,0.00,0.00,0.00,0.00,,20.25,,22.10,22.10,1.0116,1.0116,0.8256,0
317,4,0.00,0.00,0.00,0.00,0.00,0.00,0.00,,20.25,,22.42,22.42,1.0103,1.0103,0.8256,0
317,5,0.00,0.00,0.00,0.00,0.00,0.00,0.00,,20.25,,22.75,22.75,1.0090,1.0090,0.8256,0
317,6,0.00,0.00,0.00,0.00,0.00,0.00,0.00,,20.25,,22.78,22.78,1.0089,1.0089,0.8256,0
317,7,33.69,1.00,0.14,0.11,0.14,0.11,0.67,1440.00,20.25,20.65,23.99,20.79,1.0040,1.0168,0.8256,0
317,8,66.11,0.74,0.27,0.22,0.26,0.22,0.98,1440.00,20.25,20.83,25.40,20.75,0.9984,1.0170,0.8256,0
317,9,420.66,0.35,1.70,1.40,1.60,1.32,2.93,1440.00,20.25,22.00,37.00,23.08,0.9520,1.0077,0.8256,0
317,10,602.37,0.28,2.41,1.99,2.26,1.86,3.36,1440.00,20.25,22.26,40.85,24.89,0.9366,1.0005,0.8256,0
317,11,792.22,0.26,3.14,2.59,2.89,2.39,4.17,1440.00,20.25,22.74,47.00,27.19,0.9120,0.9912,0.8256,1
317,12,806.70,0.25,3.19,2.63,2.93,2.42,4.10,1440.00,20.25,22.70,47.68,28.22,0.9093,0.9871,0.8256,1
317,13,741.58,0.27,2.94,2.42,2.71,2.24,4.04,1440.00,20.25,22.67,46.65,27.46,0.9134,0.9902,0.8256,1
317,14,574.26,0.27,2.29,1.89,2.15,1.78,3.15,1440.00,20.25,22.13,40.79,25.83,0.9369,0.9967,0.8256,1
317,15,563.82,0.30,2.26,1.86,2.11,1.74,3.35,1440.00,20.25,22.25,40.90,25.01,0.9364,1.0000,0.8256,1
317,16,692.27,0.30,2.77,2.29,2.55,2.11,4.12,1440.00,20.25,22.71,44.59,25.03,0.9216,0.9999,0.8256,1
317,17,544.55,0.30,2.19,1.80,2.05,1.69,3.25,1440.00,20.25,22.19,39.64,24.18,0.9415,1.0033,0.8256,1
317,18,291.89,0.30,1.18,0.97,1.14,0.94,1.78,1440.00,20.25,21.31,31.29,22.86,0.9748,1.0086,0.8256,0
317,19,92.95,0.45,0.38,0.31,0.37,0.31,0.84,1440.00,20.25,20.75,25.28,21.27,0.9989,1.0149,0.8256,0
317,20,6.46,1.00,0.03,0.02,0.03,0.02,0.13,1440.00,20.25,20.33,22.51,21.90,1.0100,1.0124,0.8256,0
317,21,0.00,0.00,0.00,0.00,0.00,0.00,0.00,,20.25,,22.27,22.27,1.0109,1.0109,0.8256,0
317,22,0.00,0.00,0.00,0.00,0.00,0.00,0.00,,20.25,,20.03,20.03,1.0199,1.0199,0.8256,0
317,23,0.00,0.00,0.00,0.00,0.00,0.00,0.00,,20.25,,19.40,19.40,1.0224,1.0224,0.8256,0
317,24,0.00,0.00,0.00,0.00,0.00,0.00,0.00,,20.25,,17.49,17.49,1.0300,1.0300,0.8256,0
318,1,0.00,0.00,0.00,0.00,0.00,0.00,0.00,,20.32,,17.12,17.12,1.0315,1.0315,0.8256,0
318,2,0.00,0.00,0.00,0.00,0.00,0.00,0.00,,20.32,,17.00,17.00,1.0320,1.0320,0.8256,0
318,3,0.00,0.00,0.00,0.00,0.00,0.00,0.00,,20.32,,16.05,16.05,1.0358,1.0358,0.8256,0
318,4,0.00,0.00,0.00,0.00,0.00,0.00,0.00,,20.32,,15.72,15.72,1.0371,1.0371,0.8256,0
318,5,0.00,0.00,0.00,0.00,0.00,0.00,0.00,,20.32,,15.32,15.32,1.0387,1.0387,0.8256,0
318,6,0.00,0.00,0.00,0.00,0.00,0.00,0.00,,20.32,,14.43,14.43,1.0423,1.0423,0.8256,0
318,7,34.64,0.00,0.14,0.12,0.14,0.12,0.00,,20.32,,15.39,15.39,1.0384,1.0384,0.8256,0
318,8,68.76,0.00,0.28,0.23,0.28,0.23,0.00,,20.32,,16.51,16.51,1.0340,1.0340,0.8256,0
318,9,432.41,0.10,1.74,1.43,1.71,1.41,0.82,1440.00,20.32,20.82,27.92,24.02,0.9883,1.0039,0.8256,0
318,10,681.75,0.20,2.73,2.25,2.59,2.14,2.71,1440.00,20.32,21.94,37.86,24.99,0.9485,1.0000,0.8256,0
318,11,823.42,0.22,3.29,2.72,3.07,2.53,3.55,1440.00,20.32,22.45,42.27,25.39,0.9309,0.9984,0.8256,1
318,12,1005.22,0.23,4.00,3.30,3.64,3.01,4.69,1440.00,20.32,23.12,48.50,26.24,0.9060,0.9950,0.8256,1
318,13,1067.84,0.24,4.23,3.49,3.82,3.15,5.07,1440.00,20.32,23.35,51.43,27.35,0.8943,0.9906,0.8256,1
318,14,1041.96,0.23,4.11,3.40,3.74,3.09,4.77,1440.00,20.32,23.18,50.85,28.17,0.8966,0.9873,0.8256,1
318,15,924.12,0.22,3.65,3.01,3.36,2.77,4.08,1440.00,20.32,22.76,47.74,28.37,0.9090,0.9865,0.8256,1
318,16,758.86,0.20,3.00,2.48,2.82,2.33,3.11,1440.00,20.32,22.18,42.63,27.87,0.9295,0.9885,0.8256,1
318,17,557.27,0.19,2.22,1.83,2.13,1.76,2.07,1440.00,20.32,21.56,36.21,26.40,0.9551,0.9944,0.8256,1
318,18,329.40,0.17,1.32,1.09,1.29,1.07,1.15,1440.00,20.32,21.01,29.36,23.90,0.9825,1.0044,0.8256,0
318,19,115.57,0.15,0.47,0.39,0.47,0.38,0.34,1440.00,20.32,20.53,23.17,21.55,1.0073,1.0138,0.8256,0
318,20,8.87,0.00,0.04,0.03,0.04,0.03,0.00,,20.32,,20.17,20.17,1.0193,1.0193,0.8256,0
318,21,0.00,0.00,0.00,0.00,0.00,0.00,0.00,,20.32,,19.93,19.93,1.0203,1.0203,0.8256,0
318,22,0.00,0.00,0.00,0.00,0.00,0.00,0.00,,20.32,,18.76,18.76,1.0250,1.0250,0.8256,0
318,23,0.00,0.00,0.00,0.00,0.00,0.00,0.00,,20.32,,19.37,19.37,1.0225,1.0225,0.8256,0
318,24,0.00,0.00,0.00,0.00,0.00,0.00,0.00,,20.32,,19.33,19.33,1.0227,1.0227,0.8256,0
319,1,0.00,0.00,0.00,0.00,0.00,0.00,0.00,,20.40,,19.56,19.56,1.0218,1.0218,0.8256,0
319,2,0.00,0.00,0.00,0.00,0.00,0.00,0.00,,20.40,,19.38,19.38,1.0225,1.0225,0.8256,0
319,3,0.00,0.00,0.00,0.00,0.00,0.00,0.00,,20.40,,18.61,18.61,1.0256,1.0256,0.8256,0
319,4,0.00,0.00,0.00,0.00,0.00,0.00,0.00,,20.40,,18.24,18.24,1.0270,1.0270,0.8256,0
319,5,0.00,0.00,0.00,0.00,0.00,0.00,0.00,,20.40,,17.95,17.95,1.0282,1.0282,0.8256,0
319,6,0.00,0.00,0.00,0.00,0.00,0.00,0.00,,20.40,,17.79,17.79,1.0288,1.0288,0.8256,0
319,7,35.35,0.00,0.14,0.12,0.14,0.12,0.00,,20.40,,19.00,19.00,1.0240,1.0240,0.8256,0
319,8,64.83,0.00,0.26,0.22,0.26,0.22,0.00,,20.40,,20.24,20.24,1.0191,1.0191,0.8256,0
319,9,443.94,0.19,1.78,1.47,1.72,1.42,1.66,1440.00,20.40,21.39,32.60,24.74,0.9696,1.0011,0.8256,0
319,10,681.65,0.25,2.71,2.24,2.54,2.09,3.38,1440.00,20.40,22.42,42.37,26.30,0.9305,0.9948,0.8256,0
319,11,875.13,0.26,3.46,2.86,3.16,2.61,4.53,1440.00,20.40,23.11,49.08,27.55,0.9037,0.9898,0.8256,1
319,12,895.61,0.26,3.53,2.91,3.22,2.65,4.59,1440.00,20.40,23.14,50.59,28.77,0.8976,0.9849,0.8256,1
319,13,930.85,0.24,3.64,3.00,3.32,2.74,4.45,1440.00,20.40,23.06,52.03,30.88,0.8919,0.9765,0.8256,1
319,14,848.04,0.24,3.32,2.74,3.06,2.53,4.03,1440.00,20.40,22.81,49.45,30.31,0.9022,0.9788,0.8256,1
319,15,693.28,0.23,2.73,2.26,2.56,2.12,3.21,1440.00,20.40,22.31,43.92,28.69,0.9243,0.9852,0.8256,1
319,16,610.48,0.23,2.41,1.99,2.28,1.89,2.75,1440.00,20.40,22.04,41.18,28.12,0.9353,0.9875,0.8256,1
319,17,457.41,0.21,1.82,1.50,1.75,1.45,1.94,1440.00,20.40,21.56,35.57,26.36,0.9577,0.9946,0.8256,1
319,18,280.42,0.15,1.13,0.93,1.11,0.92,0.84,1440.00,20.40,20.90,27.87,23.90,0.9885,1.0044,0.8256,0
319,19,99.41,0.00,0.40,0.33,0.40,0.33,0.00,,20.40,,21.19,21.19,1.0153,1.0153,0.8256,0
319,20,7.47,0.00,0.03,0.03,0.03,0.03,0.00,,20.40,,17.01,17.01,1.0319,1.0319,0.8256,0
319,21,0.00,0.00,0.00,0.00,0.00,0.00,0.00,,20.40,,14.87,14.87,1.0405,1.0405,0.8256,0
319,22,0.00,0.00,0.00,0.00,0.00,0.00,0.00,,20.40,,13.86,13.86,1.0446,1.0446,0.8256,0
319,23,0.00,0.00,0.00,0.00,0.00,0.00,0.00,,20.40,,13.04,13.04,1.0478,1.0478,0.8256,0
319,24,0.00,0.00,0.00,0.00,0.00,0.00,0.00,,20.40,,12.19,12.19,1.0512,1.0512,0.8256,0
320,1,0.00,0.00,0.00,0.00,0.00,0.00,0.00,,20.47,,12.21,12.21,1.0512,1.0512,0.8256,0
320,2,0.00,0.00,0.00,0.00,0.00,0.00,0.00,,20.47,,12.27,12.27,1.0509,1.0509,0.8256,0
320,3,0.00,0.00,0.00,0.00,0.00,0.00,0.00,,20.47,,11.59,11.59,1.0536,1.0536,0.8256,0
320,4,0.00,0.00,0.00,0.00,0.00,0.00,0.00,,20.47,,11.41,11.41,1.0544,1.0544,0.8256,0
320,5,0.00,0.00,0.00,0.00,0.00,0.00,0.00,,20.47,,11.38,11.38,1.0545,1.0545,0.8256,0
320,6,0.00,0.00,0.00,0.00,0.00,0.00,0.00,,20.47,,11.07,11.07,1.0557,1.0557,0.8256,0
320,7,39.94,0.00,0.17,0.14,0.17,0.14,0.00,,20.47,,12.34,12.34,1.0506,1.0506,0.8256,0
320,8,127.48,0.00,0.53,0.44,0.53,0.44,0.00,,20.47,,15.26,15.26,1.0389,1.0389,0.8256,0
320,9,285.01,0.00,1.16,0.96,1.16,0.96,0.00,,20.47,,20.24,20.24,1.0191,1.0191,0.8256,0
320,10,427.16,0.00,1.70,1.41,1.70,1.41,0.00,,20.47,,25.66,25.66,0.9974,0.9974,0.8256,0
320,11,555.23,0.04,2.19,1.81,2.17,1.80,0.44,1440.00,20.47,20.73,30.21,28.12,0.9792,0.9875,0.8256,1
320,12,732.64,0.09,2.86,2.36,2.79,2.31,1.25,1440.00,20.47,21.22,36.75,30.80,0.9530,0.9768,0.8256,1
320,13,885.63,0.11,3.43,2.83,3.29,2.72,1.97,1440.00,20.47,21.65,42.59,33.23,0.9297,0.9671,0.8256,1
320,14,890.61,0.11,3.44,2.84,3.31,2.73,1.99,1440.00,20.47,21.66,43.03,33.59,0.9279,0.9657,0.8256,1
320,15,859.43,0.11,3.33,2.75,3.20,2.64,1.98,1440.00,20.47,21.65,42.56,33.17,0.9298,0.9673,0.8256,1
320,16,622.01,0.09,2.44,2.02,2.39,1.97,1.18,1440.00,20.47,21.17,35.19,29.60,0.9592,0.9816,0.8256,1
320,17,510.89,0.07,2.02,1.67,1.99,1.65,0.67,1440.00,20.47,20.87,31.20,27.99,0.9752,0.9880,0.8256,1
320,18,248.06,0.00,1.00,0.83,1.00,0.83,0.00,,20.47,,22.86,22.86,1.0086,1.0086,0.8256,0
320,19,97.80,0.00,0.40,0.33,0.40,0.33,0.00,,20.47,,18.38,18.38,1.0265,1.0265,0.8256,0
320,20,7.51,0.00,0.03,0.03,0.03,0.03,0.00,,20.47,,15.38,15.38,1.0385,1.0385,0.8256,0
320,21,0.00,0.00,0.00,0.00,0.00,0.00,0.00,,20.47,,15.26,15.26,1.0390,1.0390,0.8256,0
320,22,0.00,0.00,0.00,0.00,0.00,0.00,0.00,,20.47,,14.56,14.56,1.0418,1.0418,0.8256,0
320,23,0.00,0.00,0.00,0.00,0.00,0.00,0.00,,20.47,,14.54,14.54,1.0418,1.0418,0.8256,0
320,24,0.00,0.00,0.00,0.00,0.00,0.00,0.00,,20.47,,13.96,13.96,1.0442,1.0442,0.8256,0
321,1,0.00,0.00,0.00,0.00,0.00,0.00,0.00,,20.54,,13.78,13.78,1.0449,1.0449,0.8256,0
321,2,0.00,0.00,0.00,0.00,0.00,0.00,0.00,,20.54,,13.32,13.32,1.0467,1.0467,0.8256,0
321,3,0.00,0.00,0.00,0.00,0.00,0.00,0.00,,20.54,,12.56,12.56,1.0498,1.0498,0.8256,0
321,4,0.00,0.00,0.00,0.00,0.00,0.00,0.00,,20.54,,12.59,12.59,1.0496,1.0496,0.8256,0
321,5,0.00,0.00,0.00,0.00,0.00,0.00,0.00,,20.54,,12.68,12.68,1.0493,1.0493,0.8256,0
321,6,0.00,0.00,0.00,0.00,0.00,0.00,0.00,,20.54,,12.50,12.50,1.0500,1.0500,0.8256,0
321,7,40.36,0.00,0.17,0.14,0.17,0.14,0.00,,20.54,,13.73,13.73,1.0451,1.0451,0.8256,0
321,8,77.04,0.00,0.32,0.26,0.32,0.26,0.00,,20.54,,14.97,14.97,1.0401,1.0401,0.8256,0
321,9,369.95,0.00,1.49,1.23,1.49,1.23,0.00,,20.54,,24.05,24.05,1.0038,1.0038,0.8256,0
321,10,511.14,0.10,2.04,1.68,2.00,1.65,1.01,1440.00,20.54,21.15,30.67,25.87,0.9773,0.9965,0.8256,0
321,11,690.90,0.13,2.73,2.26,2.63,2.18,1.85,1440.00,20.54,21.64,36.65,27.88,0.9534,0.9885,0.8256,1
321,12,888.99,0.16,3.48,2.88,3.29,2.72,2.89,1440.00,20.54,22.27,43.79,30.08,0.9248,0.9797,0.8256,1
321,13,775.45,0.17,3.05,2.52,2.90,2.39,2.64,1440.00,20.54,22.12,41.42,28.86,0.9343,0.9845,0.8256,1
321,14,825.85,0.18,3.25,2.68,3.06,2.53,2.94,1440.00,20.54,22.30,43.12,29.14,0.9275,0.9834,0.8256,1
321,15,632.23,0.18,2.51,2.07,2.40,1.98,2.24,1440.00,20.54,21.88,37.55,26.92,0.9498,0.9923,0.8256,1
321,16,704.05,0.19,2.79,2.30,2.65,2.19,2.61,1440.00,20.54,22.10,39.80,27.42,0.9408,0.9903,0.8256,1
321,17,528.43,0.17,2.11,1.74,2.04,1.68,1.80,1440.00,20.54,21.62,34.13,25.57,0.9635,0.9977,0.8256,1
321,18,325.12,0.13,1.31,1.08,1.29,1.06,0.83,1440.00,20.54,21.04,27.52,23.56,0.9899,1.0057,0.8256,0
321,19,117.23,0.00,0.48,0.39,0.48,0.39,0.00,,20.54,,21.11,21.11,1.0155,1.0155,0.8256,0
321,20,9.00,0.00,0.04,0.03,0.04,0.03,0.00,,20.54,,17.80,17.80,1.0288,1.0288,0.8256,0
321,21,0.00,0.00,0.00,0.00,0.00,0.00,0.00,,20.54,,17.76,17.76,1.0290,1.0290,0.8256,0
321,22,0.00,0.00,0.00,0.00,0.00,0.00,0.00,,20.54,,16.10,16.10,1.0356,1.0356,0.8256,0
321,23,0.00,0.00,0.00,0.00,0.00,0.00,0.00,,20.54,,16.70,16.70,1.0332,1.0332,0.8256,0
321,24,0.00,0.00,0.00,0.00,0.00,0.00,0.00,,20.54,,15.84,15.84,1.0366,1.0366,0.8256,0
322,1,0.00,0.00,0.00,0.00,0.00,0.00,0.00,,20.61,,15.75,15.75,1.0370,1.0370,0.8256,0
322,2,0.00,0.00,0.00,0.00,0.00,0.00,0.00,,20.61,,15.37,15.37,1.0385,1.0385,0.8256,0
322,3,0.00,0.00,0.00,0.00,0.00,0.00,0.00,,20.61,,14.85,14.85,1.0406,1.0406,0.8256,0
322,4,0.00,0.00,0.00,0.00,0.00,0.00,0.00,,20.61,,14.63,14.63,1.0415,1.0415,0.8256,0
322,5,0.00,0.00,0.00,0.00,0.00,0.00,0.00,,20.61,,14.35,14.35,1.0426,1.0426,0.8256,0
322,6,0.00,0.00,0.00,0.00,0.00,0.00,0.00,,20.61,,13.84,13.84,1.0446,1.0446,0.8256,0
322,7,48.83,0.00,0.20,0.17,0.20,0.17,0.00,,20.61,,15.25,15.25,1.0390,1.0390,0.8256,0
322,8,69.04,0.00,0.29,0.24,0.29,0.24,0.00,,20.61,,16.10,16.10,1.0356,1.0356,0.8256,0
322,9,434.65,0.11,1.75,1.44,1.72,1.42,0.95,1440.00,20.61,21.18,28.12,23.59,0.9875,1.0056,0.8256,0
322,10,676.32,0.20,2.70,2.23,2.57,2.12,2.66,1440.00,20.61,22.20,37.96,25.32,0.9482,0.9987,0.8256,0
322,11,870.98,0.22,3.46,2.86,3.21,2.65,3.82,1440.00,20.61,22.90,44.82,26.67,0.9207,0.9933,0.8256,1
322,12,1004.77,0.24,3.98,3.29,3.60,2.98,4.91,1440.00,20.61,23.55,50.82,27.49,0.8967,0.9900,0.8256,1
322,13,1059.90,0.26,4.19,3.46,3.74,3.09,5.55,1440.00,20.61,23.93,54.26,27.93,0.8830,0.9883,0.8256,1
322,14,1038.15,0.25,4.10,3.38,3.68,3.04,5.28,1440.00,20.61,23.77,53.53,28.43,0.8859,0.9863,0.8256,1
322,15,941.13,0.25,3.71,3.06,3.38,2.79,4.64,1440.00,20.61,23.39,50.70,28.66,0.8972,0.9854,0.8256,1
322,16,777.99,0.24,3.08,2.54,2.86,2.36,3.72,1440.00,20.61,22.83,45.59,27.93,0.9176,0.9883,0.8256,1
322,17,567.08,0.23,2.26,1.86,2.14,1.77,2.65,1440.00,20.61,22.19,38.88,26.31,0.9445,0.9948,0.8256,1
322,18,335.15,0.23,1.35,1.11,1.31,1.08,1.52,1440.00,20.61,21.52,31.25,24.01,0.9750,1.0039,0.8256,0
322,19,121.95,0.23,0.49,0.41,0.49,0.40,0.55,1440.00,20.61,20.94,24.46,21.83,1.0022,1.0127,0.8256,0
322,20,9.49,0.21,0.04,0.03,0.04,0.03,0.04,1440.00,20.61,20.64,20.90,20.70,1.0164,1.0172,0.8256,0
322,21,0.00,0.00,0.00,0.00,0.00,0.00,0.00,,20.61,,20.57,20.57,1.0177,1.0177,0.8256,0
322,22,0.00,0.00,0.00,0.00,0.00,0.00,0.00,,20.61,,19.15,19.15,1.0234,1.0234,0.8256,0
322,23,0.00,0.00,0.00,0.00,0.00,0.00,0.00,,20.61,,18.96,18.96,1.0242,1.0242,0.8256,0
322,24,0.00,0.00,0.00,0.00,0.00,0.00,0.00,,20.61,,18.51,18.51,1.0260,1.0260,0.8256,0
323,1,0.00,0.00,0.00,0.00,0.00,0.00,0.00,,20.68,,18.67,18.67,1.0253,1.0253,0.8256,0
323,2,0.00,0.00,0.00,0.00,0.00,0.00,0.00,,20.68,,18.40,18.40,1.0264,1.0264,0.8256,0
323,3,0.00,0.00,0.00,0.00,0.00,0.00,0.00,,20.68,,17.77,17.77,1.0289,1.0289,0.8256,0
323,4,0.00,0.00,0.00,0.00,0.00,0.00,0.00,,20.68,,17.71,17.71,1.0292,1.0292,0.8256,0
323,5,0.00,0.00,0.00,0.00,0.00,0.00,0.00,,20.68,,17.59,17.59,1.0296,1.0296,0.8256,0
323,6,0.00,0.00,0.00,0.00,0.00,0.00,0.00,,20.68,,17.20,17.20,1.0312,1.0312,0.8256,0
323,7,48.25,0.00,0.20,0.16,0.20,0.16,0.00,,20.68,,18.46,18.46,1.0262,1.0262,0.8256,0
323,8,71.88,0.00,0.29,0.24,0.29,0.24,0.00,,20.68,,19.32,19.32,1.0227,1.0227,0.8256,0
323,9,432.34,0.19,1.74,1.44,1.69,1.39,1.60,1440.00,20.68,21.64,30.98,23.37,0.9761,1.0065,0.8256,0
323,10,663.16,0.24,2.65,2.19,2.49,2.06,3.21,1440.00,20.68,22.60,40.05,24.80,0.9398,1.0008,0.8256,0
323,11,836.36,0.25,3.34,2.75,3.07,2.53,4.24,1440.00,20.68,23.22,45.89,25.74,0.9165,0.9971,0.8256,1
323,12,936.78,0.27,3.72,3.07,3.36,2.78,4.99,1440.00,20.68,23.67,50.55,26.84,0.8978,0.9926,0.8256,1
323,13,975.83,0.27,3.86,3.19,3.47,2.86,5.28,1440.00,20.68,23.84,52.91,27.83,0.8883,0.9887,0.8256,1
323,14,947.12,0.26,3.74,3.09,3.38,2.79,4.97,1440.00,20.68,23.65,51.99,28.37,0.8921,0.9865,0.8256,1
323,15,787.29,0.26,3.11,2.57,2.87,2.37,4.07,1440.00,20.68,23.11,47.11,27.79,0.9115,0.9888,0.8256,1
323,16,670.18,0.26,2.66,2.19,2.48,2.05,3.43,1440.00,20.68,22.73,43.50,27.23,0.9260,0.9911,0.8256,1
323,17,480.55,0.27,1.92,1.58,1.82,1.51,2.56,1440.00,20.68,22.21,37.65,25.48,0.9494,0.9981,0.8256,1
323,18,283.66,0.28,1.14,0.94,1.11,0.91,1.61,1440.00,20.68,21.64,31.15,23.53,0.9754,1.0059,0.8256,0
323,19,118.98,0.35,0.48,0.40,0.47,0.39,0.82,1440.00,20.68,21.17,25.78,21.87,0.9969,1.0125,0.8256,0
323,20,10.99,1.00,0.04,0.04,0.04,0.04,0.22,1440.00,20.68,20.81,22.32,21.28,1.0107,1.0149,0.8256,0
323,21,0.00,0.00,0.00,0.00,0.00,0.00,0.00,,20.68,,21.91,21.91,1.0124,1.0124,0.8256,0
323,22,0.00,0.00,0.00,0.00,0.00,0.00,0.00,,20.68,,20.53,20.53,1.0179,1.0179,0.8256,0
323,23,0.00,0.00,0.00,0.00,0.00,0.00,0.00,,20.68,,20.46,20.46,1.0182,1.0182,0.8256,0
323,24,0.00,0.00,0.00,0.00,0.00,0.00,0.00,,20.68,,19.45,19.45,1.0222,1.0222,0.8256,0
324,1,0.00,0.00,0.00,0.00,0.00,0.00,0.00,,20.75,,19.21,19.21,1.0232,1.0232,0.8256,0
324,2,0.00,0.00,0.00,0.00,0.00,0.00,0.00,,20.75,,18.81,18.81,1.0248,1.0248,0.8256,0
324,3,0.00,0.00,0.00,0.00,0.00,0.00,0.00,,20.75,,17.95,17.95,1.0282,1.0282,0.8256,0
324,4,0.00,0.00,0.00,0.00,0.00,0.00,0.00,,20.75,,17.91,17.91,1.0284,1.0284,0.8256,0
324,5,0.00,0.00,0.00,0.00,0.00,0.00,0.00,,20.75,,17.96,17.96,1.0282,1.0282,0.8256,0
324,6,0.00,0.00,0.00,0.00,0.00,0.00,0.00,,20.75,,17.36,17.36,1.0306,1.0306,0.8256,0
324,7,47.87,0.00,0.20,0.16,0.20,0.16,0.00,,20.75,,18.79,18.79,1.0249,1.0249,0.8256,0
324,8,66.30,0.00,0.27,0.22,0.27,0.22,0.00,,20.75,,19.97,19.97,1.0201,1.0201,0.8256,0
324,9,429.57,0.20,1.73,1.43,1.67,1.38,1.71,1440.00,20.75,21.77,31.84,23.72,0.9726,1.0051,0.8256,0
324,10,668.26,0.26,2.67,2.21,2.50,2.06,3.45,1440.00,20.75,22.82,41.55,25.15,0.9338,0.9994,0.8256,0
324,11,861.60,0.27,3.43,2.83,3.13,2.58,4.63,1440.00,20.75,23.52,48.14,26.14,0.9074,0.9954,0.8256,1
324,12,992.11,0.29,3.93,3.25,3.51,2.90,5.67,1440.00,20.75,24.14,54.07,27.17,0.8837,0.9913,0.8256,1
324,13,1041.28,0.29,4.12,3.40,3.64,3.00,6.02,1440.00,20.75,24.35,56.56,27.99,0.8738,0.9880,0.8256,1
324,14,985.78,0.28,3.89,3.21,3.48,2.87,5.57,1440.00,20.75,24.08,54.68,28.23,0.8813,0.9871,0.8256,1
324,15,825.63,0.29,3.27,2.70,2.97,2.45,4.73,1440.00,20.75,23.58,50.03,27.59,0.8999,0.9896,0.8256,1
324,16,628.48,0.30,2.50,2.06,2.32,1.92,3.71,1440.00,20.75,22.97,44.00,26.36,0.9240,0.9946,0.8256,1
324,17,412.86,0.32,1.65,1.37,1.57,1.30,2.67,1440.00,20.75,22.34,37.29,24.63,0.9508,1.0015,0.8256,1
324,18,277.90,0.35,1.12,0.92,1.08,0.89,1.94,1440.00,20.75,21.91,32.54,23.32,0.9698,1.0067,0.8256,0
324,19,117.42,0.49,0.48,0.39,0.47,0.38,1.14,1440.00,20.75,21.43,27.26,21.85,0.9910,1.0126,0.8256,0
324,20,10.99,1.00,0.04,0.04,0.04,0.04,0.22,1440.00,20.75,20.88,23.91,22.87,1.0043,1.0085,0.8256,0
324,21,0.00,0.00,0.00,0.00,0.00,0.00,0.00,,20.75,,23.58,23.58,1.0057,1.0057,0.8256,0
324,22,0.00,0.00,0.00,0.00,0.00,0.00,0.00,,20.75,,22.33,22.33,1.0107,1.0107,0.8256,0
324,23,0.00,0.00,0.00,0.00,0.00,0.00,0.00,,20.75,,21.89,21.89,1.0124,1.0124,0.8256,0
324,24,0.00,0.00,0.00,0.00,0.00,0.00,0.00,,20.75,,20.53,20.53,1.0179,1.0179,0.8256,0
325,1,0.00,0.00,0.00,0.00,0.00,0.00,0.00,,20.82,,20.36,20.36,1.0186,1.0186,0.8256,0
325,2,0.00,0.00,0.00,0.00,0.00,0.00,0.00,,20.82,,20.39,20.39,1.0184,1.0184,0.8256,0
325,3,0.00,0.00,0.00,0.00,0.00,0.00,0.00,,20.82,,19.86,19.86,1.0206,1.0206,0.8256,0
325,4,0.00,0.00,0.00,0.00,0.00,0.00,0.00,,20.82,,20.06,20.06,1.0198,1.0198,0.8256,0
325,5,0.00,0.00,0.00,0.00,0.00,0.00,0.00,,20.82,,20.02,20.02,1.0199,1.0199,0.8256,0
325,6,0.00,0.00,0.00,0.00,0.00,0.00,0.00,,20.82,,19.58,19.58,1.0217,1.0217,0.8256,0
325,7,42.88,0.00,0.17,0.14,0.17,0.14,0.00,,20.82,,20.92,20.92,1.0163,1.0163,0.8256,0
325,8,68.80,0.14,0.28,0.23,0.28,0.23,0.19,1440.00,20.82,20.93,22.25,21.35,1.0110,1.0146,0.8256,0
325,9,424.52,0.26,1.70,1.41,1.63,1.35,2.18,1440.00,20.82,22.12,34.40,24.04,0.9624,1.0038,0.8256,0
325,10,601.77,0.30,2.40,1.98,2.24,1.85,3.63,1440.00,20.82,22.99,42.64,25.42,0.9295,0.9983,0.8256,0
325,11,854.68,0.30,3.39,2.80,3.06,2.52,5.14,1440.00,20.82,23.89,51.46,27.04,0.8942,0.9919,0.8256,1
325,12,968.66,0.32,3.84,3.17,3.37,2.79,6.29,1440.00,20.82,24.58,57.32,27.45,0.8707,0.9902,0.8256,1
325,13,1031.26,0.33,4.08,3.37,3.54,2.93,6.81,1440.00,20.82,24.89,60.26,27.94,0.8590,0.9883,0.8256,1
325,14,1002.68,0.32,3.95,3.26,3.47,2.86,6.36,1440.00,20.82,24.62,58.81,28.59,0.8647,0.9856,0.8256,1
325,15,835.82,0.32,3.31,2.73,2.96,2.45,5.39,1440.00,20.82,24.04,53.32,27.70,0.8867,0.9892,0.8256,1
325,16,656.26,0.34,2.61,2.15,2.39,1.97,4.43,1440.00,20.82,23.46,47.59,26.57,0.9096,0.9937,0.8256,1
325,17,442.30,0.38,1.77,1.46,1.66,1.37,3.35,1440.00,20.82,22.82,40.90,24.98,0.9364,1.0001,0.8256,1
325,18,325.40,0.42,1.31,1.08,1.24,1.02,2.75,1440.00,20.82,22.47,37.12,24.04,0.9515,1.0039,0.8256,0
325,19,116.53,0.77,0.47,0.39,0.46,0.38,1.80,1440.00,20.82,21.89,30.53,22.00,0.9779,1.0120,0.8256,0
325,20,11.37,1.00,0.05,0.04,0.05,0.04,0.23,1440.00,20.82,20.96,26.80,25.72,0.9928,0.9971,0.8256,0
325,21,0.00,0.00,0.00,0.00,0.00,0.00,0.00,,20.82,,26.11,26.11,0.9956,0.9956,0.8256,0
325,22,0.00,0.00,0.00,0.00,0.00,0.00,0.00,,20.82,,25.91,25.91,0.9964,0.9964,0.8256,0
325,23,0.00,0.00,0.00,0.00,0.00,0.00,0.00,,20.82,,26.37,26.37,0.9945,0.9945,0.8256,0
325,24,0.00,0.00,0.00,0.00,0.00,0.00,0.00,,20.82,,26.09,26.09,0.9956,0.9956,0.8256,0
326,1,0.00,0.00,0.00,0.00,0.00,0.00,0.00,,20.89,,25.91,25.91,0.9964,0.9964,0.8256,0
326,2,0.00,0.00,0.00,0.00,0.00,0.00,0.00,,20.89,,25.64,25.64,0.9974,0.9974,0.8256,0
326,3,0.00,0.00,0.00,0.00,0.00,0.00,0.00,,20.89,,25.55,25.55,0.9978,0.9978,0.8256,0
326,4,0.00,0.00,0.00,0.00,0.00,0.00,0.00,,20.89,,25.77,25.77,0.9969,0.9969,0.8256,0
326,5,0.00,0.00,0.00,0.00,0.00,0.00,0.00,,20.89,,25.57,25.57,0.9977,0.9977,0.8256,0
326,6,0.00,0.00,0.00,0.00,0.00,0.00,0.00,,20.89,,25.51,25.51,0.9980,0.9980,0.8256,0
326,7,51.63,1.00,0.21,0.17,0.20,0.17,1.03,1440.00,20.89,21.51,27.02,22.12,0.9919,1.0115,0.8256,0
326,8,142.67,0.57,0.58,0.48,0.56,0.46,1.63,1440.00,20.89,21.86,30.04,22.31,0.9798,1.0107,0.8256,0
326,9,296.11,0.40,1.19,0.98,1.14,0.94,2.37,1440.00,20.89,22.30,35.11,23.86,0.9595,1.0045,0.8256,0
326,10,376.48,0.41,1.51,1.25,1.42,1.17,3.09,1440.00,20.89,22.73,39.13,24.45,0.9435,1.0022,0.8256,0
326,11,560.94,0.35,2.23,1.84,2.06,1.70,3.95,1440.00,20.89,23.25,45.22,26.46,0.9191,0.9941,0.8256,1
326,12,673.47,0.35,2.66,2.20,2.42,2.00,4.68,1440.00,20.89,23.68,50.13,27.90,0.8995,0.9884,0.8256,1
326,13,809.65,0.34,3.18,2.63,2.84,2.35,5.58,1440.00,20.89,24.22,55.69,29.19,0.8772,0.9832,0.8256,1
326,14,786.77,0.35,3.10,2.56,2.76,2.28,5.59,1440.00,20.89,24.23,55.40,28.87,0.8784,0.9845,0.8256,1
326,15,718.88,0.37,2.84,2.34,2.54,2.10,5.37,1440.00,20.89,24.10,53.83,28.34,0.8847,0.9866,0.8256,1
326,16,331.84,0.55,1.33,1.10,1.24,1.02,3.62,1440.00,20.89,23.05,41.45,24.26,0.9342,1.0030,0.8256,1
326,17,193.65,0.70,0.78,0.65,0.74,0.61,2.71,1440.00,20.89,22.51,35.61,22.72,0.9576,1.0091,0.8256,1
326,18,122.29,0.91,0.50,0.41,0.47,0.39,2.22,1440.00,20.89,22.22,32.53,21.97,0.9699,1.0121,0.8256,0
326,19,60.34,1.00,0.24,0.20,0.24,0.20,1.21,1440.00,20.89,21.61,29.67,23.93,0.9813,1.0043,0.8256,0
326,20,12.00,1.00,0.05,0.04,0.05,0.04,0.24,1440.00,20.89,21.03,26.82,25.69,0.9927,0.9973,0.8256,0
326,21,0.00,0.00,0.00,0.00,0.00,0.00,0.00,,20.89,,26.82,26.82,0.9927,0.9927,0.8256,0
326,22,0.00,0.00,0.00,0.00,0.00,0.00,0.00,,20.89,,19.77,19.77,1.0209,1.0209,0.8256,0
326,23,0.00,0.00,0.00,0.00,0.00,0.00,0.00,,20.89,,19.70,19.70,1.0212,1.0212,0.8256,0
326,24,0.00,0.00,0.00,0.00,0.00,0.00,0.00,,20.89,,18.59,18.59,1.0256,1.0256,0.8256,0
327,1,0.00,0.00,0.00,0.00,0.00,0.00,0.00,,20.96,,18.83,18.83,1.0247,1.0247,0.8256,0
327,2,0.00,0.00,0.00,0.00,0.00,0.00,0.00,,20.96,,18.89,18.89,1.0244,1.0244,0.8256,0
327,3,0.00,0.00,0.00,0.00,0.00,0.00,0.00,,20.96,,18.33,18.33,1.0267,1.0267,0.8256,0
327,4,0.00,0.00,0.00,0.00,0.00,0.00,0.00,,20.96,,18.38,18.38,1.0265,1.0265,0.8256,0
327,5,0.00,0.00,0.00,0.00,0.00,0.00,0.00,,20.96,,18.24,18.24,1.0270,1.0270,0.8256,0
327,6,0.00,0.00,0.00,0.00,0.00,0.00,0.00,,20.96,,17.73,17.73,1.0291,1.0291,0.8256,0
327,7,42.51,0.00,0.17,0.14,0.17,0.14,0.00,,20.96,,19.06,19.06,1.0238,1.0238,0.8256,0
327,8,75.52,0.00,0.31,0.25,0.31,0.25,0.00,,20.96,,20.09,20.09,1.0196,1.0196,0.8256,0
327,9,426.39,0.19,1.72,1.42,1.66,1.37,1.59,1440.00,20.96,21.91,31.09,23.53,0.9756,1.0059,0.8256,0
327,10,662.97,0.24,2.65,2.19,2.49,2.06,3.24,1440.00,20.96,22.89,40.17,24.79,0.9393,1.0009,0.8256,0
327,11,862.09,0.25,3.44,2.84,3.15,2.60,4.39,1440.00,20.96,23.58,46.64,25.80,0.9134,0.9968,0.8256,1
327,12,991.72,0.26,3.93,3.25,3.54,2.92,5.19,1440.00,20.96,24.05,51.85,27.22,0.8926,0.9911,0.8256,1
327,13,1046.17,0.26,4.12,3.40,3.69,3.05,5.41,1440.00,20.96,24.19,54.36,28.68,0.8825,0.9853,0.8256,1
327,14,1012.78,0.25,3.98,3.28,3.59,2.97,5.02,1440.00,20.96,23.95,53.35,29.51,0.8866,0.9820,0.8256,1
327,15,898.12,0.24,3.53,2.91,3.24,2.67,4.26,1440.00,20.96,23.50,49.68,29.45,0.9013,0.9822,0.8256,1
327,16,741.30,0.23,2.93,2.42,2.73,2.26,3.42,1440.00,20.96,23.00,44.61,28.36,0.9216,0.9866,0.8256,1
327,17,544.52,0.24,2.17,1.79,2.06,1.70,2.58,1440.00,20.96,22.50,38.58,26.31,0.9457,0.9948,0.8256,1
327,18,330.23,0.24,1.33,1.09,1.29,1.06,1.57,1440.00,20.96,21.90,31.59,24.11,0.9736,1.0036,0.8256,0
327,19,127.19,0.25,0.51,0.42,0.51,0.42,0.64,1440.00,20.96,21.34,25.13,22.08,0.9995,1.0117,0.8256,0
327,20,11.33,0.24,0.05,0.04,0.05,0.04,0.05,1440.00,20.96,20.99,21.30,21.05,1.0148,1.0158,0.8256,0
327,21,0.00,0.00,0.00,0.00,0.00,0.00,0.00,,20.96,,20.96,20.96,1.0162,1.0162,0.8256,0
327,22,0.00,0.00,0.00,0.00,0.00,0.00,0.00,,20.96,,20.14,20.14,1.0194,1.0194,0.8256,0
327,23,0.00,0.00,0.00,0.00,0.00,0.00,0.00,,20.96,,20.25,20.25,1.0190,1.0190,0.8256,0
327,24,0.00,0.00,0.00,0.00,0.00,0.00,0.00,,20.96,,19.89,19.89,1.0204,1.0204,0.8256,0
328,1,0.00,0.00,0.00,0.00,0.00,0.00,0.00,,21.02,,19.89,19.89,1.0204,1.0204,0.8256,0
328,2,0.00,0.00,0.00,0.00,0.00,0.00,0.00,,21.02,,19.80,19.80,1.0208,1.0208,0.8256,0
328,3,0.00,0.00,0.00,0.00,0.00,0.00,0.00,,21.02,,19.50,19.50,1.0220,1.0220,0.8256,0
328,4,0.00,0.00,0.00,0.00,0.00,0.00,0.00,,21.02,,19.51,19.51,1.0220,1.0220,0.8256,0
328,5,0.00,0.00,0.00,0.00,0.00,0.00,0.00,,21.02,,19.52,19.52,1.0219,1.0219,0.8256,0
328,6,0.00,0.00,0.00,0.00,0.00,0.00,0.00,,21.02,,19.37,19.37,1.0225,1.0225,0.8256,0
328,7,42.97,0.00,0.17,0.14,0.17,0.14,0.00,,21.02,,20.66,20.66,1.0173,1.0173,0.8256,0
328,8,99.18,0.07,0.40,0.33,0.40,0.33,0.14,1440.00,21.02,21.10,22.50,21.84,1.0100,1.0126,0.8256,0
328,9,311.63,0.19,1.25,1.04,1.23,1.01,1.17,1440.00,21.02,21.72,29.10,23.54,0.9836,1.0059,0.8256,0
328,10,573.69,0.23,2.29,1.89,2.17,1.80,2.65,1440.00,21.02,22.60,38.05,25.47,0.9478,0.9981,0.8256,0
328,11,667.92,0.23,2.66,2.19,2.50,2.06,3.11,1440.00,21.02,22.88,41.08,26.31,0.9357,0.9948,0.8256,1
328,12,605.59,0.23,2.41,1.99,2.28,1.88,2.83,1440.00,21.02,22.71,39.53,26.10,0.9419,0.9956,0.8256,1
328,13,902.09,0.24,3.55,2.93,3.26,2.69,4.28,1440.00,21.02,23.58,49.26,28.93,0.9030,0.9843,0.8256,1
328,14,766.57,0.23,3.03,2.50,2.82,2.33,3.60,1440.00,21.02,23.17,45.11,28.02,0.9196,0.9879,0.8256,1
328,15,741.38,0.24,2.93,2.42,2.73,2.26,3.51,1440.00,21.02,23.12,44.54,27.87,0.9218,0.9885,0.8256,1
328,16,669.30,0.24,2.65,2.19,2.49,2.06,3.15,1440.00,21.02,22.90,42.20,27.24,0.9312,0.9910,0.8256,1
328,17,510.64,0.24,2.04,1.68,1.94,1.60,2.41,1440.00,21.02,22.46,37.24,25.80,0.9510,0.9968,0.8256,1
328,18,313.43,0.22,1.26,1.04,1.23,1.01,1.37,1440.00,21.02,21.84,30.60,24.09,0.9776,1.0037,0.8256,0
328,19,127.53,0.19,0.52,0.43,0.51,0.42,0.48,1440.00,21.02,21.31,24.57,22.27,1.0017,1.0109,0.8256,0
328,20,12.23,0.00,0.05,0.04,0.05,0.04,0.00,,21.02,,20.85,20.85,1.0166,1.0166,0.8256,0
328,21,0.00,0.00,0.00,0.00,0.00,0.00,0.00,,21.02,,20.61,20.61,1.0176,1.0176,0.8256,0
328,22,0.00,0.00,0.00,0.00,0.00,0.00,0.00,,21.02,,20.12,20.12,1.0195,1.0195,0.8256,0
328,23,0.00,0.00,0.00,0.00,0.00,0.00,0.00,,21.02,,20.13,20.13,1.0195,1.0195,0.8256,0
328,24,0.00,0.00,0.00,0.00,0.00,0.00,0.00,,21.02,,19.69,19.69,1.0212,1.0212,0.8256,0
329,1,0.00,0.00,0.00,0.00,0.00,0.00,0.00,,21.09,,19.55,19.55,1.0218,1.0218,0.8256,0
329,2,0.00,0.00,0.00,0.00,0.00,0.00,0.00,,21.09,,19.95,19.95,1.0202,1.0202,0.8256,0
329,3,0.00,0.00,0.00,0.00,0.00,0.00,0.00,,21.09,,19.70,19.70,1.0212,1.0212,0.8256,0
329,4,0.00,0.00,0.00,0.00,0.00,0.00,0.00,,21.09,,19.51,19.51,1.0220,1.0220,0.8256,0
329,5,0.00,0.00,0.00,0.00,0.00,0.00,0.00,,21.09,,19.45,19.45,1.0222,1.0222,0.8256,0
329,6,0.00,0.00,0.00,0.00,0.00,0.00,0.00,,21.09,,19.28,19.28,1.0229,1.0229,0.8256,0
329,7,46.04,0.00,0.19,0.15,0.19,0.15,0.00,,21.09,,20.87,20.87,1.0165,1.0165,0.8256,0
329,8,83.47,0.07,0.34,0.28,0.34,0.28,0.11,1440.00,21.09,21.15,22.12,21.59,1.0115,1.0137,0.8256,0
329,9,360.34,0.21,1.45,1.20,1.41,1.16,1.54,1440.00,21.09,22.01,30.69,23.38,0.9772,1.0065,0.8256,0
329,10,575.22,0.26,2.30,1.90,2.17,1.79,2.98,1440.00,21.09,22.87,38.92,24.75,0.9443,1.0010,0.8256,0
329,11,833.12,0.27,3.32,2.74,3.03,2.51,4.46,1440.00,21.09,23.75,47.37,26.21,0.9105,0.9952,0.8256,1
329,12,973.83,0.27,3.86,3.18,3.46,2.86,5.32,1440.00,21.09,24.27,52.82,27.54,0.8887,0.9898,0.8256,1
329,13,1032.66,0.27,4.06,3.35,3.63,3.00,5.54,1440.00,21.09,24.40,55.42,29.09,0.8783,0.9836,0.8256,1
329,14,1021.49,0.26,4.01,3.31,3.60,2.97,5.27,1440.00,21.09,24.24,54.97,29.93,0.8801,0.9803,0.8256,1
329,15,913.50,0.26,3.59,2.96,3.26,2.69,4.74,1440.00,21.09,23.92,52.12,29.63,0.8915,0.9815,0.8256,1
329,16,741.14,0.26,2.92,2.41,2.71,2.23,3.86,1440.00,21.09,23.39,46.79,28.45,0.9128,0.9862,0.8256,1
329,17,544.76,0.27,2.16,1.79,2.04,1.69,2.94,1440.00,21.09,22.84,40.58,26.61,0.9377,0.9935,0.8256,1
329,18,312.99,0.29,1.26,1.04,1.21,1.00,1.84,1440.00,21.09,22.18,32.96,24.25,0.9682,1.0030,0.8256,0
329,19,126.93,0.38,0.51,0.42,0.50,0.42,0.98,1440.00,21.09,21.67,26.98,22.34,0.9921,1.0106,0.8256,0
329,20,13.60,1.00,0.06,0.05,0.05,0.05,0.27,1440.00,21.09,21.25,23.40,22.11,1.0064,1.0115,0.8256,0
329,21,0.00,0.00,0.00,0.00,0.00,0.00,0.00,,21.09,,23.13,23.13,1.0075,1.0075,0.8256,0
329,22,0.00,0.00,0.00,0.00,0.00,0.00,0.00,,21.09,,21.94,21.94,1.0122,1.0122,0.8256,0
329,23,0.00,0.00,0.00,0.00,0.00,0.00,0.00,,21.09,,21.79,21.79,1.0128,1.0128,0.8256,0
329,24,0.00,0.00,0.00,0.00,0.00,0.00,0.00,,21.09,,21.15,21.15,1.0154,1.0154,0.8256,0
330,1,0.00,0.00,0.00,0.00,0.00,0.00,0.00,,21.15,,21.02,21.02,1.0159,1.0159,0.8256,0
330,2,0.00,0.00,0.00,0.00,0.00,0.00,0.00,,21.15,,20.83,20.83,1.0167,1.0167,0.8256,0
330,3,0.00,0.00,0.00,0.00,0.00,0.00,0.00,,21.15,,20.28,20.28,1.0189,1.0189,0.8256,0
330,4,0.00,0.00,0.00,0.00,0.00,0.00,0.00,,21.15,,20.21,20.21,1.0192,1.0192,0.8256,0
330,5,0.00,0.00,0.00,0.00,0.00,0.00,0.00,,21.15,,20.02,20.02,1.0199,1.0199,0.8256,0
330,6,0.00,0.00,0.00,0.00,0.00,0.00,0.00,,21.15,,19.82,19.82,1.0207,1.0207,0.8256,0
330,7,38.85,0.00,0.16,0.13,0.16,0.13,0.00,,21.15,,20.97,20.97,1.0161,1.0161,0.8256,0
330,8,77.09,0.02,0.31,0.26,0.31,0.26,0.03,1440.00,21.15,21.17,22.13,21.98,1.0115,1.0121,0.8256,0
330,9,306.38,0.16,1.23,1.01,1.20,0.99,1.01,1440.00,21.15,21.75,29.20,24.42,0.9832,1.0023,0.8256,0
330,10,572.64,0.20,2.27,1.87,2.17,1.79,2.28,1440.00,21.15,22.51,38.01,27.18,0.9479,0.9913,0.8256,0
330,11,752.73,0.20,2.96,2.45,2.79,2.30,3.04,1440.00,21.15,22.97,43.50,29.07,0.9260,0.9837,0.8256,1
330,12,874.46,0.21,3.42,2.83,3.18,2.62,3.72,1440.00,21.15,23.37,47.86,30.21,0.9086,0.9792,0.8256,1
330,13,895.51,0.22,3.50,2.89,3.24,2.68,3.88,1440.00,21.15,23.47,48.79,30.38,0.9048,0.9785,0.8256,1
330,14,899.68,0.22,3.52,2.91,3.26,2.69,3.91,1440.00,21.15,23.49,48.79,30.23,0.9049,0.9791,0.8256,1
330,15,842.63,0.22,3.31,2.73,3.07,2.54,3.74,1440.00,21.15,23.39,47.11,29.34,0.9116,0.9826,0.8256,1
330,16,597.66,0.21,2.37,1.96,2.26,1.86,2.50,1440.00,21.15,22.64,39.05,27.18,0.9438,0.9913,0.8256,1
330,17,481.38,0.20,1.91,1.58,1.84,1.52,1.94,1440.00,21.15,22.31,35.59,26.40,0.9576,0.9944,0.8256,1
330,18,218.94,0.16,0.88,0.73,0.87,0.72,0.70,1440.00,21.15,21.57,26.79,23.49,0.9928,1.0060,0.8256,0
330,19,104.06,0.06,0.42,0.35,0.42,0.35,0.13,1440.00,21.15,21.23,22.82,22.20,1.0087,1.0112,0.8256,0
330,20,13.36,0.00,0.05,0.04,0.05,0.04,0.00,,21.15,,20.14,20.14,1.0195,1.0195,0.8256,0
330,21,0.00,0.00,0.00,0.00,0.00,0.00,0.00,,21.15,,20.05,20.05,1.0198,1.0198,0.8256,0
330,22,0.00,0.00,0.00,0.00,0.00,0.00,0.00,,21.15,,19.58,19.58,1.0217,1.0217,0.8256,0
330,23,0.00,0.00,0.00,0.00,0.00,0.00,0.00,,21.15,,19.60,19.60,1.0216,1.0216,0.8256,0
330,24,0.00,0.00,0.00,0.00,0.00,0.00,0.00,,21.15,,19.17,19.17,1.0233,1.0233,0.8256,0
331,1,0.00,0.00,0.00,0.00,0.00,0.00,0.00,,21.21,,19.00,19.00,1.0240,1.0240,0.8256,0
331,2,0.00,0.00,0.00,0.00,0.00,0.00,0.00,,21.21,,18.86,18.86,1.0246,1.0246,0.8256,0
331,3,0.00,0.00,0.00,0.00,0.00,0.00,0.00,,21.21,,18.45,18.45,1.0262,1.0262,0.8256,0
331,4,0.00,0.00,0.00,0.00,0.00,0.00,0.00,,21.21,,18.46,18.46,1.0262,1.0262,0.8256,0
331,5,0.00,0.00,0.00,0.00,0.00,0.00,0.00,,21.21,,18.39,18.39,1.0264,1.0264,0.8256,0
331,6,0.00,0.00,0.00,0.00,0.00,0.00,0.00,,21.21,,18.32,18.32,1.0267,1.0267,0.8256,0
331,7,40.74,0.00,0.17,0.14,0.17,0.14,0.00,,21.21,,19.60,19.60,1.0216,1.0216,0.8256,0
331,8,87.45,0.00,0.36,0.29,0.36,0.29,0.00,,21.21,,21.09,21.09,1.0156,1.0156,0.8256,0
331,9,330.18,0.17,1.33,1.10,1.30,1.07,1.11,1440.00,21.21,21.88,28.82,23.56,0.9847,1.0058,0.8256,0
331,10,518.10,0.22,2.07,1.71,1.98,1.64,2.25,1440.00,21.21,22.56,35.69,25.01,0.9572,1.0000,0.8256,0
331,11,583.56,0.22,2.33,1.92,2.21,1.83,2.55,1440.00,21.21,22.74,37.78,25.67,0.9489,0.9973,0.8256,1
331,12,672.87,0.22,2.67,2.21,2.52,2.08,2.96,1440.00,21.21,22.98,40.91,26.86,0.9364,0.9926,0.8256,1
331,13,723.39,0.23,2.86,2.36,2.68,2.21,3.30,1440.00,21.21,23.19,43.25,27.55,0.9270,0.9898,0.8256,1
331,14,548.97,0.22,2.19,1.80,2.08,1.72,2.45,1440.00,21.21,22.68,37.76,26.14,0.9490,0.9954,0.8256,1
331,15,528.15,0.22,2.10,1.74,2.01,1.66,2.37,1440.00,21.21,22.63,37.30,26.07,0.9508,0.9957,0.8256,1
331,16,456.59,0.22,1.82,1.50,1.75,1.45,2.01,1440.00,21.21,22.41,35.01,25.48,0.9600,0.9981,0.8256,1
331,17,496.45,0.22,1.98,1.63,1.90,1.56,2.21,1440.00,21.21,22.54,36.38,25.88,0.9545,0.9965,0.8256,1
331,18,259.91,0.21,1.04,0.86,1.02,0.84,1.09,1440.00,21.21,21.87,28.90,23.71,0.9844,1.0051,0.8256,0
331,19,107.79,0.19,0.44,0.36,0.43,0.36,0.41,1440.00,21.21,21.46,24.29,22.34,1.0028,1.0107,0.8256,0
331,20,12.71,0.01,0.05,0.04,0.05,0.04,0.00,1440.00,21.21,21.22,21.36,21.34,1.0146,1.0146,0.8256,0
331,21,0.00,0.00,0.00,0.00,0.00,0.00,0.00,,21.21,,21.03,21.03,1.0159,1.0159,0.8256,0
331,22,0.00,0.00,0.00,0.00,0.00,0.00,0.00,,21.21,,20.73,20.73,1.0171,1.0171,0.8256,0
331,23,0.00,0.00,0.00,0.00,0.00,0.00,0.00,,21.21,,20.70,20.70,1.0172,1.0172,0.8256,0
331,24,0.00,0.00,0.00,0.00,0.00,0.00,0.00,,21.21,,20.57,20.57,1.0177,1.0177,0.8256,0
332,1,0.00,0.00,0.00,0.00,0.00,0.00,0.00,,21.28,,20.63,20.63,1.0175,1.0175,0.8256,0
332,2,0.00,0.00,0.00,0.00,0.00,0.00,0.00,,21.28,,20.56,20.56,1.0178,1.0178,0.8256,0
332,3,0.00,0.00,0.00,0.00,0.00,0.00,0.00,,21.28,,20.37,20.37,1.0185,1.0185,0.8256,0
332,4,0.00,0.00,0.00,0.00,0.00,0.00,0.00,,21.28,,20.34,20.34,1.0186,1.0186,0.8256,0
332,5,0.00,0.00,0.00,0.00,0.00,0.00,0.00,,21.28,,20.42,20.42,1.0183,1.0183,0.8256,0
332,6,0.00,0.00,0.00,0.00,0.00,0.00,0.00,,21.28,,20.01,20.01,1.0200,1.0200,0.8256,0
332,7,38.28,0.00,0.16,0.13,0.16,0.13,0.00,,21.28,,21.21,21.21,1.0152,1.0152,0.8256,0
332,8,81.68,0.11,0.33,0.27,0.33,0.27,0.18,1440.00,21.28,21.39,22.66,21.79,1.0094,1.0128,0.8256,0
332,9,407.83,0.24,1.64,1.35,1.58,1.30,1.93,1440.00,21.28,22.43,33.03,23.87,0.9679,1.0045,0.8256,0
332,10,642.91,0.27,2.56,2.12,2.40,1.98,3.43,1440.00,21.28,23.32,41.98,25.71,0.9321,0.9971,0.8256,0
332,11,834.52,0.27,3.31,2.74,3.03,2.50,4.52,1440.00,21.28,23.98,48.30,26.81,0.9068,0.9928,0.8256,1
332,12,967.38,0.29,3.83,3.16,3.42,2.82,5.63,1440.00,21.28,24.64,54.18,27.44,0.8833,0.9903,0.8256,1
332,13,1024.97,0.30,4.05,3.34,3.57,2.95,6.12,1440.00,21.28,24.94,57.27,28.18,0.8709,0.9873,0.8256,1
332,14,984.27,0.29,3.88,3.20,3.45,2.85,5.74,1440.00,21.28,24.71,55.97,28.69,0.8761,0.9852,0.8256,1
332,15,796.75,0.30,3.15,2.60,2.86,2.36,4.74,1440.00,21.28,24.11,50.34,27.83,0.8986,0.9887,0.8256,1
332,16,542.23,0.33,2.16,1.78,2.02,1.66,3.55,1440.00,21.28,23.40,42.67,25.80,0.9293,0.9968,0.8256,1
332,17,324.02,0.38,1.30,1.07,1.24,1.03,2.45,1440.00,21.28,22.74,35.49,23.84,0.9581,1.0046,0.8256,1
332,18,292.57,0.40,1.18,0.97,1.12,0.93,2.34,1440.00,21.28,22.67,35.08,23.98,0.9597,1.0041,0.8256,0
332,19,109.32,0.73,0.44,0.36,0.43,0.35,1.59,1440.00,21.28,22.23,29.79,22.24,0.9809,1.0110,0.8256,0
332,20,14.53,1.00,0.06,0.05,0.06,0.05,0.29,1440.00,21.28,21.45,26.38,25.00,0.9945,1.0000,0.8256,0
332,21,0.00,0.00,0.00,0.00,0.00,0.00,0.00,,21.28,,25.36,25.36,0.9986,0.9986,0.8256,0
332,22,0.00,0.00,0.00,0.00,0.00,0.00,0.00,,21.28,,25.37,25.37,0.9985,0.9985,0.8256,0
332,23,0.00,0.00,0.00,0.00,0.00,0.00,0.00,,21.28,,25.43,25.43,0.9983,0.9983,0.8256,0
332,24,0.00,0.00,0.00,0.00,0.00,0.00,0.00,,21.28,,24.35,24.35,1.0026,1.0026,0.8256,0
333,1,0.00,0.00,0.00,0.00,0.00,0.00,0.00,,21.34,,24.11,24.11,1.0036,1.0036,0.8256,0
333,2,0.00,0.00,0.00,0.00,0.00,0.00,0.00,,21.34,,23.83,23.83,1.0047,1.0047,0.8256,0
333,3,0.00,0.00,0.00,0.00,0.00,0.00,0.00,,21.34,,23.29,23.29,1.0068,1.0068,0.8256,0
333,4,0.00,0.00,0.00,0.00,0.00,0.00,0.00,,21.34,,23.11,23.11,1.0076,1.0076,0.8256,0
333,5,0.00,0.00,0.00,0.00,0.00,0.00,0.00,,21.34,,22.08,22.08,1.0117,1.0117,0.8256,0
333,6,0.00,0.00,0.00,0.00,0.00,0.00,0.00,,21.34,,21.28,21.28,1.0149,1.0149,0.8256,0
333,7,40.03,0.18,0.16,0.13,0.16,0.13,0.14,1440.00,21.34,21.42,22.21,21.54,1.0112,1.0138,0.8256,0
333,8,72.31,0.22,0.29,0.24,0.29,0.24,0.31,1440.00,21.34,21.52,23.25,21.76,1.0070,1.0129,0.8256,0
333,9,401.26,0.26,1.61,1.33,1.55,1.28,2.12,1440.00,21.34,22.60,34.01,23.95,0.9640,1.0042,0.8256,0
333,10,625.46,0.30,2.49,2.05,2.31,1.91,3.75,1440.00,21.34,23.58,44.12,26.32,0.9235,0.9947,0.8256,0
333,11,706.55,0.23,2.77,2.29,2.59,2.14,3.29,1440.00,21.34,23.30,45.75,30.13,0.9170,0.9795,0.8256,1
333,12,962.57,0.19,3.72,3.07,3.45,2.85,3.73,1440.00,21.34,23.57,51.23,33.51,0.8951,0.9659,0.8256,1
333,13,983.22,0.19,3.79,3.13,3.51,2.90,3.69,1440.00,21.34,23.55,51.59,34.04,0.8937,0.9638,0.8256,1
333,14,992.48,0.17,3.81,3.14,3.55,2.93,3.39,1440.00,21.34,23.36,51.19,35.11,0.8952,0.9596,0.8256,1
333,15,897.59,0.16,3.46,2.86,3.26,2.69,2.94,1440.00,21.34,23.10,47.72,33.75,0.9091,0.9650,0.8256,1
333,16,704.33,0.15,2.75,2.27,2.63,2.17,2.17,1440.00,21.34,22.63,41.56,31.27,0.9338,0.9749,0.8256,1
333,17,484.53,0.14,1.91,1.58,1.86,1.54,1.34,1440.00,21.34,22.14,34.75,28.40,0.9610,0.9864,0.8256,1
333,18,254.52,0.07,1.02,0.84,1.01,0.83,0.38,1440.00,21.34,21.56,26.82,25.03,0.9927,0.9999,0.8256,0
333,19,111.65,0.00,0.45,0.37,0.45,0.37,0.00,,21.34,,21.66,21.66,1.0134,1.0134,0.8256,0
333,20,11.35,0.00,0.05,0.04,0.05,0.04,0.00,,21.34,,18.22,18.22,1.0271,1.0271,0.8256,0
333,21,0.00,0.00,0.00,0.00,0.00,0.00,0.00,,21.34,,17.79,17.79,1.0288,1.0288,0.8256,0
333,22,0.00,0.00,0.00,0.00,0.00,0.00,0.00,,21.34,,17.09,17.09,1.0316,1.0316,0.8256,0
333,23,0.00,0.00,0.00,0.00,0.00,0.00,0.00,,21.34,,17.03,17.03,1.0319,1.0319,0.8256,0
333,24,0.00,0.00,0.00,0.00,0.00,0.00,0.00,,21.34,,16.69,16.69,1.0332,1.0332,0.8256,0
334,1,0.00,0.00,0.00,0.00,0.00,0.00,0.00,,21.40,,16.65,16.65,1.0334,1.0334,0.8256,0
334,2,0.00,0.00,0.00,0.00,0.00,0.00,0.00,,21.40,,16.54,16.54,1.0338,1.0338,0.8256,0
334,3,0.00,0.00,0.00,0.00,0.00,0.00,0.00,,21.40,,16.02,16.02,1.0359,1.0359,0.8256,0
334,4,0.00,0.00,0.00,0.00,0.00,0.00,0.00,,21.40,,15.87,15.87,1.0365,1.0365,0.8256,0
334,5,0.00,0.00,0.00,0.00,0.00,0.00,0.00,,21.40,,15.84,15.84,1.0366,1.0366,0.8256,0
334,6,0.00,0.00,0.00,0.00,0.00,0.00,0.00,,21.40,,15.57,15.57,1.0377,1.0377,0.8256,0
334,7,51.86,0.00,0.21,0.18,0.21,0.18,0.00,,21.40,,17.19,17.19,1.0312,1.0312,0.8256,0
334,8,117.35,0.00,0.48,0.40,0.48,0.40,0.00,,21.40,,19.33,19.33,1.0227,1.0227,0.8256,0
334,9,250.97,0.03,1.01,0.84,1.01,0.83,0.15,1440.00,21.40,21.49,23.58,22.86,1.0057,1.0085,0.8256,0
334,10,484.74,0.19,1.95,1.61,1.88,1.55,1.82,1440.00,21.40,22.48,32.39,23.76,0.9704,1.0050,0.8256,0
334,11,756.33,0.22,3.02,2.49,2.83,2.34,3.26,1440.00,21.40,23.35,40.98,25.49,0.9361,0.9980,0.8256,1
334,12,769.80,0.22,3.07,2.53,2.87,2.37,3.39,1440.00,21.40,23.42,42.22,26.13,0.9311,0.9955,0.8256,1
334,13,817.04,0.23,3.24,2.68,3.01,2.49,3.72,1440.00,21.40,23.62,44.59,26.95,0.9216,0.9922,0.8256,1
334,14,760.32,0.22,3.01,2.49,2.82,2.33,3.28,1440.00,21.40,23.36,42.81,27.25,0.9288,0.9910,0.8256,1
334,15,723.94,0.21,2.87,2.37,2.70,2.23,3.08,1440.00,21.40,23.24,42.07,27.43,0.9317,0.9903,0.8256,1
334,16,669.56,0.21,2.65,2.19,2.51,2.07,2.78,1440.00,21.40,23.06,40.48,27.27,0.9381,0.9909,0.8256,1
334,17,502.47,0.20,2.00,1.65,1.93,1.59,2.00,1440.00,21.40,22.59,35.38,25.88,0.9585,0.9965,0.8256,1
334,18,233.74,0.14,0.94,0.78,0.93,0.77,0.65,1440.00,21.40,21.79,26.68,23.61,0.9933,1.0056,0.8256,0
334,19,109.93,0.02,0.44,0.37,0.44,0.37,0.05,1440.00,21.40,21.43,22.76,22.52,1.0090,1.0099,0.8256,0
334,20,19.52,0.00,0.08,0.07,0.08,0.07,0.00,,21.40,,19.98,19.98,1.0201,1.0201,0.8256,0
334,21,0.00,0.00,0.00,0.00,0.00,0.00,0.00,,21.40,,19.63,19.63,1.0215,1.0215,0.8256,0
334,22,0.00,0.00,0.00,0.00,0.00,0.00,0.00,,21.40,,19.07,19.07,1.0237,1.0237,0.8256,0
334,23,0.00,0.00,0.00,0.00,0.00,0.00,0.00,,21.40,,19.17,19.17,1.0233,1.0233,0.8256,0
334,24,0.00,0.00,0.00,0.00,0.00,0.00,0.00,,21.40,,18.89,18.89,1.0244,1.0244,0.8256,0
335,1,0.00,0.00,0.00,0.00,0.00,0.00,0.00,,21.46,,18.91,18.91,1.0244,1.0244,0.8256,0
335,2,0.00,0.00,0.00,0.00,0.00,0.00,0.00,,21.46,,18.86,18.86,1.0246,1.0246,0.8256,0
335,3,0.00,0.00,0.00,0.00,0.00,0.00,0.00,,21.46,,18.31,18.31,1.0268,1.0268,0.8256,0
335,4,0.00,0.00,0.00,0.00,0.00,0.00,0.00,,21.46,,17.94,17.94,1.0282,1.0282,0.8256,0
335,5,0.00,0.00,0.00,0.00,0.00,0.00,0.00,,21.46,,18.33,18.33,1.0267,1.0267,0.8256,0
335,6,0.00,0.00,0.00,0.00,0.00,0.00,0.00,,21.46,,18.72,18.72,1.0251,1.0251,0.8256,0
335,7,59.67,0.00,0.24,0.20,0.24,0.20,0.00,,21.46,,20.97,20.97,1.0161,1.0161,0.8256,0
335,8,120.15,0.07,0.49,0.40,0.48,0.40,0.17,1440.00,21.46,21.56,23.25,22.46,1.0070,1.0102,0.8256,0
335,9,396.54,0.20,1.59,1.31,1.54,1.27,1.58,1440.00,21.46,22.40,32.28,24.75,0.9709,1.0010,0.8256,0
335,10,607.39,0.22,2.41,1.99,2.29,1.89,2.68,1440.00,21.46,23.06,39.26,26.51,0.9430,0.9939,0.8256,0
335,11,726.79,0.23,2.88,2.38,2.69,2.22,3.34,1440.00,21.46,23.46,43.38,27.51,0.9265,0.9900,0.8256,1
335,12,960.57,0.24,3.77,3.12,3.44,2.84,4.55,1440.00,21.46,24.18,51.08,29.46,0.8957,0.9822,0.8256,1
335,13,984.08,0.24,3.86,3.19,3.51,2.90,4.75,1440.00,21.46,24.29,52.20,29.66,0.8912,0.9814,0.8256,1
335,14,910.32,0.25,3.58,2.96,3.27,2.70,4.47,1440.00,21.46,24.13,50.29,29.05,0.8989,0.9838,0.8256,1
335,15,729.54,0.25,2.89,2.38,2.68,2.22,3.68,1440.00,21.46,23.66,45.02,27.54,0.9199,0.9898,0.8256,1
335,16,571.22,0.26,2.27,1.88,2.14,1.77,3.00,1440.00,21.46,23.25,40.46,26.22,0.9382,0.9951,0.8256,1
335,17,479.03,0.28,1.91,1.58,1.82,1.50,2.64,1440.00,21.46,23.03,37.97,25.46,0.9481,0.9982,0.8256,1
335,18,320.50,0.30,1.29,1.06,1.24,1.02,1.95,1440.00,21.46,22.62,33.41,24.14,0.9664,1.0035,0.8256,0
335,19,111.45,0.46,0.45,0.37,0.44,0.36,1.03,1440.00,21.46,22.07,27.26,22.39,0.9909,1.0104,0.8256,0
335,20,14.93,0.87,0.06,0.05,0.06,0.05,0.26,1440.00,21.46,21.61,22.83,21.59,1.0087,1.0136,0.8256,0
335,21,0.00,0.00,0.00,0.00,0.00,0.00,0.00,,21.46,,22.39,22.39,1.0104,1.0104,0.8256,0
335,22,0.00,0.00,0.00,0.00,0.00,0.00,0.00,,21.46,,21.85,21.85,1.0126,1.0126,0.8256,0
335,23,0.00,0.00,0.00,0.00,0.00,0.00,0.00,,21.46,,21.52,21.52,1.0139,1.0139,0.8256,0
335,24,0.00,0.00,0.00,0.00,0.00,0.00,0.00,,21.46,,20.74,20.74,1.0170,1.0170,0.8256,0
336,1,0.00,0.00,0.00,0.00,0.00,0.00,0.00,,21.52,,20.81,20.81,1.0168,1.0168,0.8256,0
336,2,0.00,0.00,0.00,0.00,0.00,0.00,0.00,,21.52,,20.76,20.76,1.0170,1.0170,0.8256,0
336,3,0.00,0.00,0.00,0.00,0.00,0.00,0.00,,21.52,,19.77,19.77,1.0209,1.0209,0.8256,0
336,4,0.00,0.00,0.00,0.00,0.00,0.00,0.00,,21.52,,19.91,19.91,1.0204,1.0204,0.8256,0
336,5,0.00,0.00,0.00,0.00,0.00,0.00,0.00,,21.52,,19.98,19.98,1.0201,1.0201,0.8256,0
336,6,0.00,0.00,0.00,0.00,0.00,0.00,0.00,,21.52,,19.95,19.95,1.0202,1.0202,0.8256,0
336,7,44.01,0.00,0.18,0.15,0.18,0.15,0.00,,21.52,,21.38,21.38,1.0145,1.0145,0.8256,0
336,8,136.80,0.14,0.55,0.46,0.55,0.45,0.39,1440.00,21.52,21.75,24.36,22.50,1.0026,1.0100,0.8256,0
336,9,274.35,0.22,1.10,0.91,1.08,0.89,1.18,1440.00,21.52,22.22,28.92,23.31,0.9843,1.0068,0.8256,0
336,10,443.40,0.26,1.78,1.47,1.70,1.40,2.34,1440.00,21.52,22.92,35.65,24.53,0.9574,1.0019,0.8256,0
336,11,650.64,0.25,2.58,2.13,2.42,2.00,3.26,1440.00,21.52,23.47,42.19,26.70,0.9312,0.9932,0.8256,1
336,12,778.92,0.26,3.08,2.54,2.84,2.35,3.99,1440.00,21.52,23.90,46.91,27.97,0.9124,0.9881,0.8256,1
336,13,926.51,0.26,3.64,3.01,3.30,2.72,4.90,1440.00,21.52,24.45,52.63,29.34,0.8895,0.9826,0.8256,1
336,14,941.05,0.27,3.70,3.05,3.34,2.76,5.01,1440.00,21.52,24.51,53.36,29.56,0.8866,0.9818,0.8256,1
336,15,657.49,0.28,2.60,2.15,2.42,2.00,3.71,1440.00,21.52,23.73,45.10,27.49,0.9196,0.9901,0.8256,1
336,16,569.08,0.28,2.26,1.86,2.12,1.75,3.13,1440.00,21.52,23.39,42.10,27.23,0.9316,0.9911,0.8256,1
336,17,180.89,0.34,0.73,0.60,0.71,0.59,1.22,1440.00,21.52,22.25,29.25,23.44,0.9830,1.0062,0.8256,1
336,18,226.12,0.28,0.91,0.75,0.89,0.73,1.28,1440.00,21.52,22.28,30.05,23.98,0.9798,1.0041,0.8256,0
336,19,84.46,0.38,0.34,0.28,0.34,0.28,0.64,1440.00,21.52,21.90,25.44,22.38,0.9982,1.0105,0.8256,0
336,20,14.23,1.00,0.06,0.05,0.06,0.05,0.28,1440.00,21.52,21.69,23.26,21.91,1.0069,1.0123,0.8256,0
336,21,0.00,0.00,0.00,0.00,0.00,0.00,0.00,,21.52,,22.73,22.73,1.0091,1.0091,0.8256,0
336,22,0.00,0.00,0.00,0.00,0.00,0.00,0.00,,21.52,,20.76,20.76,1.0170,1.0170,0.8256,0
336,23,0.00,0.00,0.00,0.00,0.00,0.00,0.00,,21.52,,20.21,20.21,1.0192,1.0192,0.8256,0
336,24,0.00,0.00,0.00,0.00,0.00,0.00,0.00,,21.52,,20.19,20.19,1.0192,1.0192,0.8256,0
337,1,0.00,0.00,0.00,0.00,0.00,0.00,0.00,,21.57,,20.26,20.26,1.0190,1.0190,0.8256,0
337,2,0.00,0.00,0.00,0.00,0.00,0.00,0.00,,21.57,,20.15,20.15,1.0194,1.0194,0.8256,0
337,3,0.00,0.00,0.00,0.00,0.00,0.00,0.00,,21.57,,19.17,19.17,1.0233,1.0233,0.8256,0
337,4,0.00,0.00,0.00,0.00,0.00,0.00,0.00,,21.57,,18.34,18.34,1.0266,1.0266,0.8256,0
337,5,0.00,0.00,0.00,0.00,0.00,0.00,0.00,,21.57,,17.71,17.71,1.0292,1.0292,0.8256,0
337,6,0.00,0.00,0.00,0.00,0.00,0.00,0.00,,21.57,,17.05,17.05,1.0318,1.0318,0.8256,0
337,7,45.78,0.00,0.19,0.16,0.19,0.16,0.00,,21.57,,18.37,18.37,1.0265,1.0265,0.8256,0
337,8,66.30,0.00,0.27,0.22,0.27,0.22,0.00,,21.57,,19.13,19.13,1.0235,1.0235,0.8256,0
337,9,419.54,0.12,1.68,1.38,1.64,1.36,1.04,1440.00,21.57,22.20,30.41,25.45,0.9784,0.9982,0.8256,0
337,10,660.12,0.20,2.61,2.16,2.48,2.05,2.64,1440.00,21.57,23.15,39.99,27.43,0.9400,0.9903,0.8256,0
337,11,854.16,0.21,3.36,2.77,3.12,2.57,3.67,1440.00,21.57,23.76,46.83,29.42,0.9127,0.9823,0.8256,1
337,12,987.53,0.23,3.85,3.18,3.52,2.90,4.50,1440.00,21.57,24.26,52.43,31.07,0.8903,0.9757,0.8256,1
337,13,997.67,0.24,3.89,3.21,3.53,2.91,4.71,1440.00,21.57,24.39,53.85,31.49,0.8846,0.9740,0.8256,1
337,14,808.17,0.24,3.17,2.62,2.93,2.42,3.90,1440.00,21.57,23.90,48.29,29.77,0.9069,0.9809,0.8256,1
337,15,661.95,0.25,2.61,2.16,2.45,2.02,3.25,1440.00,21.57,23.52,43.93,28.47,0.9243,0.9861,0.8256,1
337,16,590.56,0.25,2.34,1.93,2.20,1.82,2.97,1440.00,21.57,23.35,41.77,27.69,0.9329,0.9892,0.8256,1
337,17,457.39,0.26,1.82,1.50,1.74,1.43,2.41,1440.00,21.57,23.01,37.67,26.24,0.9493,0.9950,0.8256,1
337,18,326.58,0.28,1.31,1.08,1.26,1.04,1.84,1440.00,21.57,22.67,33.59,24.85,0.9657,1.0006,0.8256,0
337,19,146.94,0.34,0.59,0.49,0.58,0.48,1.01,1440.00,21.57,22.18,27.77,22.99,0.9889,1.0081,0.8256,0
337,20,16.39,1.00,0.07,0.05,0.07,0.05,0.33,1440.00,21.57,21.77,23.34,21.79,1.0066,1.0129,0.8256,0
337,21,0.00,0.00,0.00,0.00,0.00,0.00,0.00,,21.57,,22.46,22.46,1.0102,1.0102,0.8256,0
337,22,0.00,0.00,0.00,0.00,0.00,0.00,0.00,,21.57,,20.79,20.79,1.0168,1.0168,0.8256,0
337,23,0.00,0.00,0.00,0.00,0.00,0.00,0.00,,21.57,,20.48,20.48,1.0181,1.0181,0.8256,0
337,24,0.00,0.00,0.00,0.00,0.00,0.00,0.00,,21.57,,19.44,19.44,1.0222,1.0222,0.8256,0
338,1,0.00,0.00,0.00,0.00,0.00,0.00,0.00,,21.63,,19.29,19.29,1.0228,1.0228,0.8256,0
338,2,0.00,0.00,0.00,0.00,0.00,0.00,0.00,,21.63,,18.94,18.94,1.0242,1.0242,0.8256,0
338,3,0.00,0.00,0.00,0.00,0.00,0.00,0.00,,21.63,,18.23,18.23,1.0271,1.0271,0.8256,0
338,4,0.00,0.00,0.00,0.00,0.00,0.00,0.00,,21.63,,17.93,17.93,1.0283,1.0283,0.8256,0
338,5,0.00,0.00,0.00,0.00,0.00,0.00,0.00,,21.63,,17.58,17.58,1.0297,1.0297,0.8256,0
338,6,0.00,0.00,0.00,0.00,0.00,0.00,0.00,,21.63,,17.11,17.11,1.0316,1.0316,0.8256,0
338,7,44.99,0.00,0.18,0.15,0.18,0.15,0.00,,21.63,,18.32,18.32,1.0267,1.0267,0.8256,0
338,8,66.86,0.00,0.27,0.23,0.27,0.23,0.00,,21.63,,19.13,19.13,1.0235,1.0235,0.8256,0
338,9,417.97,0.13,1.67,1.38,1.63,1.35,1.07,1440.00,21.63,22.27,30.59,25.52,0.9776,0.9979,0.8256,0
338,10,657.58,0.21,2.60,2.15,2.46,2.04,2.80,1440.00,21.63,23.30,40.72,27.43,0.9371,0.9903,0.8256,0
338,11,853.07,0.23,3.36,2.77,3.10,2.56,3.97,1440.00,21.63,24.00,47.69,28.83,0.9092,0.9847,0.8256,1
338,12,987.24,0.26,3.88,3.20,3.50,2.89,5.06,1440.00,21.63,24.65,53.53,29.50,0.8859,0.9820,0.8256,1
338,13,1051.02,0.28,4.13,3.41,3.66,3.02,5.82,1440.00,21.63,25.11,57.13,29.50,0.8715,0.9820,0.8256,1
338,14,1036.13,0.29,4.08,3.37,3.61,2.98,6.00,1440.00,21.63,25.21,57.15,28.67,0.8714,0.9853,0.8256,1
338,15,946.33,0.30,3.74,3.09,3.33,2.75,5.71,1440.00,21.63,25.04,55.01,27.90,0.8799,0.9884,0.8256,1
338,16,790.23,0.30,3.13,2.59,2.85,2.35,4.80,1440.00,21.63,24.50,49.96,27.16,0.9001,0.9914,0.8256,1
338,17,587.36,0.32,2.34,1.93,2.17,1.80,3.76,1440.00,21.63,23.87,43.65,25.81,0.9254,0.9968,0.8256,1
338,18,362.72,0.37,1.46,1.20,1.38,1.14,2.67,1440.00,21.63,23.22,36.95,24.27,0.9522,1.0029,0.8256,0
338,19,149.27,0.56,0.60,0.50,0.58,0.48,1.66,1440.00,21.63,22.62,30.63,22.75,0.9775,1.0090,0.8256,0
338,20,17.03,1.00,0.07,0.06,0.07,0.06,0.34,1440.00,21.63,21.83,26.62,25.00,0.9935,1.0000,0.8256,0
338,21,0.00,0.00,0.00,0.00,0.00,0.00,0.00,,21.63,,26.15,26.15,0.9954,0.9954,0.8256,0
338,22,0.00,0.00,0.00,0.00,0.00,0.00,0.00,,21.63,,24.73,24.73,1.0011,1.0011,0.8256,0
338,23,0.00,0.00,0.00,0.00,0.00,0.00,0.00,,21.63,,24.27,24.27,1.0029,1.0029,0.8256,0
338,24,0.00,0.00,0.00,0.00,0.00,0.00,0.00,,21.63,,23.38,23.38,1.0065,1.0065,0.8256,0
339,1,0.00,0.00,0.00,0.00,0.00,0.00,0.00,,21.69,,23.35,23.35,1.0066,1.0066,0.8256,0
339,2,0.00,0.00,0.00,0.00,0.00,0.00,0.00,,21.69,,23.41,23.41,1.0064,1.0064,0.8256,0
339,3,0.00,0.00,0.00,0.00,0.00,0.00,0.00,,21.69,,23.30,23.30,1.0068,1.0068,0.8256,0
339,4,0.00,0.00,0.00,0.00,0.00,0.00,0.00,,21.69,,23.23,23.23,1.0071,1.0071,0.8256,0
339,5,0.00,0.00,0.00,0.00,0.00,0.00,0.00,,21.69,,22.97,22.97,1.0081,1.0081,0.8256,0
339,6,0.00,0.00,0.00,0.00,0.00,0.00,0.00,,21.69,,22.21,22.21,1.0112,1.0112,0.8256,0
339,7,41.15,0.29,0.17,0.14,0.17,0.14,0.24,1440.00,21.69,21.83,23.24,22.09,1.0071,1.0117,0.8256,0
339,8,75.38,0.29,0.30,0.25,0.30,0.25,0.44,1440.00,21.69,21.95,24.46,22.39,1.0022,1.0105,0.8256,0
339,9,408.11,0.25,1.63,1.35,1.57,1.29,2.06,1440.00,21.69,22.92,35.09,25.31,0.9596,0.9988,0.8256,0
339,10,588.38,0.30,2.34,1.93,2.18,1.80,3.49,1440.00,21.69,23.77,43.01,26.43,0.9280,0.9943,0.8256,0
339,11,765.25,0.30,3.04,2.51,2.77,2.29,4.54,1440.00,21.69,24.40,48.66,27.08,0.9053,0.9917,0.8256,1
339,12,862.32,0.31,3.43,2.83,3.07,2.54,5.38,1440.00,21.69,24.90,52.21,26.67,0.8912,0.9933,0.8256,1
339,13,863.98,0.33,3.44,2.84,3.06,2.53,5.79,1440.00,21.69,25.14,53.65,26.17,0.8854,0.9953,0.8256,1
339,14,954.15,0.32,3.78,3.12,3.34,2.76,6.02,1440.00,21.69,25.28,56.30,27.71,0.8748,0.9892,0.8256,1
339,15,903.77,0.30,3.56,2.94,3.19,2.64,5.38,1440.00,21.69,24.90,54.18,28.64,0.8833,0.9854,0.8256,1
339,16,764.97,0.29,3.02,2.49,2.76,2.28,4.41,1440.00,21.69,24.32,49.41,28.47,0.9024,0.9861,0.8256,1
339,17,571.97,0.30,2.27,1.87,2.12,1.75,3.41,1440.00,21.69,23.73,43.09,26.88,0.9276,0.9925,0.8256,1
339,18,344.53,0.29,1.38,1.14,1.33,1.10,2.02,1440.00,21.69,22.89,34.38,24.80,0.9625,1.0008,0.8256,0
339,19,137.76,0.29,0.56,0.46,0.55,0.45,0.80,1440.00,21.69,22.16,26.74,22.93,0.9931,1.0083,0.8256,0
339,20,18.55,0.59,0.08,0.06,0.07,0.06,0.22,1440.00,21.69,21.82,22.89,21.85,1.0084,1.0126,0.8256,0
339,21,0.00,0.00,0.00,0.00,0.00,0.00,0.00,,21.69,,22.32,22.32,1.0107,1.0107,0.8256,0
339,22,0.00,0.00,0.00,0.00,0.00,0.00,0.00,,21.69,,21.29,21.29,1.0148,1.0148,0.8256,0
339,23,0.00,0.00,0.00,0.00,0.00,0.00,0.00,,21.69,,21.34,21.34,1.0146,1.0146,0.8256,0
339,24,0.00,0.00,0.00,0.00,0.00,0.00,0.00,,21.69,,21.00,21.00,1.0160,1.0160,0.8256,0
340,1,0.00,0.00,0.00,0.00,0.00,0.00,0.00,,21.74,,20.93,20.93,1.0163,1.0163,0.8256,0
340,2,0.00,0.00,0.00,0.00,0.00,0.00,0.00,,21.74,,20.82,20.82,1.0167,1.0167,0.8256,0
340,3,0.00,0.00,0.00,0.00,0.00,0.00,0.00,,21.74,,20.63,20.63,1.0175,1.0175,0.8256,0
340,4,0.00,0.00,0.00,0.00,0.00,0.00,0.00,,21.74,,20.64,20.64,1.0174,1.0174,0.8256,0
340,5,0.00,0.00,0.00,0.00,0.00,0.00,0.00,,21.74,,20.50,20.50,1.0180,1.0180,0.8256,0
340,6,0.00,0.00,0.00,0.00,0.00,0.00,0.00,,21.74,,20.43,20.43,1.0183,1.0183,0.8256,0
340,7,39.32,0.00,0.16,0.13,0.16,0.13,0.00,,21.74,,21.65,21.65,1.0134,1.0134,0.8256,0
340,8,74.62,0.11,0.30,0.25,0.30,0.25,0.16,1440.00,21.74,21.84,22.93,22.15,1.0083,1.0114,0.8256,0
340,9,391.29,0.25,1.57,1.30,1.52,1.25,1.94,1440.00,21.74,22.90,32.99,23.77,0.9680,1.0049,0.8256,0
340,10,605.77,0.28,2.42,2.00,2.27,1.87,3.33,1440.00,21.74,23.73,40.72,24.89,0.9371,1.0005,0.8256,0
340,11,798.01,0.27,3.18,2.62,2.91,2.41,4.35,1440.00,21.74,24.34,46.73,26.06,0.9131,0.9958,0.8256,1
340,12,950.81,0.27,3.76,3.10,3.38,2.79,5.17,1440.00,21.74,24.83,52.57,28.04,0.8897,0.9878,0.8256,1
340,13,1023.65,0.27,4.02,3.32,3.59,2.96,5.58,1440.00,21.74,25.07,55.90,29.40,0.8764,0.9824,0.8256,1
340,14,1001.49,0.27,3.93,3.25,3.52,2.91,5.40,1440.00,21.74,24.96,55.30,29.66,0.8788,0.9813,0.8256,1
340,15,807.10,0.28,3.18,2.63,2.91,2.40,4.45,1440.00,21.74,24.40,49.75,28.60,0.9010,0.9856,0.8256,1
340,16,611.97,0.28,2.43,2.00,2.27,1.87,3.41,1440.00,21.74,23.77,43.44,27.27,0.9262,0.9909,0.8256,1
340,17,420.80,0.29,1.68,1.39,1.60,1.32,2.46,1440.00,21.74,23.21,37.32,25.65,0.9507,0.9974,0.8256,1
340,18,228.41,0.34,0.92,0.76,0.89,0.74,1.56,1440.00,21.74,22.67,31.22,23.79,0.9751,1.0048,0.8256,0
340,19,102.57,0.49,0.41,0.34,0.41,0.34,1.01,1440.00,21.74,22.34,27.49,22.69,0.9901,1.0092,0.8256,0
340,20,21.66,1.00,0.09,0.07,0.09,0.07,0.43,1440.00,21.74,22.00,25.49,23.43,0.9981,1.0063,0.8256,0
340,21,0.00,0.00,0.00,0.00,0.00,0.00,0.00,,21.74,,25.25,25.25,0.9990,0.9990,0.8256,0
340,22,0.00,0.00,0.00,0.00,0.00,0.00,0.00,,21.74,,24.96,24.96,1.0002,1.0002,0.8256,0
340,23,0.00,0.00,0.00,0.00,0.00,0.00,0.00,,21.74,,25.26,25.26,0.9990,0.9990,0.8256,0
340,24,0.00,0.00,0.00,0.00,0.00,0.00,0.00,,21.74,,24.12,24.12,1.0035,1.0035,0.8256,0
341,1,0.00,0.00,0.00,0.00,0.00,0.00,0.00,,21.79,,23.71,23.71,1.0052,1.0052,0.8256,0
341,2,0.00,0.00,0.00,0.00,0.00,0.00,0.00,,21.79,,23.47,23.47,1.0061,1.0061,0.8256,0
341,3,0.00,0.00,0.00,0.00,0.00,0.00,0.00,,21.79,,23.37,23.37,1.0065,1.0065,0.8256,0
341,4,0.00,0.00,0.00,0.00,0.00,0.00,0.00,,21.79,,23.63,23.63,1.0055,1.0055,0.8256,0
341,5,0.00,0.00,0.00,0.00,0.00,0.00,0.00,,21.79,,23.66,23.66,1.0054,1.0054,0.8256,0
341,6,0.00,0.00,0.00,0.00,0.00,0.00,0.00,,21.79,,23.66,23.66,1.0054,1.0054,0.8256,0
341,7,42.54,0.67,0.17,0.14,0.17,0.14,0.57,1440.00,21.79,22.13,24.91,22.19,1.0004,1.0112,0.8256,0
341,8,70.22,0.54,0.28,0.23,0.28,0.23,0.75,1440.00,21.79,22.24,26.06,22.49,0.9957,1.0100,0.8256,0
341,9,394.24,0.29,1.57,1.30,1.50,1.24,2.27,1440.00,21.79,23.15,36.51,25.73,0.9540,0.9971,0.8256,0
341,10,627.54,0.30,2.49,2.05,2.30,1.90,3.81,1440.00,21.79,24.07,45.56,27.49,0.9178,0.9900,0.8256,0
341,11,807.49,0.30,3.18,2.62,2.88,2.38,4.80,1440.00,21.79,24.66,51.89,29.09,0.8924,0.9837,0.8256,1
341,12,931.28,0.31,3.65,3.01,3.25,2.68,5.71,1440.00,21.79,25.20,57.07,29.95,0.8717,0.9802,0.8256,1
341,13,877.27,0.33,3.45,2.85,3.07,2.53,5.78,1440.00,21.79,25.25,56.57,29.11,0.8737,0.9836,0.8256,1
341,14,932.05,0.33,3.66,3.02,3.23,2.67,6.10,1440.00,21.79,25.44,58.33,29.36,0.8667,0.9826,0.8256,1
341,15,905.75,0.34,3.56,2.94,3.14,2.59,6.20,1440.00,21.79,25.50,58.59,29.15,0.8656,0.9834,0.8256,1
341,16,735.89,0.37,2.91,2.41,2.61,2.15,5.49,1440.00,21.79,25.08,53.63,27.54,0.8855,0.9899,0.8256,1
341,17,445.46,0.46,1.78,1.47,1.64,1.36,4.12,1440.00,21.79,24.25,44.60,25.03,0.9216,0.9999,0.8256,1
341,18,365.31,0.50,1.46,1.21,1.36,1.13,3.63,1440.00,21.79,23.96,41.87,24.60,0.9325,1.0016,0.8256,0
341,19,154.36,0.89,0.62,0.51,0.59,0.49,2.76,1440.00,21.79,23.44,36.17,23.05,0.9553,1.0078,0.8256,0
341,20,18.35,1.00,0.07,0.06,0.07,0.06,0.37,1440.00,21.79,22.01,31.22,29.48,0.9751,0.9821,0.8256,0
341,21,0.00,0.00,0.00,0.00,0.00,0.00,0.00,,21.79,,28.28,28.28,0.9869,0.9869,0.8256,0
341,22,0.00,0.00,0.00,0.00,0.00,0.00,0.00,,21.79,,27.40,27.40,0.9904,0.9904,0.8256,0
341,23,0.00,0.00,0.00,0.00,0.00,0.00,0.00,,21.79,,26.20,26.20,0.9952,0.9952,0.8256,0
341,24,0.00,0.00,0.00,0.00,0.00,0.00,0.00,,21.79,,24.66,24.66,1.0014,1.0014,0.8256,0
342,1,0.00,0.00,0.00,0.00,0.00,0.00,0.00,,21.84,,23.72,23.72,1.0051,1.0051,0.8256,0
342,2,0.00,0.00,0.00,0.00,0.00,0.00,0.00,,21.84,,22.07,22.07,1.0117,1.0117,0.8256,0
342,3,0.00,0.00,0.00,0.00,0.00,0.00,0.00,,21.84,,20.67,20.67,1.0173,1.0173,0.8256,0
342,4,0.00,0.00,0.00,0.00,0.00,0.00,0.00,,21.84,,20.30,20.30,1.0188,1.0188,0.8256,0
342,5,0.00,0.00,0.00,0.00,0.00,0.00,0.00,,21.84,,20.18,20.18,1.0193,1.0193,0.8256,0
342,6,0.00,0.00,0.00,0.00,0.00,0.00,0.00,,21.84,,19.89,19.89,1.0204,1.0204,0.8256,0
342,7,41.24,0.00,0.17,0.14,0.17,0.14,0.00,,21.84,,21.23,21.23,1.0151,1.0151,0.8256,0
342,8,71.83,0.03,0.29,0.24,0.29,0.24,0.05,1440.00,21.84,21.87,22.49,22.27,1.0100,1.0109,0.8256,0
342,9,409.45,0.23,1.64,1.36,1.58,1.31,1.88,1440.00,21.84,22.97,33.09,24.17,0.9677,1.0033,0.8256,0
342,10,648.58,0.27,2.59,2.14,2.42,2.00,3.50,1440.00,21.84,23.94,42.11,25.49,0.9316,0.9980,0.8256,0
342,11,838.98,0.28,3.34,2.76,3.04,2.51,4.64,1440.00,21.84,24.62,48.39,26.34,0.9064,0.9947,0.8256,1
342,12,976.95,0.28,3.87,3.20,3.46,2.85,5.56,1440.00,21.84,25.17,53.79,27.39,0.8848,0.9905,0.8256,1
342,13,1037.19,0.28,4.09,3.38,3.63,2.99,5.91,1440.00,21.84,25.37,56.49,28.45,0.8740,0.9862,0.8256,1
342,14,1018.04,0.28,4.01,3.31,3.57,2.94,5.74,1440.00,21.84,25.27,56.13,28.87,0.8755,0.9845,0.8256,1
342,15,877.75,0.29,3.47,2.86,3.13,2.58,5.05,1440.00,21.84,24.86,52.22,28.23,0.8911,0.9871,0.8256,1
342,16,786.93,0.30,3.12,2.57,2.84,2.34,4.68,1440.00,21.84,24.64,49.75,27.52,0.9010,0.9899,0.8256,1
342,17,592.70,0.32,2.36,1.95,2.19,1.81,3.78,1440.00,21.84,24.10,44.12,26.19,0.9235,0.9953,0.8256,1
342,18,368.61,0.34,1.48,1.22,1.41,1.16,2.51,1440.00,21.84,23.34,36.70,24.80,0.9532,1.0008,0.8256,0
342,19,153.16,0.46,0.62,0.51,0.60,0.50,1.40,1440.00,21.84,22.68,29.86,23.19,0.9806,1.0073,0.8256,0
342,20,18.96,1.00,0.08,0.06,0.08,0.06,0.38,1440.00,21.84,22.07,25.26,23.46,0.9989,1.0062,0.8256,0
342,21,0.00,0.00,0.00,0.00,0.00,0.00,0.00,,21.84,,24.01,24.01,1.0040,1.0040,0.8256,0
342,22,0.00,0.00,0.00,0.00,0.00,0.00,0.00,,21.84,,22.95,22.95,1.0082,1.0082,0.8256,0
342,23,0.00,0.00,0.00,0.00,0.00,0.00,0.00,,21.84,,23.01,23.01,1.0080,1.0080,0.8256,0
342,24,0.00,0.00,0.00,0.00,0.00,0.00,0.00,,21.84,,21.35,21.35,1.0146,1.0146,0.8256,0
343,1,0.00,0.00,0.00,0.00,0.00,0.00,0.00,,21.90,,21.20,21.20,1.0152,1.0152,0.8256,0
343,2,0.00,0.00,0.00,0.00,0.00,0.00,0.00,,21.90,,20.18,20.18,1.0193,1.0193,0.8256,0
343,3,0.00,0.00,0.00,0.00,0.00,0.00,0.00,,21.90,,19.17,19.17,1.0233,1.0233,0.8256,0
343,4,0.00,0.00,0.00,0.00,0.00,0.00,0.00,,21.90,,19.13,19.13,1.0235,1.0235,0.8256,0
343,5,0.00,0.00,0.00,0.00,0.00,0.00,0.00,,21.90,,19.18,19.18,1.0233,1.0233,0.8256,0
343,6,0.00,0.00,0.00,0.00,0.00,0.00,0.00,,21.90,,18.87,18.87,1.0245,1.0245,0.8256,0
343,7,41.03,0.00,0.17,0.14,0.17,0.14,0.00,,21.90,,20.06,20.06,1.0198,1.0198,0.8256,0
343,8,72.21,0.00,0.29,0.24,0.29,0.24,0.00,,21.90,,21.02,21.02,1.0159,1.0159,0.8256,0
343,9,402.14,0.17,1.61,1.33,1.57,1.29,1.39,1440.00,21.90,22.73,31.43,24.82,0.9743,1.0007,0.8256,0
343,10,628.67,0.24,2.51,2.07,2.36,1.95,2.98,1440.00,21.90,23.67,40.11,25.96,0.9396,0.9962,0.8256,0
343,11,813.16,0.25,3.23,2.67,2.98,2.46,4.07,1440.00,21.90,24.33,46.09,26.76,0.9156,0.9929,0.8256,1
343,12,906.14,0.26,3.59,2.96,3.27,2.70,4.69,1440.00,21.90,24.70,49.74,27.47,0.9011,0.9901,0.8256,1
343,13,895.61,0.26,3.55,2.93,3.23,2.66,4.72,1440.00,21.90,24.72,49.92,27.50,0.9003,0.9900,0.8256,1
343,14,867.27,0.25,3.43,2.83,3.14,2.59,4.38,1440.00,21.90,24.51,48.92,28.11,0.9043,0.9876,0.8256,1
343,15,866.64,0.25,3.41,2.82,3.13,2.59,4.26,1440.00,21.90,24.44,49.04,28.80,0.9038,0.9848,0.8256,1
343,16,785.36,0.24,3.09,2.55,2.87,2.37,3.70,1440.00,21.90,24.11,46.52,28.95,0.9139,0.9842,0.8256,1
343,17,589.99,0.23,2.34,1.93,2.21,1.83,2.73,1440.00,21.90,23.53,40.52,27.53,0.9379,0.9899,0.8256,1
343,18,367.27,0.23,1.47,1.21,1.42,1.17,1.68,1440.00,21.90,22.90,33.39,25.43,0.9665,0.9983,0.8256,0
343,19,156.04,0.24,0.63,0.52,0.62,0.51,0.75,1440.00,21.90,22.34,26.94,23.37,0.9923,1.0065,0.8256,0
343,20,19.59,0.39,0.08,0.07,0.08,0.07,0.15,1440.00,21.90,21.99,22.80,22.07,1.0088,1.0117,0.8256,0
343,21,0.00,0.00,0.00,0.00,0.00,0.00,0.00,,21.90,,22.41,22.41,1.0104,1.0104,0.8256,0
343,22,0.00,0.00,0.00,0.00,0.00,0.00,0.00,,21.90,,21.20,21.20,1.0152,1.0152,0.8256,0
343,23,0.00,0.00,0.00,0.00,0.00,0.00,0.00,,21.90,,21.19,21.19,1.0152,1.0152,0.8256,0
343,24,0.00,0.00,0.00,0.00,0.00,0.00,0.00,,21.90,,20.42,20.42,1.0183,1.0183,0.8256,0
344,1,0.00,0.00,0.00,0.00,0.00,0.00,0.00,,21.94,,20.25,20.25,1.0190,1.0190,0.8256,0
344,2,0.00,0.00,0.00,0.00,0.00,0.00,0.00,,21.94,,20.08,20.08,1.0197,1.0197,0.8256,0
344,3,0.00,0.00,0.00,0.00,0.00,0.00,0.00,,21.94,,19.52,19.52,1.0219,1.0219,0.8256,0
344,4,0.00,0.00,0.00,0.00,0.00,0.00,0.00,,21.94,,19.13,19.13,1.0235,1.0235,0.8256,0
344,5,0.00,0.00,0.00,0.00,0.00,0.00,0.00,,21.94,,18.80,18.80,1.0248,1.0248,0.8256,0
344,6,0.00,0.00,0.00,0.00,0.00,0.00,0.00,,21.94,,18.24,18.24,1.0270,1.0270,0.8256,0
344,7,43.80,0.00,0.18,0.15,0.18,0.15,0.00,,21.94,,19.51,19.51,1.0220,1.0220,0.8256,0
344,8,65.78,0.00,0.27,0.22,0.27,0.22,0.00,,21.94,,20.67,20.67,1.0173,1.0173,0.8256,0
344,9,410.11,0.18,1.64,1.35,1.59,1.32,1.52,1440.00,21.94,22.85,32.24,25.03,0.9711,0.9999,0.8256,0
344,10,650.69,0.26,2.58,2.13,2.42,1.99,3.39,1440.00,21.94,23.97,42.99,26.92,0.9280,0.9923,0.8256,0
344,11,848.36,0.27,3.35,2.76,3.06,2.52,4.51,1440.00,21.94,24.64,49.84,28.43,0.9006,0.9863,0.8256,1
344,12,983.18,0.28,3.87,3.19,3.45,2.85,5.52,1440.00,21.94,25.24,55.37,29.15,0.8785,0.9834,0.8256,1
344,13,1047.68,0.30,4.12,3.40,3.63,3.00,6.19,1440.00,21.94,25.64,58.51,29.12,0.8660,0.9835,0.8256,1
344,14,1039.29,0.30,4.10,3.39,3.60,2.97,6.33,1440.00,21.94,25.73,58.48,28.39,0.8661,0.9864,0.8256,1
344,15,957.33,0.31,3.79,3.13,3.35,2.76,6.02,1440.00,21.94,25.54,56.50,27.89,0.8740,0.9885,0.8256,1
344,16,807.22,0.32,3.20,2.64,2.88,2.38,5.22,1440.00,21.94,25.06,51.99,27.21,0.8921,0.9912,0.8256,1
344,17,602.65,0.32,2.40,1.98,2.22,1.83,3.91,1440.00,21.94,24.28,45.03,26.46,0.9199,0.9942,0.8256,1
344,18,364.96,0.31,1.46,1.20,1.39,1.15,2.27,1440.00,21.94,23.30,36.17,25.42,0.9553,0.9983,0.8256,0
344,19,154.52,0.29,0.62,0.51,0.61,0.50,0.90,1440.00,21.94,22.48,28.01,23.73,0.9880,1.0051,0.8256,0
344,20,19.20,0.00,0.08,0.06,0.08,0.06,0.00,,21.94,,21.74,21.74,1.0130,1.0130,0.8256,0
344,21,0.00,0.00,0.00,0.00,0.00,0.00,0.00,,21.94,,20.55,20.55,1.0178,1.0178,0.8256,0
344,22,0.00,0.00,0.00,0.00,0.00,0.00,0.00,,21.94,,19.54,19.54,1.0218,1.0218,0.8256,0
344,23,0.00,0.00,0.00,0.00,0.00,0.00,0.00,,21.94,,19.52,19.52,1.0219,1.0219,0.8256,0
344,24,0.00,0.00,0.00,0.00,0.00,0.00,0.00,,21.94,,19.17,19.17,1.0233,1.0233,0.8256,0
345,1,0.00,0.00,0.00,0.00,0.00,0.00,0.00,,21.99,,19.02,19.02,1.0239,1.0239,0.8256,0
345,2,0.00,0.00,0.00,0.00,0.00,0.00,0.00,,21.99,,18.91,18.91,1.0244,1.0244,0.8256,0
345,3,0.00,0.00,0.00,0.00,0.00,0.00,0.00,,21.99,,18.51,18.51,1.0260,1.0260,0.8256,0
345,4,0.00,0.00,0.00,0.00,0.00,0.00,0.00,,21.99,,18.36,18.36,1.0266,1.0266,0.8256,0
345,5,0.00,0.00,0.00,0.00,0.00,0.00,0.00,,21.99,,18.26,18.26,1.0270,1.0270,0.8256,0
345,6,0.00,0.00,0.00,0.00,0.00,0.00,0.00,,21.99,,18.05,18.05,1.0278,1.0278,0.8256,0
345,7,30.76,0.00,0.13,0.10,0.13,0.10,0.00,,21.99,,19.00,19.00,1.0240,1.0240,0.8256,0
345,8,84.66,0.00,0.34,0.28,0.34,0.28,0.00,,21.99,,20.81,20.81,1.0168,1.0168,0.8256,0
345,9,243.61,0.09,0.98,0.81,0.97,0.80,0.42,1440.00,21.99,22.24,25.79,23.80,0.9968,1.0048,0.8256,0
345,10,303.66,0.15,1.22,1.01,1.20,0.99,0.88,1440.00,21.99,22.52,28.42,24.23,0.9863,1.0031,0.8256,0
345,11,397.56,0.16,1.59,1.31,1.55,1.28,1.28,1440.00,21.99,22.76,31.25,25.16,0.9750,0.9994,0.8256,1
345,12,421.53,0.17,1.68,1.39,1.64,1.35,1.45,1440.00,21.99,22.86,32.45,25.55,0.9702,0.9978,0.8256,1
345,13,457.77,0.18,1.82,1.51,1.77,1.46,1.66,1440.00,21.99,22.98,33.93,26.05,0.9643,0.9958,0.8256,1
345,14,490.24,0.18,1.95,1.61,1.88,1.55,1.79,1440.00,21.99,23.06,34.92,26.42,0.9603,0.9943,0.8256,1
345,15,508.55,0.19,2.02,1.67,1.95,1.61,1.95,1440.00,21.99,23.16,35.80,26.56,0.9568,0.9938,0.8256,1
345,16,425.53,0.19,1.70,1.40,1.65,1.36,1.59,1440.00,21.99,22.94,33.39,25.84,0.9664,0.9967,0.8256,1
345,17,469.41,0.19,1.87,1.54,1.80,1.49,1.78,1440.00,21.99,23.06,34.91,26.43,0.9604,0.9943,0.8256,1
345,18,354.93,0.16,1.42,1.17,1.39,1.14,1.16,1440.00,21.99,22.68,31.03,25.54,0.9759,0.9978,0.8256,0
345,19,149.65,0.07,0.60,0.50,0.60,0.50,0.20,1440.00,21.99,22.11,24.43,23.50,1.0023,1.0060,0.8256,0
345,20,20.92,0.00,0.09,0.07,0.09,0.07,0.00,,21.99,,20.31,20.31,1.0187,1.0187,0.8256,0
345,21,0.00,0.00,0.00,0.00,0.00,0.00,0.00,,21.99,,19.76,19.76,1.0210,1.0210,0.8256,0
345,22,0.00,0.00,0.00,0.00,0.00,0.00,0.00,,21.99,,19.00,19.00,1.0240,1.0240,0.8256,0
345,23,0.00,0.00,0.00,0.00,0.00,0.00,0.00,,21.99,,18.96,18.96,1.0242,1.0242,0.8256,0
345,24,0.00,0.00,0.00,0.00,0.00,0.00,0.00,,21.99,,18.52,18.52,1.0259,1.0259,0.8256,0
346,1,0.00,0.00,0.00,0.00,0.00,0.00,0.00,,22.04,,18.34,18.34,1.0266,1.0266,0.8256,0
346,2,0.00,0.00,0.00,0.00,0.00,0.00,0.00,,22.04,,18.10,18.10,1.0276,1.0276,0.8256,0
346,3,0.00,0.00,0.00,0.00,0.00,0.00,0.00,,22.04,,17.58,17.58,1.0297,1.0297,0.8256,0
346,4,0.00,0.00,0.00,0.00,0.00,0.00,0.00,,22.04,,17.47,17.47,1.0301,1.0301,0.8256,0
346,5,0.00,0.00,0.00,0.00,0.00,0.00,0.00,,22.04,,17.38,17.38,1.0305,1.0305,0.8256,0
346,6,0.00,0.00,0.00,0.00,0.00,0.00,0.00,,22.04,,17.02,17.02,1.0319,1.0319,0.8256,0
346,7,39.28,0.00,0.16,0.13,0.16,0.13,0.00,,22.04,,18.16,18.16,1.0274,1.0274,0.8256,0
346,8,94.74,0.00,0.39,0.32,0.39,0.32,0.00,,22.04,,20.08,20.08,1.0197,1.0197,0.8256,0
346,9,339.21,0.11,1.36,1.12,1.34,1.11,0.73,1440.00,22.04,22.48,27.77,24.29,0.9889,1.0028,0.8256,0
346,10,537.44,0.19,2.15,1.77,2.06,1.70,2.09,1440.00,22.04,23.29,35.28,25.38,0.9589,0.9985,0.8256,0
346,11,733.73,0.21,2.92,2.41,2.74,2.26,3.14,1440.00,22.04,23.92,41.36,26.43,0.9346,0.9943,0.8256,1
346,12,947.50,0.23,3.75,3.09,3.43,2.83,4.38,1440.00,22.04,24.66,48.59,27.77,0.9056,0.9889,0.8256,1
346,13,1047.51,0.24,4.13,3.41,3.73,3.08,5.02,1440.00,22.04,25.04,52.66,28.82,0.8893,0.9847,0.8256,1
346,14,1038.79,0.23,4.08,3.37,3.70,3.06,4.80,1440.00,22.04,24.91,52.34,29.54,0.8906,0.9818,0.8256,1
346,15,952.04,0.22,3.74,3.09,3.43,2.83,4.26,1440.00,22.04,24.58,49.84,29.63,0.9006,0.9815,0.8256,1
346,16,799.93,0.21,3.15,2.60,2.94,2.43,3.41,1440.00,22.04,24.08,45.05,28.84,0.9198,0.9846,0.8256,1
346,17,599.87,0.20,2.38,1.96,2.27,1.87,2.37,1440.00,22.04,23.46,38.73,27.46,0.9451,0.9902,0.8256,1
346,18,372.08,0.17,1.49,1.23,1.45,1.20,1.24,1440.00,22.04,22.78,31.29,25.42,0.9749,0.9983,0.8256,0
346,19,152.88,0.07,0.62,0.51,0.61,0.51,0.23,1440.00,22.04,22.18,24.46,23.39,1.0022,1.0064,0.8256,0
346,20,27.86,0.00,0.11,0.09,0.11,0.09,0.00,,22.04,,20.75,20.75,1.0170,1.0170,0.8256,0
346,21,0.00,0.00,0.00,0.00,0.00,0.00,0.00,,22.04,,20.22,20.22,1.0191,1.0191,0.8256,0
346,22,0.00,0.00,0.00,0.00,0.00,0.00,0.00,,22.04,,19.53,19.53,1.0219,1.0219,0.8256,0
346,23,0.00,0.00,0.00,0.00,0.00,0.00,0.00,,22.04,,19.63,19.63,1.0215,1.0215,0.8256,0
346,24,0.00,0.00,0.00,0.00,0.00,0.00,0.00,,22.04,,19.40,19.40,1.0224,1.0224,0.8256,0
347,1,0.00,0.00,0.00,0.00,0.00,0.00,0.00,,22.09,,19.46,19.46,1.0222,1.0222,0.8256,0
347,2,0.00,0.00,0.00,0.00,0.00,0.00,0.00,,22.09,,19.39,19.39,1.0224,1.0224,0.8256,0
347,3,0.00,0.00,0.00,0.00,0.00,0.00,0.00,,22.09,,19.19,19.19,1.0232,1.0232,0.8256,0
347,4,0.00,0.00,0.00,0.00,0.00,0.00,0.00,,22.09,,19.34,19.34,1.0226,1.0226,0.8256,0
347,5,0.00,0.00,0.00,0.00,0.00,0.00,0.00,,22.09,,19.37,19.37,1.0225,1.0225,0.8256,0
347,6,0.00,0.00,0.00,0.00,0.00,0.00,0.00,,22.09,,19.19,19.19,1.0232,1.0232,0.8256,0
347,7,37.53,0.00,0.15,0.13,0.15,0.13,0.00,,22.09,,20.33,20.33,1.0187,1.0187,0.8256,0
347,8,64.88,0.00,0.26,0.22,0.26,0.22,0.00,,22.09,,21.35,21.35,1.0146,1.0146,0.8256,0
347,9,387.36,0.18,1.55,1.28,1.51,1.25,1.42,1440.00,22.09,22.94,31.46,24.72,0.9741,1.0011,0.8256,0
347,10,574.22,0.24,2.29,1.89,2.17,1.79,2.71,1440.00,22.09,23.71,38.97,26.11,0.9441,0.9956,0.8256,0
347,11,686.45,0.24,2.72,2.25,2.55,2.11,3.35,1440.00,22.09,24.09,42.82,26.93,0.9287,0.9923,0.8256,1
347,12,893.16,0.27,3.53,2.92,3.21,2.65,4.74,1440.00,22.09,24.92,50.26,27.77,0.8990,0.9889,0.8256,1
347,13,954.77,0.26,3.75,3.10,3.39,2.80,4.99,1440.00,22.09,25.07,53.05,29.33,0.8878,0.9827,0.8256,1
347,14,792.57,0.25,3.12,2.58,2.88,2.38,3.97,1440.00,22.09,24.46,47.74,28.90,0.9090,0.9844,0.8256,1
347,15,791.80,0.25,3.12,2.57,2.88,2.38,3.91,1440.00,22.09,24.43,47.40,28.82,0.9104,0.9847,0.8256,1
347,16,652.12,0.24,2.58,2.13,2.42,2.00,3.18,1440.00,22.09,23.99,42.62,27.52,0.9295,0.9899,0.8256,1
347,17,507.47,0.24,2.02,1.67,1.92,1.59,2.48,1440.00,22.09,23.57,38.24,26.45,0.9470,0.9942,0.8256,1
347,18,327.93,0.21,1.31,1.08,1.28,1.05,1.41,1440.00,22.09,22.93,31.84,25.15,0.9726,0.9994,0.8256,0
347,19,145.82,0.15,0.59,0.48,0.58,0.48,0.45,1440.00,22.09,22.35,25.66,23.54,0.9974,1.0059,0.8256,0
347,20,19.60,0.00,0.08,0.07,0.08,0.07,0.00,,22.09,,21.72,21.72,1.0131,1.0131,0.8256,0
347,21,0.00,0.00,0.00,0.00,0.00,0.00,0.00,,22.09,,21.32,21.32,1.0147,1.0147,0.8256,0
347,22,0.00,0.00,0.00,0.00,0.00,0.00,0.00,,22.09,,20.14,20.14,1.0194,1.0194,0.8256,0
347,23,0.00,0.00,0.00,0.00,0.00,0.00,0.00,,22.09,,20.03,20.03,1.0199,1.0199,0.8256,0
347,24,0.00,0.00,0.00,0.00,0.00,0.00,0.00,,22.09,,19.42,19.42,1.0223,1.0223,0.8256,0
348,1,0.00,0.00,0.00,0.00,0.00,0.00,0.00,,22.13,,19.28,19.28,1.0229,1.0229,0.8256,0
348,2,0.00,0.00,0.00,0.00,0.00,0.00,0.00,,22.13,,19.23,19.23,1.0231,1.0231,0.8256,0
348,3,0.00,0.00,0.00,0.00,0.00,0.00,0.00,,22.13,,18.96,18.96,1.0242,1.0242,0.8256,0
348,4,0.00,0.00,0.00,0.00,0.00,0.00,0.00,,22.13,,18.89,18.89,1.0244,1.0244,0.8256,0
348,5,0.00,0.00,0.00,0.00,0.00,0.00,0.00,,22.13,,18.89,18.89,1.0244,1.0244,0.8256,0
348,6,0.00,0.00,0.00,0.00,0.00,0.00,0.00,,22.13,,18.78,18.78,1.0249,1.0249,0.8256,0
348,7,36.86,0.00,0.15,0.12,0.15,0.12,0.00,,22.13,,19.93,19.93,1.0203,1.0203,0.8256,0
348,8,82.39,0.00,0.33,0.28,0.33,0.28,0.00,,22.13,,21.47,21.47,1.0141,1.0141,0.8256,0
348,9,364.65,0.14,1.46,1.20,1.43,1.18,1.02,1440.00,22.13,22.74,30.29,25.43,0.9789,0.9983,0.8256,0
348,10,612.86,0.21,2.43,2.01,2.31,1.91,2.60,1440.00,22.13,23.69,39.20,26.85,0.9432,0.9926,0.8256,0
348,11,820.40,0.22,3.24,2.67,3.01,2.48,3.69,1440.00,22.13,24.33,45.78,28.27,0.9169,0.9869,0.8256,1
348,12,963.51,0.24,3.79,3.13,3.45,2.85,4.56,1440.00,22.13,24.86,50.89,29.24,0.8964,0.9830,0.8256,1
348,13,1045.46,0.24,4.10,3.38,3.70,3.05,5.09,1440.00,22.13,25.17,54.06,29.90,0.8838,0.9804,0.8256,1
348,14,1035.45,0.24,4.05,3.35,3.67,3.03,4.95,1440.00,22.13,25.09,53.77,30.27,0.8849,0.9789,0.8256,1
348,15,953.60,0.23,3.73,3.08,3.41,2.82,4.43,1440.00,22.13,24.78,51.37,30.33,0.8945,0.9787,0.8256,1
348,16,803.30,0.23,3.16,2.60,2.93,2.42,3.62,1440.00,22.13,24.30,46.71,29.51,0.9131,0.9820,0.8256,1
348,17,603.51,0.22,2.39,1.97,2.27,1.87,2.62,1440.00,22.13,23.70,40.39,27.93,0.9384,0.9883,0.8256,1
348,18,381.55,0.20,1.52,1.26,1.48,1.22,1.55,1440.00,22.13,23.06,33.21,25.84,0.9671,0.9966,0.8256,0
348,19,166.32,0.19,0.67,0.55,0.66,0.55,0.64,1440.00,22.13,22.51,26.70,23.68,0.9932,1.0053,0.8256,0
348,20,21.99,0.00,0.09,0.07,0.09,0.07,0.00,,22.13,,22.20,22.20,1.0112,1.0112,0.8256,0
348,21,0.00,0.00,0.00,0.00,0.00,0.00,0.00,,22.13,,21.66,21.66,1.0134,1.0134,0.8256,0
348,22,0.00,0.00,0.00,0.00,0.00,0.00,0.00,,22.13,,20.18,20.18,1.0193,1.0193,0.8256,0
348,23,0.00,0.00,0.00,0.00,0.00,0.00,0.00,,22.13,,20.00,20.00,1.0200,1.0200,0.8256,0
348,24,0.00,0.00,0.00,0.00,0.00,0.00,0.00,,22.13,,19.04,19.04,1.0238,1.0238,0.8256,0
349,1,0.00,0.00,0.00,0.00,0.00,0.00,0.00,,22.18,,19.07,19.07,1.0237,1.0237,0.8256,0
349,2,0.00,0.00,0.00,0.00,0.00,0.00,0.00,,22.18,,19.00,19.00,1.0240,1.0240,0.8256,0
349,3,0.00,0.00,0.00,0.00,0.00,0.00,0.00,,22.18,,18.65,18.65,1.0254,1.0254,0.8256,0
349,4,0.00,0.00,0.00,0.00,0.00,0.00,0.00,,22.18,,18.68,18.68,1.0253,1.0253,0.8256,0
349,5,0.00,0.00,0.00,0.00,0.00,0.00,0.00,,22.18,,18.65,18.65,1.0254,1.0254,0.8256,0
349,6,0.00,0.00,0.00,0.00,0.00,0.00,0.00,,22.18,,18.60,18.60,1.0256,1.0256,0.8256,0
349,7,43.25,0.00,0.18,0.15,0.18,0.15,0.00,,22.18,,20.10,20.10,1.0196,1.0196,0.8256,0
349,8,87.50,0.00,0.35,0.29,0.35,0.29,0.00,,22.18,,21.69,21.69,1.0132,1.0132,0.8256,0
349,9,340.86,0.17,1.37,1.13,1.34,1.10,1.13,1440.00,22.18,22.85,29.67,24.29,0.9813,1.0028,0.8256,0
349,10,528.63,0.25,2.11,1.75,2.01,1.66,2.68,1440.00,22.18,23.78,37.75,25.01,0.9490,1.0000,0.8256,0
349,11,649.93,0.25,2.59,2.14,2.43,2.00,3.25,1440.00,22.18,24.12,41.70,26.24,0.9332,0.9950,0.8256,1
349,12,815.62,0.25,3.22,2.66,2.97,2.45,4.11,1440.00,22.18,24.63,47.70,28.19,0.9092,0.9872,0.8256,1
349,13,958.01,0.25,3.75,3.10,3.40,2.81,4.80,1440.00,22.18,25.04,53.00,30.21,0.8880,0.9791,0.8256,1
349,14,1018.99,0.24,3.97,3.28,3.59,2.96,4.88,1440.00,22.18,25.09,54.78,31.59,0.8809,0.9736,0.8256,1
349,15,948.99,0.24,3.70,3.05,3.37,2.78,4.47,1440.00,22.18,24.85,52.84,31.61,0.8887,0.9736,0.8256,1
349,16,801.50,0.23,3.14,2.59,2.91,2.40,3.71,1440.00,22.18,24.39,48.14,30.52,0.9075,0.9779,0.8256,1
349,17,605.78,0.23,2.39,1.97,2.26,1.87,2.80,1440.00,22.18,23.85,41.90,28.61,0.9324,0.9856,0.8256,1
349,18,381.93,0.23,1.52,1.26,1.47,1.21,1.74,1440.00,22.18,23.21,34.48,26.23,0.9621,0.9951,0.8256,0
349,19,165.01,0.24,0.66,0.55,0.65,0.54,0.80,1440.00,22.18,22.65,27.72,23.94,0.9891,1.0043,0.8256,0
349,20,33.33,0.39,0.13,0.11,0.13,0.11,0.26,1440.00,22.18,22.33,23.76,22.54,1.0050,1.0098,0.8256,0
349,21,0.00,0.00,0.00,0.00,0.00,0.00,0.00,,22.18,,22.98,22.98,1.0081,1.0081,0.8256,0
349,22,0.00,0.00,0.00,0.00,0.00,0.00,0.00,,22.18,,22.31,22.31,1.0108,1.0108,0.8256,0
349,23,0.00,0.00,0.00,0.00,0.00,0.00,0.00,,22.18,,22.34,22.34,1.0106,1.0106,0.8256,0
349,24,0.00,0.00,0.00,0.00,0.00,0.00,0.00,,22.18,,21.99,21.99,1.0120,1.0120,0.8256,0
350,1,0.00,0.00,0.00,0.00,0.00,0.00,0.00,,22.22,,21.91,21.91,1.0124,1.0124,0.8256,0
350,2,0.00,0.00,0.00,0.00,0.00,0.00,0.00,,22.22,,21.80,21.80,1.0128,1.0128,0.8256,0
350,3,0.00,0.00,0.00,0.00,0.00,0.00,0.00,,22.22,,21.39,21.39,1.0144,1.0144,0.8256,0
350,4,0.00,0.00,0.00,0.00,0.00,0.00,0.00,,22.22,,21.22,21.22,1.0151,1.0151,0.8256,0
350,5,0.00,0.00,0.00,0.00,0.00,0.00,0.00,,22.22,,21.03,21.03,1.0159,1.0159,0.8256,0
350,6,0.00,0.00,0.00,0.00,0.00,0.00,0.00,,22.22,,20.72,20.72,1.0171,1.0171,0.8256,0
350,7,41.59,0.00,0.17,0.14,0.17,0.14,0.00,,22.22,,21.91,21.91,1.0124,1.0124,0.8256,0
350,8,109.26,0.10,0.44,0.36,0.44,0.36,0.22,1440.00,22.22,22.35,24.17,23.14,1.0033,1.0074,0.8256,0
350,9,223.60,0.18,0.90,0.74,0.88,0.73,0.81,1440.00,22.22,22.70,28.06,24.19,0.9878,1.0032,0.8256,0
350,10,302.80,0.27,1.21,1.00,1.18,0.97,1.63,1440.00,22.22,23.19,32.35,24.63,0.9706,1.0015,0.8256,0
350,11,587.91,0.27,2.33,1.92,2.19,1.81,3.21,1440.00,22.22,24.13,42.38,27.15,0.9305,0.9914,0.8256,1
350,12,713.04,0.28,2.81,2.32,2.59,2.14,4.02,1440.00,22.22,24.62,47.98,28.88,0.9081,0.9845,0.8256,1
350,13,786.25,0.28,3.08,2.54,2.82,2.33,4.36,1440.00,22.22,24.82,51.07,30.37,0.8957,0.9785,0.8256,1
350,14,691.83,0.29,2.72,2.24,2.51,2.07,4.00,1440.00,22.22,24.61,48.38,29.39,0.9065,0.9825,0.8256,1
350,15,511.80,0.33,2.03,1.67,1.90,1.57,3.39,1440.00,22.22,24.25,43.36,27.25,0.9265,0.9910,0.8256,1
350,16,589.45,0.30,2.33,1.93,2.17,1.79,3.58,1440.00,22.22,24.36,44.77,27.76,0.9209,0.9890,0.8256,1
350,17,428.87,0.33,1.71,1.41,1.61,1.33,2.82,1440.00,22.22,23.90,39.68,26.30,0.9413,0.9948,0.8256,1
350,18,293.36,0.38,1.17,0.97,1.12,0.93,2.22,1440.00,22.22,23.54,35.36,24.82,0.9586,1.0007,0.8256,0
350,19,119.48,0.61,0.48,0.40,0.47,0.39,1.46,1440.00,22.22,23.09,30.05,23.14,0.9798,1.0075,0.8256,0
350,20,19.83,1.00,0.08,0.07,0.08,0.07,0.40,1440.00,22.22,22.45,26.58,24.70,0.9937,1.0012,0.8256,0
350,21,0.00,0.00,0.00,0.00,0.00,0.00,0.00,,22.22,,25.92,25.92,0.9963,0.9963,0.8256,0
350,22,0.00,0.00,0.00,0.00,0.00,0.00,0.00,,22.22,,24.01,24.01,1.0040,1.0040,0.8256,0
350,23,0.00,0.00,0.00,0.00,0.00,0.00,0.00,,22.22,,23.93,23.93,1.0043,1.0043,0.8256,0
350,24,0.00,0.00,0.00,0.00,0.00,0.00,0.00,,22.22,,23.32,23.32,1.0067,1.0067,0.8256,0
351,1,0.00,0.00,0.00,0.00,0.00,0.00,0.00,,22.26,,23.25,23.25,1.0070,1.0070,0.8256,0
351,2,0.00,0.00,0.00,0.00,0.00,0.00,0.00,,22.26,,23.29,23.29,1.0068,1.0068,0.8256,0
351,3,0.00,0.00,0.00,0.00,0.00,0.00,0.00,,22.26,,23.10,23.10,1.0076,1.0076,0.8256,0
351,4,0.00,0.00,0.00,0.00,0.00,0.00,0.00,,22.26,,22.65,22.65,1.0094,1.0094,0.8256,0
351,5,0.00,0.00,0.00,0.00,0.00,0.00,0.00,,22.26,,22.30,22.30,1.0108,1.0108,0.8256,0
351,6,0.00,0.00,0.00,0.00,0.00,0.00,0.00,,22.26,,21.08,21.08,1.0157,1.0157,0.8256,0
351,7,44.62,0.00,0.18,0.15,0.18,0.15,0.00,,22.26,,21.93,21.93,1.0123,1.0123,0.8256,0
351,8,101.08,0.10,0.41,0.34,0.41,0.34,0.21,1440.00,22.26,22.38,23.81,22.82,1.0048,1.0087,0.8256,0
351,9,358.49,0.23,1.44,1.19,1.39,1.15,1.67,1440.00,22.26,23.25,31.97,24.06,0.9721,1.0038,0.8256,0
351,10,557.93,0.26,2.23,1.84,2.11,1.74,2.88,1440.00,22.26,23.98,38.61,24.95,0.9456,1.0002,0.8256,0
351,11,646.80,0.26,2.58,2.13,2.42,1.99,3.35,1440.00,22.26,24.26,41.50,25.58,0.9340,0.9977,0.8256,1
351,12,842.59,0.27,3.34,2.76,3.05,2.52,4.56,1440.00,22.26,24.98,49.03,27.40,0.9039,0.9904,0.8256,1
351,13,910.83,0.27,3.59,2.97,3.25,2.68,4.97,1440.00,22.26,25.23,51.95,28.35,0.8922,0.9866,0.8256,1
351,14,815.93,0.28,3.23,2.67,2.95,2.43,4.64,1440.00,22.26,25.03,49.27,27.23,0.9029,0.9911,0.8256,1
351,15,667.96,0.28,2.66,2.20,2.47,2.04,3.69,1440.00,22.26,24.47,43.73,26.19,0.9251,0.9952,0.8256,1
351,16,721.22,0.30,2.87,2.37,2.64,2.18,4.29,1440.00,22.26,24.82,46.65,26.27,0.9134,0.9949,0.8256,1
351,17,513.86,0.31,2.05,1.70,1.93,1.59,3.21,1440.00,22.26,24.18,40.49,25.26,0.9380,0.9990,0.8256,1
351,18,365.07,0.32,1.46,1.21,1.40,1.15,2.36,1440.00,22.26,23.67,35.60,24.41,0.9576,1.0024,0.8256,0
351,19,169.15,0.33,0.68,0.56,0.67,0.55,1.11,1440.00,22.26,22.92,28.83,23.56,0.9847,1.0058,0.8256,0
351,20,21.95,1.00,0.09,0.07,0.09,0.07,0.44,1440.00,22.26,22.52,24.79,22.70,1.0009,1.0092,0.8256,0
351,21,0.00,0.00,0.00,0.00,0.00,0.00,0.00,,22.26,,24.13,24.13,1.0035,1.0035,0.8256,0
351,22,0.00,0.00,0.00,0.00,0.00,0.00,0.00,,22.26,,21.63,21.63,1.0135,1.0135,0.8256,0
351,23,0.00,0.00,0.00,0.00,0.00,0.00,0.00,,22.26,,22.23,22.23,1.0111,1.0111,0.8256,0
351,24,0.00,0.00,0.00,0.00,0.00,0.00,0.00,,22.26,,21.46,21.46,1.0142,1.0142,0.8256,0
352,1,0.00,0.00,0.00,0.00,0.00,0.00,0.00,,22.30,,20.78,20.78,1.0169,1.0169,0.8256,0
352,2,0.00,0.00,0.00,0.00,0.00,0.00,0.00,,22.30,,20.24,20.24,1.0190,1.0190,0.8256,0
352,3,0.00,0.00,0.00,0.00,0.00,0.00,0.00,,22.30,,19.37,19.37,1.0225,1.0225,0.8256,0
352,4,0.00,0.00,0.00,0.00,0.00,0.00,0.00,,22.30,,19.06,19.06,1.0238,1.0238,0.8256,0
352,5,0.00,0.00,0.00,0.00,0.00,0.00,0.00,,22.30,,18.78,18.78,1.0249,1.0249,0.8256,0
352,6,0.00,0.00,0.00,0.00,0.00,0.00,0.00,,22.30,,18.17,18.17,1.0273,1.0273,0.8256,0
352,7,44.56,0.00,0.18,0.15,0.18,0.15,0.00,,22.30,,19.31,19.31,1.0228,1.0228,0.8256,0
352,8,64.92,0.00,0.26,0.22,0.26,0.22,0.00,,22.30,,20.04,20.04,1.0198,1.0198,0.8256,0
352,9,391.96,0.10,1.56,1.29,1.54,1.27,0.80,1440.00,22.30,22.77,30.23,26.45,0.9791,0.9942,0.8256,0
352,10,640.41,0.16,2.52,2.08,2.42,1.99,2.09,1440.00,22.30,23.55,39.24,29.31,0.9430,0.9828,0.8256,0
352,11,842.78,0.19,3.29,2.71,3.09,2.55,3.13,1440.00,22.30,24.17,46.05,31.17,0.9158,0.9753,0.8256,1
352,12,992.12,0.21,3.85,3.18,3.55,2.93,4.08,1440.00,22.30,24.74,51.66,32.27,0.8933,0.9709,0.8256,1
352,13,1067.54,0.22,4.14,3.42,3.76,3.10,4.73,1440.00,22.30,25.13,55.10,32.62,0.8796,0.9695,0.8256,1
352,14,1002.90,0.23,3.90,3.22,3.55,2.93,4.54,1440.00,22.30,25.01,53.55,31.99,0.8858,0.9720,0.8256,1
352,15,753.19,0.23,2.95,2.44,2.75,2.27,3.52,1440.00,22.30,24.40,46.57,29.87,0.9137,0.9805,0.8256,1
352,16,676.29,0.24,2.66,2.20,2.49,2.06,3.23,1440.00,22.30,24.23,44.48,29.12,0.9221,0.9835,0.8256,1
352,17,440.65,0.25,1.75,1.44,1.68,1.38,2.16,1440.00,22.30,23.59,37.08,26.82,0.9517,0.9927,0.8256,1
352,18,348.86,0.22,1.39,1.15,1.35,1.11,1.53,1440.00,22.30,23.21,33.21,25.93,0.9672,0.9963,0.8256,0
352,19,172.60,0.17,0.69,0.57,0.69,0.57,0.58,1440.00,22.30,22.64,26.78,24.05,0.9929,1.0038,0.8256,0
352,20,23.23,0.00,0.09,0.08,0.09,0.08,0.00,,22.30,,21.35,21.35,1.0146,1.0146,0.8256,0
352,21,0.00,0.00,0.00,0.00,0.00,0.00,0.00,,22.30,,20.44,20.44,1.0182,1.0182,0.8256,0
352,22,0.00,0.00,0.00,0.00,0.00,0.00,0.00,,22.30,,20.25,20.25,1.0190,1.0190,0.8256,0
352,23,0.00,0.00,0.00,0.00,0.00,0.00,0.00,,22.30,,19.95,19.95,1.0202,1.0202,0.8256,0
352,24,0.00,0.00,0.00,0.00,0.00,0.00,0.00,,22.30,,19.14,19.14,1.0234,1.0234,0.8256,0
353,1,0.00,0.00,0.00,0.00,0.00,0.00,0.00,,22.34,,18.97,18.97,1.0241,1.0241,0.8256,0
353,2,0.00,0.00,0.00,0.00,0.00,0.00,0.00,,22.34,,18.61,18.61,1.0256,1.0256,0.8256,0
353,3,0.00,0.00,0.00,0.00,0.00,0.00,0.00,,22.34,,17.60,17.60,1.0296,1.0296,0.8256,0
353,4,0.00,0.00,0.00,0.00,0.00,0.00,0.00,,22.34,,17.24,17.24,1.0310,1.0310,0.8256,0
353,5,0.00,0.00,0.00,0.00,0.00,0.00,0.00,,22.34,,17.15,17.15,1.0314,1.0314,0.8256,0
353,6,0.00,0.00,0.00,0.00,0.00,0.00,0.00,,22.34,,16.91,16.91,1.0324,1.0324,0.8256,0
353,7,46.08,0.00,0.19,0.16,0.19,0.16,0.00,,22.34,,18.38,18.38,1.0265,1.0265,0.8256,0
353,8,67.57,0.00,0.28,0.23,0.28,0.23,0.00,,22.34,,19.35,19.35,1.0226,1.0226,0.8256,0
353,9,373.52,0.11,1.49,1.23,1.47,1.21,0.85,1440.00,22.34,22.84,29.57,25.55,0.9817,0.9978,0.8256,0
353,10,589.69,0.19,2.33,1.92,2.23,1.84,2.29,1440.00,22.34,23.71,38.92,28.04,0.9443,0.9878,0.8256,0
353,11,731.30,0.20,2.87,2.37,2.71,2.24,2.86,1440.00,22.34,24.05,43.14,29.57,0.9274,0.9817,0.8256,1
353,12,861.15,0.20,3.36,2.78,3.14,2.59,3.39,1440.00,22.34,24.36,47.08,30.99,0.9117,0.9760,0.8256,1
353,13,909.03,0.19,3.54,2.92,3.29,2.72,3.54,1440.00,22.34,24.45,48.63,31.81,0.9055,0.9728,0.8256,1
353,14,1032.44,0.19,3.99,3.29,3.68,3.04,3.92,1440.00,22.34,24.68,52.13,33.53,0.8915,0.9659,0.8256,1
353,15,911.22,0.18,3.54,2.92,3.31,2.73,3.28,1440.00,22.34,24.30,48.08,32.51,0.9077,0.9700,0.8256,1
353,16,790.73,0.18,3.09,2.55,2.92,2.41,2.81,1440.00,22.34,24.01,44.19,30.87,0.9232,0.9765,0.8256,1
353,17,616.53,0.18,2.43,2.01,2.33,1.92,2.16,1440.00,22.34,23.63,38.92,28.66,0.9443,0.9854,0.8256,1
353,18,392.73,0.15,1.56,1.29,1.53,1.26,1.21,1440.00,22.34,23.06,31.89,26.16,0.9724,0.9954,0.8256,0
353,19,175.52,0.07,0.71,0.58,0.70,0.58,0.26,1440.00,22.34,22.49,25.16,23.93,0.9993,1.0043,0.8256,0
353,20,24.32,0.00,0.10,0.08,0.10,0.08,0.00,,22.34,,20.45,20.45,1.0182,1.0182,0.8256,0
353,21,0.00,0.00,0.00,0.00,0.00,0.00,0.00,,22.34,,19.83,19.83,1.0207,1.0207,0.8256,0
353,22,0.00,0.00,0.00,0.00,0.00,0.00,0.00,,22.34,,18.57,18.57,1.0257,1.0257,0.8256,0
353,23,0.00,0.00,0.00,0.00,0.00,0.00,0.00,,22.34,,18.24,18.24,1.0270,1.0270,0.8256,0
353,24,0.00,0.00,0.00,0.00,0.00,0.00,0.00,,22.34,,17.72,17.72,1.0291,1.0291,0.8256,0
354,1,0.00,0.00,0.00,0.00,0.00,0.00,0.00,,22.37,,17.87,17.87,1.0285,1.0285,0.8256,0
354,2,0.00,0.00,0.00,0.00,0.00,0.00,0.00,,22.37,,17.59,17.59,1.0296,1.0296,0.8256,0
354,3,0.00,0.00,0.00,0.00,0.00,0.00,0.00,,22.37,,16.90,16.90,1.0324,1.0324,0.8256,0
354,4,0.00,0.00,0.00,0.00,0.00,0.00,0.00,,22.37,,16.43,16.43,1.0343,1.0343,0.8256,0
354,5,0.00,0.00,0.00,0.00,0.00,0.00,0.00,,22.37,,16.29,16.29,1.0348,1.0348,0.8256,0
354,6,0.00,0.00,0.00,0.00,0.00,0.00,0.00,,22.37,,16.00,16.00,1.0360,1.0360,0.8256,0
354,7,43.84,0.00,0.18,0.15,0.18,0.15,0.00,,22.37,,17.39,17.39,1.0304,1.0304,0.8256,0
354,8,65.54,0.00,0.27,0.22,0.27,0.22,0.00,,22.37,,18.59,18.59,1.0256,1.0256,0.8256,0
354,9,387.87,0.13,1.55,1.28,1.52,1.26,0.98,1440.00,22.37,22.96,29.30,24.64,0.9828,1.0014,0.8256,0
354,10,631.51,0.22,2.52,2.08,2.39,1.97,2.74,1440.00,22.37,24.01,38.92,25.92,0.9443,0.9963,0.8256,0
354,11,834.43,0.24,3.31,2.73,3.06,2.53,3.99,1440.00,22.37,24.76,45.87,26.93,0.9165,0.9923,0.8256,1
354,12,977.94,0.26,3.87,3.19,3.49,2.88,5.01,1440.00,22.37,25.37,51.73,27.92,0.8931,0.9883,0.8256,1
354,13,1049.69,0.27,4.14,3.41,3.69,3.05,5.60,1440.00,22.37,25.72,55.31,28.72,0.8787,0.9851,0.8256,1
354,14,1042.76,0.26,4.10,3.39,3.67,3.03,5.53,1440.00,22.37,25.68,55.26,29.01,0.8790,0.9839,0.8256,1
354,15,961.85,0.26,3.78,3.12,3.42,2.82,5.02,1440.00,22.37,25.38,53.02,29.16,0.8879,0.9834,0.8256,1
354,16,816.28,0.25,3.21,2.65,2.96,2.44,4.10,1440.00,22.37,24.82,48.39,28.92,0.9064,0.9843,0.8256,1
354,17,619.64,0.25,2.45,2.02,2.31,1.90,3.06,1440.00,22.37,24.20,42.40,27.87,0.9304,0.9885,0.8256,1
354,18,396.58,0.24,1.58,1.30,1.52,1.26,1.90,1440.00,22.37,23.51,35.11,26.10,0.9595,0.9956,0.8256,0
354,19,178.29,0.25,0.72,0.59,0.70,0.58,0.88,1440.00,22.37,22.90,28.26,24.08,0.9870,1.0037,0.8256,0
354,20,24.63,0.35,0.10,0.08,0.10,0.08,0.17,1440.00,22.37,22.48,23.42,22.60,1.0063,1.0096,0.8256,0
354,21,0.00,0.00,0.00,0.00,0.00,0.00,0.00,,22.37,,22.73,22.73,1.0091,1.0091,0.8256,0
354,22,0.00,0.00,0.00,0.00,0.00,0.00,0.00,,22.37,,20.72,20.72,1.0171,1.0171,0.8256,0
354,23,0.00,0.00,0.00,0.00,0.00,0.00,0.00,,22.37,,20.45,20.45,1.0182,1.0182,0.8256,0
354,24,0.00,0.00,0.00,0.00,0.00,0.00,0.00,,22.37,,19.21,19.21,1.0232,1.0232,0.8256,0
355,1,0.00,0.00,0.00,0.00,0.00,0.00,0.00,,22.41,,19.69,19.69,1.0212,1.0212,0.8256,0
355,2,0.00,0.00,0.00,0.00,0.00,0.00,0.00,,22.41,,19.70,19.70,1.0212,1.0212,0.8256,0
355,3,0.00,0.00,0.00,0.00,0.00,0.00,0.00,,22.41,,19.21,19.21,1.0232,1.0232,0.8256,0
355,4,0.00,0.00,0.00,0.00,0.00,0.00,0.00,,22.41,,19.17,19.17,1.0233,1.0233,0.8256,0
355,5,0.00,0.00,0.00,0.00,0.00,0.00,0.00,,22.41,,18.48,18.48,1.0261,1.0261,0.8256,0
355,6,0.00,0.00,0.00,0.00,0.00,0.00,0.00,,22.41,,18.39,18.39,1.0264,1.0264,0.8256,0
355,7,41.13,0.00,0.17,0.14,0.17,0.14,0.00,,22.41,,19.65,19.65,1.0214,1.0214,0.8256,0
355,8,64.97,0.00,0.26,0.22,0.26,0.22,0.00,,22.41,,20.62,20.62,1.0175,1.0175,0.8256,0
355,9,376.22,0.16,1.50,1.24,1.47,1.21,1.20,1440.00,22.41,23.13,30.99,25.29,0.9761,0.9989,0.8256,0
355,10,614.88,0.24,2.44,2.01,2.30,1.90,2.90,1440.00,22.41,24.15,40.83,27.04,0.9367,0.9918,0.8256,0
355,11,814.55,0.26,3.22,2.66,2.96,2.44,4.16,1440.00,22.41,24.90,47.94,28.20,0.9082,0.9872,0.8256,1
355,12,956.38,0.28,3.77,3.11,3.37,2.78,5.43,1440.00,22.41,25.66,54.59,28.80,0.8817,0.9848,0.8256,1
355,13,1029.31,0.29,4.04,3.34,3.57,2.95,6.07,1440.00,22.41,26.04,58.29,29.46,0.8669,0.9822,0.8256,1
355,14,1024.70,0.29,4.01,3.31,3.55,2.93,5.93,1440.00,22.41,25.95,58.29,30.13,0.8668,0.9795,0.8256,1
355,15,949.50,0.29,3.72,3.07,3.32,2.74,5.56,1440.00,22.41,25.74,56.49,30.07,0.8740,0.9797,0.8256,1
355,16,805.73,0.30,3.17,2.62,2.88,2.38,4.77,1440.00,22.41,25.26,51.78,29.13,0.8929,0.9835,0.8256,1
355,17,599.08,0.31,2.37,1.96,2.20,1.82,3.77,1440.00,22.41,24.66,45.51,27.63,0.9180,0.9895,0.8256,1
355,18,385.76,0.36,1.54,1.27,1.46,1.20,2.75,1440.00,22.41,24.05,39.00,25.96,0.9440,0.9962,0.8256,0
355,19,174.93,0.51,0.70,0.58,0.68,0.56,1.79,1440.00,22.41,23.48,32.58,24.08,0.9697,1.0037,0.8256,0
355,20,32.46,1.00,0.13,0.11,0.13,0.11,0.65,1440.00,22.41,22.80,28.14,25.06,0.9874,0.9998,0.8256,0
355,21,0.00,0.00,0.00,0.00,0.00,0.00,0.00,,22.41,,26.88,26.88,0.9925,0.9925,0.8256,0
355,22,0.00,0.00,0.00,0.00,0.00,0.00,0.00,,22.41,,25.93,25.93,0.9963,0.9963,0.8256,0
355,23,0.00,0.00,0.00,0.00,0.00,0.00,0.00,,22.41,,26.05,26.05,0.9958,0.9958,0.8256,0
355,24,0.00,0.00,0.00,0.00,0.00,0.00,0.00,,22.41,,25.46,25.46,0.9982,0.9982,0.8256,0
356,1,0.00,0.00,0.00,0.00,0.00,0.00,0.00,,22.45,,25.48,25.48,0.9981,0.9981,0.8256,0
356,2,0.00,0.00,0.00,0.00,0.00,0.00,0.00,,22.45,,25.44,25.44,0.9982,0.9982,0.8256,0
356,3,0.00,0.00,0.00,0.00,0.00,0.00,0.00,,22.45,,24.49,24.49,1.0020,1.0020,0.8256,0
356,4,0.00,0.00,0.00,0.00,0.00,0.00,0.00,,22.45,,24.27,24.27,1.0029,1.0029,0.8256,0
356,5,0.00,0.00,0.00,0.00,0.00,0.00,0.00,,22.45,,23.46,23.46,1.0062,1.0062,0.8256,0
356,6,0.00,0.00,0.00,0.00,0.00,0.00,0.00,,22.45,,21.02,21.02,1.0159,1.0159,0.8256,0
356,7,50.40,0.00,0.20,0.17,0.20,0.17,0.00,,22.45,,22.01,22.01,1.0119,1.0119,0.8256,0
356,8,110.82,0.01,0.45,0.37,0.45,0.37,0.03,1440.00,22.45,22.47,23.73,23.58,1.0051,1.0057,0.8256,0
356,9,338.79,0.15,1.35,1.12,1.32,1.09,1.02,1440.00,22.45,23.06,30.66,25.81,0.9774,0.9967,0.8256,0
356,10,573.63,0.21,2.27,1.87,2.17,1.79,2.42,1440.00,22.45,23.89,39.08,27.57,0.9437,0.9897,0.8256,0
356,11,687.41,0.22,2.71,2.24,2.56,2.11,2.96,1440.00,22.45,24.22,42.58,28.51,0.9297,0.9860,0.8256,1
356,12,918.76,0.22,3.59,2.97,3.31,2.73,4.13,1440.00,22.45,24.92,50.12,30.50,0.8995,0.9780,0.8256,1
356,13,882.91,0.23,3.46,2.85,3.19,2.63,3.99,1440.00,22.45,24.83,49.22,30.28,0.9031,0.9789,0.8256,1
356,14,596.02,0.22,2.36,1.95,2.24,1.85,2.58,1440.00,22.45,23.99,40.11,27.83,0.9396,0.9887,0.8256,1
356,15,565.62,0.21,2.24,1.85,2.14,1.76,2.37,1440.00,22.45,23.86,38.82,27.56,0.9447,0.9898,0.8256,1
356,16,587.97,0.21,2.32,1.92,2.22,1.83,2.44,1440.00,22.45,23.90,39.50,27.91,0.9420,0.9884,0.8256,1
356,17,425.59,0.20,1.69,1.40,1.64,1.35,1.69,1440.00,22.45,23.46,34.49,26.45,0.9620,0.9942,0.8256,1
356,18,334.59,0.18,1.34,1.10,1.31,1.08,1.17,1440.00,22.45,23.15,31.16,25.59,0.9754,0.9976,0.8256,0
356,19,161.98,0.11,0.65,0.54,0.65,0.53,0.34,1440.00,22.45,22.65,25.57,23.93,0.9977,1.0043,0.8256,0
356,20,27.61,0.00,0.11,0.09,0.11,0.09,0.00,,22.45,,21.35,21.35,1.0146,1.0146,0.8256,0
356,21,0.00,0.00,0.00,0.00,0.00,0.00,0.00,,22.45,,20.73,20.73,1.0171,1.0171,0.8256,0
356,22,0.00,0.00,0.00,0.00,0.00,0.00,0.00,,22.45,,19.93,19.93,1.0203,1.0203,0.8256,0
356,23,0.00,0.00,0.00,0.00,0.00,0.00,0.00,,22.45,,20.08,20.08,1.0197,1.0197,0.8256,0
356,24,0.00,0.00,0.00,0.00,0.00,0.00,0.00,,22.45,,19.67,19.67,1.0213,1.0213,0.8256,0
357,1,0.00,0.00,0.00,0.00,0.00,0.00,0.00,,22.48,,19.55,19.55,1.0218,1.0218,0.8256,0
357,2,0.00,0.00,0.00,0.00,0.00,0.00,0.00,,22.48,,19.43,19.43,1.0223,1.0223,0.8256,0
357,3,0.00,0.00,0.00,0.00,0.00,0.00,0.00,,22.48,,19.20,19.20,1.0232,1.0232,0.8256,0
357,4,0.00,0.00,0.00,0.00,0.00,0.00,0.00,,22.48,,19.29,19.29,1.0228,1.0228,0.8256,0
357,5,0.00,0.00,0.00,0.00,0.00,0.00,0.00,,22.48,,19.31,19.31,1.0228,1.0228,0.8256,0
357,6,0.00,0.00,0.00,0.00,0.00,0.00,0.00,,22.48,,19.43,19.43,1.0223,1.0223,0.8256,0
357,7,40.22,0.00,0.16,0.14,0.16,0.14,0.00,,22.48,,20.72,20.72,1.0171,1.0171,0.8256,0
357,8,92.23,0.00,0.37,0.31,0.37,0.31,0.00,,22.48,,22.33,22.33,1.0107,1.0107,0.8256,0
357,9,313.86,0.17,1.26,1.04,1.23,1.02,1.08,1440.00,22.48,23.13,29.20,24.06,0.9832,1.0038,0.8256,0
357,10,462.78,0.23,1.85,1.53,1.78,1.47,2.17,1440.00,22.48,23.78,35.13,24.83,0.9595,1.0007,0.8256,0
357,11,676.14,0.24,2.69,2.22,2.52,2.08,3.31,1440.00,22.48,24.46,41.88,26.17,0.9325,0.9953,0.8256,1
357,12,906.36,0.25,3.58,2.95,3.26,2.69,4.60,1440.00,22.48,25.23,50.20,28.34,0.8992,0.9866,0.8256,1
357,13,992.64,0.26,3.89,3.21,3.51,2.89,5.12,1440.00,22.48,25.54,54.26,29.96,0.8830,0.9802,0.8256,1
357,14,980.67,0.25,3.84,3.17,3.46,2.86,4.99,1440.00,22.48,25.46,54.18,30.50,0.8833,0.9780,0.8256,1
357,15,831.51,0.26,3.26,2.69,2.99,2.47,4.25,1440.00,22.48,25.02,50.32,30.16,0.8987,0.9793,0.8256,1
357,16,702.53,0.25,2.76,2.28,2.57,2.12,3.54,1440.00,22.48,24.59,46.37,29.57,0.9145,0.9817,0.8256,1
357,17,517.24,0.26,2.05,1.69,1.94,1.60,2.71,1440.00,22.48,24.10,40.75,27.90,0.9370,0.9884,0.8256,1
357,18,368.86,0.26,1.47,1.21,1.41,1.17,1.95,1440.00,22.48,23.64,35.71,26.46,0.9572,0.9942,0.8256,0
357,19,173.74,0.30,0.70,0.58,0.68,0.56,1.05,1440.00,22.48,23.11,29.35,24.36,0.9826,1.0025,0.8256,0
357,20,35.39,0.64,0.14,0.12,0.14,0.12,0.45,1440.00,22.48,22.75,25.02,22.86,0.9999,1.0086,0.8256,0
357,21,0.00,0.00,0.00,0.00,0.00,0.00,0.00,,22.48,,24.15,24.15,1.0034,1.0034,0.8256,0
357,22,0.00,0.00,0.00,0.00,0.00,0.00,0.00,,22.48,,23.17,23.17,1.0073,1.0073,0.8256,0
357,23,0.00,0.00,0.00,0.00,0.00,0.00,0.00,,22.48,,23.33,23.33,1.0067,1.0067,0.8256,0
357,24,0.00,0.00,0.00,0.00,0.00,0.00,0.00,,22.48,,22.95,22.95,1.0082,1.0082,0.8256,0
358,1,0.00,0.00,0.00,0.00,0.00,0.00,0.00,,22.51,,23.05,23.05,1.0078,1.0078,0.8256,0
358,2,0.00,0.00,0.00,0.00,0.00,0.00,0.00,,22.51,,23.11,23.11,1.0076,1.0076,0.8256,0
358,3,0.00,0.00,0.00,0.00,0.00,0.00,0.00,,22.51,,23.42,23.42,1.0063,1.0063,0.8256,0
358,4,0.00,0.00,0.00,0.00,0.00,0.00,0.00,,22.51,,24.35,24.35,1.0026,1.0026,0.8256,0
358,5,0.00,0.00,0.00,0.00,0.00,0.00,0.00,,22.51,,25.88,25.88,0.9965,0.9965,0.8256,0
358,6,0.00,0.00,0.00,0.00,0.00,0.00,0.00,,22.51,,27.09,27.09,0.9916,0.9916,0.8256,0
358,7,40.74,1.00,0.16,0.13,0.16,0.13,0.81,1440.00,22.51,23.00,29.10,25.23,0.9836,0.9991,0.8256,0
358,8,89.39,0.87,0.36,0.30,0.35,0.29,1.56,1440.00,22.51,23.45,31.11,23.69,0.9755,1.0053,0.8256,0
358,9,333.56,0.38,1.32,1.09,1.26,1.04,2.57,1440.00,22.51,24.04,39.09,26.91,0.9436,0.9924,0.8256,0
358,10,505.96,0.38,1.99,1.65,1.85,1.52,3.84,1440.00,22.51,24.80,46.95,28.72,0.9122,0.9851,0.8256,0
358,11,667.99,0.35,2.61,2.16,2.38,1.96,4.63,1440.00,22.51,25.28,52.64,30.68,0.8894,0.9773,0.8256,1
358,12,499.29,0.41,1.97,1.63,1.81,1.50,4.14,1440.00,22.51,24.99,48.23,28.57,0.9071,0.9857,0.8256,1
358,13,424.13,0.45,1.68,1.39,1.56,1.29,3.85,1440.00,22.51,24.81,45.50,27.20,0.9180,0.9912,0.8256,1
358,14,413.44,0.44,1.64,1.36,1.53,1.26,3.63,1440.00,22.51,24.68,43.95,26.73,0.9242,0.9931,0.8256,1
358,15,547.02,0.37,2.16,1.79,2.00,1.65,4.05,1440.00,22.51,24.93,46.90,27.66,0.9124,0.9894,0.8256,1
358,16,598.25,0.36,2.37,1.96,2.17,1.79,4.34,1440.00,22.51,25.10,48.10,27.50,0.9076,0.9900,0.8256,1
358,17,419.12,0.41,1.67,1.38,1.56,1.29,3.47,1440.00,22.51,24.59,42.46,25.96,0.9302,0.9962,0.8256,1
358,18,264.57,0.43,1.06,0.87,1.01,0.84,2.25,1440.00,22.51,23.86,35.69,25.00,0.9572,1.0000,0.8256,0
358,19,132.86,0.36,0.53,0.44,0.52,0.43,0.96,1440.00,22.51,23.08,28.44,23.89,0.9862,1.0044,0.8256,0
358,20,25.54,0.36,0.10,0.09,0.10,0.08,0.18,1440.00,22.51,22.62,23.64,22.77,1.0054,1.0089,0.8256,0
358,21,0.05,0.00,0.00,0.00,0.00,0.00,0.00,,22.51,,21.73,21.73,1.0131,1.0131,0.8256,0
358,22,0.00,0.00,0.00,0.00,0.00,0.00,0.00,,22.51,,20.06,20.06,1.0198,1.0198,0.8256,0
358,23,0.00,0.00,0.00,0.00,0.00,0.00,0.00,,22.51,,20.41,20.41,1.0184,1.0184,0.8256,0
358,24,0.00,0.00,0.00,0.00,0.00,0.00,0.00,,22.51,,19.96,19.96,1.0202,1.0202,0.8256,0
359,1,0.00,0.00,0.00,0.00,0.00,0.00,0.00,,22.54,,19.99,19.99,1.0200,1.0200,0.8256,0
359,2,0.00,0.00,0.00,0.00,0.00,0.00,0.00,,22.54,,19.94,19.94,1.0202,1.0202,0.8256,0
359,3,0.00,0.00,0.00,0.00,0.00,0.00,0.00,,22.54,,19.99,19.99,1.0200,1.0200,0.8256,0
359,4,0.00,0.00,0.00,0.00,0.00,0.00,0.00,,22.54,,18.95,18.95,1.0242,1.0242,0.8256,0
359,5,0.00,0.00,0.00,0.00,0.00,0.00,0.00,,22.54,,18.70,18.70,1.0252,1.0252,0.8256,0
359,6,0.00,0.00,0.00,0.00,0.00,0.00,0.00,,22.54,,18.52,18.52,1.0259,1.0259,0.8256,0
359,7,40.40,0.00,0.16,0.14,0.16,0.14,0.00,,22.54,,20.14,20.14,1.0194,1.0194,0.8256,0
359,8,68.09,0.00,0.28,0.23,0.28,0.23,0.00,,22.54,,21.02,21.02,1.0159,1.0159,0.8256,0
359,9,373.61,0.16,1.50,1.23,1.46,1.21,1.22,1440.00,22.54,23.27,30.66,24.86,0.9774,1.0006,0.8256,0
359,10,619.56,0.23,2.46,2.03,2.32,1.92,2.88,1440.00,22.54,24.26,40.48,26.82,0.9381,0.9927,0.8256,0
359,11,826.96,0.25,3.27,2.70,3.01,2.48,4.10,1440.00,22.54,24.99,47.53,28.07,0.9099,0.9877,0.8256,1
359,12,972.60,0.27,3.83,3.17,3.45,2.85,5.25,1440.00,22.54,25.68,53.50,28.58,0.8860,0.9857,0.8256,1
359,13,1047.22,0.29,4.14,3.41,3.66,3.02,6.01,1440.00,22.54,26.13,56.73,28.21,0.8731,0.9872,0.8256,1
359,14,1045.78,0.28,4.12,3.40,3.65,3.02,5.90,1440.00,22.54,26.07,56.60,28.59,0.8736,0.9857,0.8256,1
359,15,969.40,0.27,3.81,3.14,3.42,2.82,5.27,1440.00,22.54,25.69,54.55,29.54,0.8818,0.9818,0.8256,1
359,16,825.90,0.27,3.25,2.68,2.97,2.45,4.44,1440.00,22.54,25.19,50.15,29.08,0.8994,0.9837,0.8256,1
359,17,630.62,0.27,2.49,2.06,2.33,1.92,3.47,1440.00,22.54,24.61,44.26,27.80,0.9230,0.9888,0.8256,1
359,18,407.68,0.29,1.62,1.34,1.55,1.28,2.35,1440.00,22.54,23.95,37.18,26.01,0.9513,0.9960,0.8256,0
359,19,186.86,0.35,0.75,0.62,0.73,0.60,1.31,1440.00,22.54,23.33,30.40,24.17,0.9784,1.0033,0.8256,0
359,20,27.98,1.00,0.11,0.09,0.11,0.09,0.56,1440.00,22.54,22.88,25.51,22.86,0.9979,1.0086,0.8256,0
359,21,0.05,1.00,0.00,0.00,0.00,0.00,0.00,1440.00,22.54,22.54,24.75,24.75,1.0010,1.0010,0.8256,0
359,22,0.00,0.00,0.00,0.00,0.00,0.00,0.00,,22.54,,22.67,22.67,1.0093,1.0093,0.8256,0
359,23,0.00,0.00,0.00,0.00,0.00,0.00,0.00,,22.54,,22.19,22.19,1.0112,1.0112,0.8256,0
359,24,0.00,0.00,0.00,0.00,0.00,0.00,0.00,,22.54,,20.87,20.87,1.0165,1.0165,0.8256,0
360,1,0.00,0.00,0.00,0.00,0.00,0.00,0.00,,22.57,,20.65,20.65,1.0174,1.0174,0.8256,0
360,2,0.00,0.00,0.00,0.00,0.00,0.00,0.00,,22.57,,20.50,20.50,1.0180,1.0180,0.8256,0
360,3,0.00,0.00,0.00,0.00,0.00,0.00,0.00,,22.57,,19.98,19.98,1.0201,1.0201,0.8256,0
360,4,0.00,0.00,0.00,0.00,0.00,0.00,0.00,,22.57,,20.14,20.14,1.0194,1.0194,0.8256,0
360,5,0.00,0.00,0.00,0.00,0.00,0.00,0.00,,22.57,,20.08,20.08,1.0197,1.0197,0.8256,0
360,6,0.00,0.00,0.00,0.00,0.00,0.00,0.00,,22.57,,19.39,19.39,1.0224,1.0224,0.8256,0
360,7,33.83,0.00,0.14,0.11,0.14,0.11,0.00,,22.57,,20.25,20.25,1.0190,1.0190,0.8256,0
360,8,63.79,0.00,0.26,0.21,0.26,0.21,0.00,,22.57,,21.60,21.60,1.0136,1.0136,0.8256,0
360,9,374.25,0.21,1.50,1.24,1.45,1.20,1.54,1440.00,22.57,23.49,32.21,24.91,0.9712,1.0003,0.8256,0
360,10,618.26,0.27,2.46,2.03,2.30,1.90,3.36,1440.00,22.57,24.58,42.33,26.37,0.9307,0.9945,0.8256,0
360,11,822.71,0.28,3.26,2.69,2.97,2.45,4.58,1440.00,22.57,25.31,49.21,27.46,0.9032,0.9902,0.8256,1
360,12,963.29,0.29,3.81,3.14,3.39,2.80,5.65,1440.00,22.57,25.95,54.76,27.93,0.8809,0.9883,0.8256,1
360,13,1043.27,0.29,4.10,3.39,3.63,2.99,6.01,1440.00,22.57,26.16,57.71,29.16,0.8692,0.9834,0.8256,1
360,14,1042.89,0.27,4.08,3.37,3.63,3.00,5.66,1440.00,22.57,25.96,57.27,30.38,0.8709,0.9785,0.8256,1
360,15,965.64,0.26,3.77,3.11,3.40,2.81,5.06,1440.00,22.57,25.59,54.85,30.82,0.8806,0.9767,0.8256,1
360,16,821.87,0.25,3.22,2.65,2.96,2.44,4.16,1440.00,22.57,25.06,50.24,30.47,0.8990,0.9781,0.8256,1
360,17,623.54,0.25,2.45,2.03,2.31,1.90,3.10,1440.00,22.57,24.42,43.75,29.03,0.9250,0.9839,0.8256,1
360,18,402.93,0.25,1.60,1.32,1.54,1.27,2.05,1440.00,22.57,23.79,36.42,26.70,0.9543,0.9932,0.8256,0
360,19,184.67,0.29,0.74,0.61,0.73,0.60,1.08,1440.00,22.57,23.22,29.53,24.39,0.9819,1.0025,0.8256,0
360,20,28.65,0.67,0.12,0.10,0.11,0.09,0.38,1440.00,22.57,22.80,24.65,22.83,1.0014,1.0087,0.8256,0
360,21,0.09,1.00,0.00,0.00,0.00,0.00,0.00,1440.00,22.57,22.57,23.72,23.71,1.0051,1.0051,0.8256,0
360,22,0.00,0.00,0.00,0.00,0.00,0.00,0.00,,22.57,,22.35,22.35,1.0106,1.0106,0.8256,0
360,23,0.00,0.00,0.00,0.00,0.00,0.00,0.00,,22.57,,22.29,22.29,1.0108,1.0108,0.8256,0
360,24,0.00,0.00,0.00,0.00,0.00,0.00,0.00,,22.57,,21.66,21.66,1.0134,1.0134,0.8256,0
361,1,0.00,0.00,0.00,0.00,0.00,0.00,0.00,,22.60,,21.61,21.61,1.0136,1.0136,0.8256,0
361,2,0.00,0.00,0.00,0.00,0.00,0.00,0.00,,22.60,,21.53,21.53,1.0139,1.0139,0.8256,0
361,3,0.00,0.00,0.00,0.00,0.00,0.00,0.00,,22.60,,21.23,21.23,1.0151,1.0151,0.8256,0
361,4,0.00,0.00,0.00,0.00,0.00,0.00,0.00,,22.60,,21.20,21.20,1.0152,1.0152,0.8256,0
361,5,0.00,0.00,0.00,0.00,0.00,0.00,0.00,,22.60,,21.19,21.19,1.0152,1.0152,0.8256,0
361,6,0.00,0.00,0.00,0.00,0.00,0.00,0.00,,22.60,,21.03,21.03,1.0159,1.0159,0.8256,0
361,7,34.31,0.00,0.14,0.11,0.14,0.11,0.00,,22.60,,22.08,22.08,1.0117,1.0117,0.8256,0
361,8,72.83,0.04,0.29,0.24,0.29,0.24,0.05,1440.00,22.60,22.63,23.34,23.08,1.0067,1.0077,0.8256,0
361,9,269.49,0.20,1.08,0.89,1.06,0.87,1.10,1440.00,22.60,23.26,29.52,24.32,0.9819,1.0027,0.8256,0
361,10,448.84,0.26,1.79,1.48,1.71,1.41,2.34,1440.00,22.60,24.00,36.52,25.41,0.9539,0.9984,0.8256,0
361,11,578.24,0.26,2.30,1.90,2.17,1.79,3.01,1440.00,22.60,24.40,40.71,26.40,0.9372,0.9944,0.8256,1
361,12,775.09,0.26,3.06,2.53,2.82,2.33,4.06,1440.00,22.60,25.03,47.53,28.24,0.9099,0.9871,0.8256,1
361,13,755.43,0.27,2.98,2.46,2.75,2.27,4.06,1440.00,22.60,25.03,47.71,28.41,0.9092,0.9863,0.8256,1
361,14,816.21,0.26,3.21,2.65,2.94,2.43,4.30,1440.00,22.60,25.17,49.63,29.23,0.9015,0.9831,0.8256,1
361,15,729.60,0.27,2.87,2.37,2.66,2.19,3.91,1440.00,22.60,24.93,47.43,28.88,0.9103,0.9845,0.8256,1
361,16,738.43,0.26,2.90,2.40,2.69,2.22,3.87,1440.00,22.60,24.91,47.62,29.23,0.9095,0.9831,0.8256,1
361,17,543.65,0.27,2.15,1.78,2.03,1.68,2.94,1440.00,22.60,24.36,41.60,27.62,0.9336,0.9895,0.8256,1
361,18,335.01,0.27,1.34,1.10,1.29,1.06,1.84,1440.00,22.60,23.70,34.57,25.82,0.9617,0.9967,0.8256,0
361,19,168.43,0.32,0.68,0.56,0.66,0.55,1.07,1440.00,22.60,23.24,29.33,24.27,0.9827,1.0029,0.8256,0
361,20,23.33,0.90,0.09,0.08,0.09,0.08,0.42,1440.00,22.60,22.85,24.82,22.83,1.0007,1.0087,0.8256,0
361,21,0.09,1.00,0.00,0.00,0.00,0.00,0.00,1440.00,22.60,22.60,24.16,24.15,1.0033,1.0034,0.8256,0
361,22,0.00,0.00,0.00,0.00,0.00,0.00,0.00,,22.60,,23.21,23.21,1.0072,1.0072,0.8256,0
361,23,0.00,0.00,0.00,0.00,0.00,0.00,0.00,,22.60,,23.37,23.37,1.0065,1.0065,0.8256,0
361,24,0.00,0.00,0.00,0.00,0.00,0.00,0.00,,22.60,,22.95,22.95,1.0082,1.0082,0.8256,0
362,1,0.00,0.00,0.00,0.00,0.00,0.00,0.00,,22.63,,22.61,22.61,1.0096,1.0096,0.8256,0
362,2,0.00,0.00,0.00,0.00,0.00,0.00,0.00,,22.63,,22.95,22.95,1.0082,1.0082,0.8256,0
362,3,0.00,0.00,0.00,0.00,0.00,0.00,0.00,,22.63,,22.60,22.60,1.0096,1.0096,0.8256,0
362,4,0.00,0.00,0.00,0.00,0.00,0.00,0.00,,22.63,,22.49,22.49,1.0100,1.0100,0.8256,0
362,5,0.00,0.00,0.00,0.00,0.00,0.00,0.00,,22.63,,22.43,22.43,1.0103,1.0103,0.8256,0
362,6,0.00,0.00,0.00,0.00,0.00,0.00,0.00,,22.63,,22.11,22.11,1.0116,1.0116,0.8256,0
362,7,35.21,0.00,0.14,0.12,0.14,0.12,0.00,,22.63,,22.36,22.36,1.0106,1.0106,0.8256,0
362,8,67.90,0.04,0.27,0.23,0.27,0.23,0.06,1440.00,22.63,22.66,23.40,23.11,1.0064,1.0075,0.8256,0
362,9,358.08,0.21,1.43,1.18,1.39,1.15,1.53,1440.00,22.63,23.54,32.34,25.08,0.9706,0.9997,0.8256,0
362,10,592.90,0.27,2.36,1.95,2.21,1.83,3.22,1440.00,22.63,24.55,41.75,26.46,0.9330,0.9942,0.8256,0
362,11,790.67,0.27,3.12,2.58,2.86,2.36,4.34,1440.00,22.63,25.22,48.68,28.08,0.9053,0.9877,0.8256,1
362,12,888.37,0.29,3.49,2.89,3.15,2.60,5.08,1440.00,22.63,25.66,53.24,29.13,0.8870,0.9835,0.8256,1
362,13,806.17,0.30,3.18,2.62,2.88,2.38,4.88,1440.00,22.63,25.55,51.94,28.74,0.8922,0.9850,0.8256,1
362,14,551.58,0.34,2.19,1.81,2.04,1.68,3.75,1440.00,22.63,24.87,44.40,26.61,0.9224,0.9936,0.8256,1
362,15,307.02,0.42,1.23,1.02,1.17,0.97,2.59,1440.00,22.63,24.17,36.99,24.71,0.9520,1.0012,0.8256,1
362,16,250.07,0.38,1.00,0.83,0.97,0.80,1.91,1440.00,22.63,23.77,33.55,24.47,0.9658,1.0021,0.8256,1
362,17,338.93,0.33,1.35,1.12,1.29,1.07,2.21,1440.00,22.63,23.94,36.25,25.78,0.9550,0.9969,0.8256,1
362,18,384.55,0.33,1.53,1.26,1.46,1.20,2.54,1440.00,22.63,24.15,38.26,26.18,0.9470,0.9953,0.8256,0
362,19,171.51,0.48,0.69,0.57,0.67,0.55,1.66,1440.00,22.63,23.62,31.99,24.09,0.9720,1.0036,0.8256,0
362,20,29.27,1.00,0.12,0.10,0.12,0.10,0.59,1440.00,22.63,22.98,27.56,24.78,0.9897,1.0009,0.8256,0
362,21,0.14,1.00,0.00,0.00,0.00,0.00,0.00,1440.00,22.63,22.63,26.91,26.90,0.9923,0.9924,0.8256,0
362,22,0.00,0.00,0.00,0.00,0.00,0.00,0.00,,22.63,,26.04,26.04,0.9958,0.9958,0.8256,0
362,23,0.00,0.00,0.00,0.00,0.00,0.00,0.00,,22.63,,26.52,26.52,0.9939,0.9939,0.8256,0
362,24,0.00,0.00,0.00,0.00,0.00,0.00,0.00,,22.63,,25.29,25.29,0.9988,0.9988,0.8256,0
363,1,0.00,0.00,0.00,0.00,0.00,0.00,0.00,,22.65,,23.26,23.26,1.0070,1.0070,0.8256,0
363,2,0.00,0.00,0.00,0.00,0.00,0.00,0.00,,22.65,,21.90,21.90,1.0124,1.0124,0.8256,0
363,3,0.00,0.00,0.00,0.00,0.00,0.00,0.00,,22.65,,20.38,20.38,1.0185,1.0185,0.8256,0
363,4,0.00,0.00,0.00,0.00,0.00,0.00,0.00,,22.65,,20.32,20.32,1.0187,1.0187,0.8256,0
363,5,0.00,0.00,0.00,0.00,0.00,0.00,0.00,,22.65,,20.26,20.26,1.0190,1.0190,0.8256,0
363,6,0.00,0.00,0.00,0.00,0.00,0.00,0.00,,22.65,,19.93,19.93,1.0203,1.0203,0.8256,0
363,7,33.41,0.00,0.14,0.11,0.14,0.11,0.00,,22.65,,20.96,20.96,1.0161,1.0161,0.8256,0
363,8,71.93,0.00,0.29,0.24,0.29,0.24,0.00,,22.65,,22.24,22.24,1.0110,1.0110,0.8256,0
363,9,356.74,0.16,1.42,1.17,1.39,1.15,1.15,1440.00,22.65,23.34,31.20,25.72,0.9752,0.9971,0.8256,0
363,10,598.87,0.23,2.38,1.96,2.25,1.86,2.80,1440.00,22.65,24.32,40.23,26.94,0.9391,0.9922,0.8256,0
363,11,809.38,0.25,3.20,2.64,2.95,2.44,4.05,1440.00,22.65,25.07,46.98,27.76,0.9121,0.9890,0.8256,1
363,12,958.88,0.27,3.78,3.12,3.41,2.81,5.11,1440.00,22.65,25.71,52.92,28.65,0.8883,0.9854,0.8256,1
363,13,1041.10,0.26,4.08,3.37,3.64,3.01,5.47,1440.00,22.65,25.92,56.19,30.22,0.8752,0.9791,0.8256,1
363,14,1038.66,0.25,4.05,3.34,3.64,3.01,5.14,1440.00,22.65,25.72,55.95,31.53,0.8762,0.9739,0.8256,1
363,15,962.47,0.24,3.75,3.10,3.41,2.82,4.63,1440.00,22.65,25.42,53.55,31.55,0.8858,0.9738,0.8256,1
363,16,819.42,0.24,3.21,2.65,2.96,2.44,3.93,1440.00,22.65,25.00,49.15,30.49,0.9034,0.9781,0.8256,1
363,17,629.93,0.25,2.48,2.05,2.33,1.93,3.15,1440.00,22.65,24.54,43.46,28.47,0.9262,0.9861,0.8256,1
363,18,407.25,0.26,1.62,1.34,1.56,1.28,2.16,1440.00,22.65,23.94,36.34,26.09,0.9547,0.9956,0.8256,0
363,19,189.00,0.31,0.76,0.63,0.74,0.61,1.16,1440.00,22.65,23.35,29.66,24.15,0.9814,1.0034,0.8256,0
363,20,31.13,0.60,0.13,0.10,0.12,0.10,0.37,1440.00,22.65,22.87,24.64,22.88,1.0014,1.0085,0.8256,0
363,21,0.19,1.00,0.00,0.00,0.00,0.00,0.00,1440.00,22.65,22.65,23.55,23.53,1.0058,1.0059,0.8256,0
363,22,0.00,0.00,0.00,0.00,0.00,0.00,0.00,,22.65,,21.87,21.87,1.0125,1.0125,0.8256,0
363,23,0.00,0.00,0.00,0.00,0.00,0.00,0.00,,22.65,,21.88,21.88,1.0125,1.0125,0.8256,0
363,24,0.00,0.00,0.00,0.00,0.00,0.00,0.00,,22.65,,21.16,21.16,1.0154,1.0154,0.8256,0
364,1,0.00,0.00,0.00,0.00,0.00,0.00,0.00,,22.68,,21.07,21.07,1.0157,1.0157,0.8256,0
364,2,0.00,0.00,0.00,0.00,0.00,0.00,0.00,,22.68,,21.02,21.02,1.0159,1.0159,0.8256,0
364,3,0.00,0.00,0.00,0.00,0.00,0.00,0.00,,22.68,,20.50,20.50,1.0180,1.0180,0.8256,0
364,4,0.00,0.00,0.00,0.00,0.00,0.00,0.00,,22.68,,20.37,20.37,1.0185,1.0185,0.8256,0
364,5,0.00,0.00,0.00,0.00,0.00,0.00,0.00,,22.68,,20.27,20.27,1.0189,1.0189,0.8256,0
364,6,0.00,0.00,0.00,0.00,0.00,0.00,0.00,,22.68,,19.82,19.82,1.0207,1.0207,0.8256,0
364,7,33.55,0.00,0.14,0.11,0.14,0.11,0.00,,22.68,,20.90,20.90,1.0164,1.0164,0.8256,0
364,8,69.56,0.00,0.28,0.23,0.28,0.23,0.00,,22.68,,22.17,22.17,1.0113,1.0113,0.8256,0
364,9,356.90,0.19,1.43,1.18,1.39,1.15,1.37,1440.00,22.68,23.50,31.13,24.61,0.9755,1.0016,0.8256,0
364,10,598.59,0.25,2.38,1.97,2.24,1.85,3.05,1440.00,22.68,24.50,40.69,26.20,0.9373,0.9952,0.8256,0
364,11,803.74,0.26,3.18,2.63,2.92,2.41,4.21,1440.00,22.68,25.19,47.62,27.62,0.9095,0.9895,0.8256,1
364,12,957.29,0.28,3.77,3.11,3.38,2.79,5.35,1440.00,22.68,25.87,54.06,28.67,0.8838,0.9853,0.8256,1
364,13,1037.48,0.29,4.07,3.36,3.61,2.98,5.92,1440.00,22.68,26.22,57.80,29.67,0.8688,0.9813,0.8256,1
364,14,1043.06,0.28,4.08,3.37,3.62,2.99,5.77,1440.00,22.68,26.12,57.90,30.49,0.8684,0.9781,0.8256,1
364,15,972.14,0.28,3.80,3.14,3.40,2.81,5.43,1440.00,22.68,25.92,56.24,30.47,0.8750,0.9781,0.8256,1
364,16,831.52,0.28,3.26,2.69,2.97,2.45,4.65,1440.00,22.68,25.45,51.82,29.74,0.8927,0.9810,0.8256,1
364,17,637.43,0.29,2.52,2.08,2.34,1.93,3.69,1440.00,22.68,24.88,45.83,28.30,0.9167,0.9868,0.8256,1
364,18,413.48,0.31,1.65,1.36,1.57,1.29,2.54,1440.00,22.68,24.19,38.40,26.34,0.9464,0.9946,0.8256,0
364,19,192.51,0.38,0.77,0.64,0.75,0.62,1.45,1440.00,22.68,23.54,31.22,24.34,0.9751,1.0026,0.8256,0
364,20,31.47,1.00,0.13,0.10,0.13,0.10,0.63,1440.00,22.68,23.05,26.03,23.04,0.9959,1.0078,0.8256,0
364,21,0.19,1.00,0.00,0.00,0.00,0.00,0.00,1440.00,22.68,22.68,24.95,24.93,1.0002,1.0003,0.8256,0
364,22,0.00,0.00,0.00,0.00,0.00,0.00,0.00,,22.68,,23.22,23.22,1.0071,1.0071,0.8256,0
364,23,0.00,0.00,0.00,0.00,0.00,0.00,0.00,,22.68,,23.22,23.22,1.0071,1.0071,0.8256,0
364,24,0.00,0.00,0.00,0.00,0.00,0.00,0.00,,22.68,,22.27,22.27,1.0109,1.0109,0.8256,0
365,1,0.00,0.00,0.00,0.00,0.00,0.00,0.00,,22.70,,22.23,22.23,1.0111,1.0111,0.8256,0
365,2,0.00,0.00,0.00,0.00,0.00,0.00,0.00,,22.70,,22.15,22.15,1.0114,1.0114,0.8256,0
365,3,0.00,0.00,0.00,0.00,0.00,0.00,0.00,,22.70,,21.96,21.96,1.0122,1.0122,0.8256,0
365,4,0.00,0.00,0.00,0.00,0.00,0.00,0.00,,22.70,,21.85,21.85,1.0126,1.0126,0.8256,0
365,5,0.00,0.00,0.00,0.00,0.00,0.00,0.00,,22.70,,21.84,21.84,1.0126,1.0126,0.8256,0
365,6,0.00,0.00,0.00,0.00,0.00,0.00,0.00,,22.70,,21.95,21.95,1.0122,1.0122,0.8256,0
365,7,30.29,0.10,0.12,0.10,0.12,0.10,0.06,1440.00,22.70,22.73,23.17,22.88,1.0073,1.0085,0.8256,0
365,8,115.79,0.24,0.47,0.38,0.46,0.38,0.55,1440.00,22.70,23.03,26.04,23.42,0.9958,1.0063,0.8256,0
365,9,265.00,0.24,1.06,0.88,1.04,0.86,1.30,1440.00,22.70,23.47,30.55,24.40,0.9778,1.0024,0.8256,0
365,10,409.08,0.29,1.63,1.35,1.56,1.29,2.35,1440.00,22.70,24.10,36.69,25.52,0.9532,0.9979,0.8256,0
365,11,663.04,0.27,2.63,2.17,2.44,2.02,3.65,1440.00,22.70,24.88,44.69,27.38,0.9212,0.9905,0.8256,1
365,12,837.79,0.28,3.30,2.73,3.00,2.48,4.75,1440.00,22.70,25.54,51.30,28.75,0.8948,0.9850,0.8256,1
365,13,974.46,0.28,3.82,3.15,3.41,2.81,5.55,1440.00,22.70,26.01,56.55,30.20,0.8738,0.9792,0.8256,1
365,14,1013.95,0.28,3.96,3.27,3.53,2.91,5.59,1440.00,22.70,26.04,57.71,31.15,0.8692,0.9754,0.8256,1
365,15,939.70,0.28,3.67,3.03,3.29,2.72,5.26,1440.00,22.70,25.84,56.01,31.04,0.8760,0.9759,0.8256,1
365,16,819.06,0.28,3.21,2.65,2.92,2.41,4.60,1440.00,22.70,25.45,52.18,30.31,0.8913,0.9787,0.8256,1
365,17,631.72,0.29,2.49,2.05,2.31,1.91,3.65,1440.00,22.70,24.88,46.26,28.94,0.9150,0.9842,0.8256,1
365,18,408.73,0.31,1.62,1.34,1.54,1.27,2.53,1440.00,22.70,24.21,38.92,26.89,0.9443,0.9924,0.8256,0
365,19,190.18,0.40,0.76,0.63,0.74,0.61,1.53,1440.00,22.70,23.61,31.92,24.67,0.9723,1.0013,0.8256,0
365,20,31.92,1.00,0.13,0.11,0.13,0.10,0.64,1440.00,22.70,23.08,26.94,23.91,0.9923,1.0044,0.8256,0
365,21,0.19,1.00,0.00,0.00,0.00,0.00,0.00,1440.00,22.70,22.70,25.97,25.95,0.9961,0.9962,0.8256,0
365,22,0.00,0.00,0.00,0.00,0.00,0.00,0.00,,22.70,,24.98,24.98,1.0001,1.0001,0.8256,0
365,23,0.00,0.00,0.00,0.00,0.00,0.00,0.00,,22.70,,25.15,25.15,0.9994,0.9994,0.8256,0
365,24,0.00,0.00,0.00,0.00,0.00,0.00,0.00,,22.70,,24.41,24.41,1.0024,1.0024,0.8256,0
1,1,0.00,0.00,0.00,0.00,0.00,0.00,0.00,,22.72,,24.34,24.34,1.0026,1.0026,0.8256,0
1,2,0.00,0.00,0.00,0.00,0.00,0.00,0.00,,22.72,,24.19,24.19,1.0032,1.0032,0.8256,0
1,3,0.00,0.00,0.00,0.00,0.00,0.00,0.00,,22.72,,23.63,23.63,1.0055,1.0055,0.8256,0
1,4,0.00,0.00,0.00,0.00,0.00,0.00,0.00,,22.72,,24.82,24.82,1.0007,1.0007,0.8256,0
1,5,0.00,0.00,0.00,0.00,0.00,0.00,0.00,,22.72,,24.76,24.76,1.0010,1.0010,0.8256,0
1,6,0.00,0.00,0.00,0.00,0.00,0.00,0.00,,22.72,,24.70,24.70,1.0012,1.0012,0.8256,0
1,7,30.57,0.90,0.12,0.10,0.12,0.10,0.55,1440.00,22.72,23.05,25.61,22.99,0.9976,1.0080,0.8256,0
1,8,61.94,0.55,0.25,0.21,0.25,0.20,0.69,1440.00,22.72,23.13,26.53,23.27,0.9939,1.0069,0.8256,0
1,9,352.28,0.29,1.40,1.16,1.35,1.11,2.04,1440.00,22.72,23.94,35.54,25.85,0.9578,0.9966,0.8256,0
1,10,591.98,0.27,2.34,1.93,2.20,1.81,3.16,1440.00,22.72,24.61,42.98,27.99,0.9281,0.9880,0.8256,0
1,11,794.67,0.26,3.12,2.57,2.87,2.37,4.09,1440.00,22.72,25.17,49.25,29.81,0.9030,0.9808,0.8256,1